sample_index,module,source_path,started_at_local,cache_class,command,return_code,timed_out,wall_seconds_observed,real_seconds,user_seconds,sys_seconds,max_rss_bytes,olean_bytes,olean_sha256,ilean_bytes,ilean_sha256,stdout_log,stderr_log,warning_count,error_count_text
1,NumStability,NumStability.lean,2026-09-03T12:01:15+0300,fresh target .olean/.ilean; exact cached imports,/usr/bin/time -lp lake env lean -o <library-repo>/tmp/library_audit/higham_v01-045daf2/timings/fresh_outputs/NumStability.olean -i <library-repo>/tmp/library_audit/higham_v01-045daf2/timings/fresh_outputs/NumStability.ilean <library-repo>/tmp/library_audit/higham_v01-045daf2/_worktree/NumStability.lean,0,false,28.255251,28.24,2.54,4.33,,2056,932e36fcb0d3b995729491d6c6928220459b85cc763600cf889587e39034d9f9,121,c4640ac168e58704eb74214a6f44ed0bbbb8bc8ae9690437a16a7533a1166ebd,timings/logs/01_NumStability.stdout.log,timings/logs/01_NumStability.stderr.log,0,0
2,NumStability.All,NumStability/All.lean,2026-09-03T12:01:43+0300,fresh target .olean/.ilean; exact cached imports,/usr/bin/time -lp lake env lean -o <library-repo>/tmp/library_audit/higham_v01-045daf2/timings/fresh_outputs/NumStability__All.olean -i <library-repo>/tmp/library_audit/higham_v01-045daf2/timings/fresh_outputs/NumStability__All.ilean <library-repo>/tmp/library_audit/higham_v01-045daf2/_worktree/NumStability/All.lean,0,false,14.796725,14.78,2.47,3.60,,2304,806a26251a68524b6533acc2d7fffa578ed44d9fbc711129c75b7bc8b62f120c,267,482158ab27a8bc64a999e6f7ef9187bbde93165a6db4c089d88deca778bfb7d6,timings/logs/02_NumStability__All.stdout.log,timings/logs/02_NumStability__All.stderr.log,0,0
3,NumStability.FloatingPoint,NumStability/FloatingPoint.lean,2026-09-03T12:01:58+0300,fresh target .olean/.ilean; exact cached imports,/usr/bin/time -lp lake env lean -o <library-repo>/tmp/library_audit/higham_v01-045daf2/timings/fresh_outputs/NumStability__FloatingPoint.olean -i <library-repo>/tmp/library_audit/higham_v01-045daf2/timings/fresh_outputs/NumStability__FloatingPoint.ilean <library-repo>/tmp/library_audit/higham_v01-045daf2/_worktree/NumStability/FloatingPoint.lean,0,false,3.513966,3.45,1.29,1.40,,2432,6ed80bd064a805794e273cce3069ffb6e0d1dde926a6dea51204ecce90cddd1e,338,020737cf79fcbbff466fec8b9e9f9d9b52114abe5be9feaa6833a56bd84b16b6,timings/logs/03_NumStability__FloatingPoint.stdout.log,timings/logs/03_NumStability__FloatingPoint.stderr.log,0,0
4,NumStability.Analysis,NumStability/Analysis.lean,2026-09-03T12:02:01+0300,fresh target .olean/.ilean; exact cached imports,/usr/bin/time -lp lake env lean -o <library-repo>/tmp/library_audit/higham_v01-045daf2/timings/fresh_outputs/NumStability__Analysis.olean -i <library-repo>/tmp/library_audit/higham_v01-045daf2/timings/fresh_outputs/NumStability__Analysis.ilean <library-repo>/tmp/library_audit/higham_v01-045daf2/_worktree/NumStability/Analysis.lean,0,false,12.348474,12.32,2.16,2.91,,27440,24591182240a0bf2c65761b69f6a4c5c81f35a6777a9e2b0c67b3b9ebd693180,12545,748ee97dae0dab0ecc13ce08acec262419c49fd5d2d6df98c6c0f8fb23de8e52,timings/logs/04_NumStability__Analysis.stdout.log,timings/logs/04_NumStability__Analysis.stderr.log,0,0
5,NumStability.Algorithms,NumStability/Algorithms.lean,2026-09-03T12:02:14+0300,fresh target .olean/.ilean; exact cached imports,/usr/bin/time -lp lake env lean -o <library-repo>/tmp/library_audit/higham_v01-045daf2/timings/fresh_outputs/NumStability__Algorithms.olean -i <library-repo>/tmp/library_audit/higham_v01-045daf2/timings/fresh_outputs/NumStability__Algorithms.ilean <library-repo>/tmp/library_audit/higham_v01-045daf2/_worktree/NumStability/Algorithms.lean,0,false,14.501871,14.45,2.52,3.34,,31552,8a0485ff76ae60638358588278bdcdec53ebe573e16f5ccad8f9bfd1d6a57bd5,14822,9bd488804ff4f8bfe44bd64556c0d3c23a50e9069501a163c4bc17a315967b7a,timings/logs/05_NumStability__Algorithms.stdout.log,timings/logs/05_NumStability__Algorithms.stderr.log,0,0
6,NumStability.Source,NumStability/Source.lean,2026-09-03T12:02:28+0300,fresh target .olean/.ilean; exact cached imports,/usr/bin/time -lp lake env lean -o <library-repo>/tmp/library_audit/higham_v01-045daf2/timings/fresh_outputs/NumStability__Source.olean -i <library-repo>/tmp/library_audit/higham_v01-045daf2/timings/fresh_outputs/NumStability__Source.ilean <library-repo>/tmp/library_audit/higham_v01-045daf2/_worktree/NumStability/Source.lean,0,false,6.458051,6.41,2.54,2.77,,12176,37c1b688f420f978716c665e2d064ea7e79ef4240fc244db48f40d1f533f5417,4021,72e1ff17dc04c64f8007632a5c95a2c3952521e275dcb977975252481cfa25eb,timings/logs/06_NumStability__Source.stdout.log,timings/logs/06_NumStability__Source.stderr.log,0,0
7,NumStability.Source.Higham,NumStability/Source/Higham.lean,2026-09-03T12:02:35+0300,fresh target .olean/.ilean; exact cached imports,/usr/bin/time -lp lake env lean -o <library-repo>/tmp/library_audit/higham_v01-045daf2/timings/fresh_outputs/NumStability__Source__Higham.olean -i <library-repo>/tmp/library_audit/higham_v01-045daf2/timings/fresh_outputs/NumStability__Source__Higham.ilean <library-repo>/tmp/library_audit/higham_v01-045daf2/_worktree/NumStability/Source/Higham.lean,0,false,4.929236,4.90,2.35,2.42,,14952,90952ba0df08416eb5d43c961b1a45b50369829808ab14d8011f712b76c36322,5693,d418e8e4a50be202fc7473fc94009f8b6de4666d28e879da3f6caf0c0366f332,timings/logs/07_NumStability__Source__Higham.stdout.log,timings/logs/07_NumStability__Source__Higham.stderr.log,0,0
8,NumStability.FloatingPoint.Model,NumStability/FloatingPoint/Model.lean,2026-09-03T12:02:40+0300,fresh target .olean/.ilean; exact cached imports,/usr/bin/time -lp lake env lean -o <library-repo>/tmp/library_audit/higham_v01-045daf2/timings/fresh_outputs/NumStability__FloatingPoint__Model.olean -i <library-repo>/tmp/library_audit/higham_v01-045daf2/timings/fresh_outputs/NumStability__FloatingPoint__Model.ilean <library-repo>/tmp/library_audit/higham_v01-045daf2/_worktree/NumStability/FloatingPoint/Model.lean,0,false,3.177014,3.15,1.81,1.27,,283528,86101c7c51fb0b157f6eb2d58271df4a62de39fe0ac6f4b1f655ccbeca36343f,9020,66557d8a011fe1717cacb1f2ff0146021af341432769239af31c0af21eaad00f,timings/logs/08_NumStability__FloatingPoint__Model.stdout.log,timings/logs/08_NumStability__FloatingPoint__Model.stderr.log,0,0
9,NumStability.FloatingPoint.FusedMultiplyAdd.Core,NumStability/FloatingPoint/FusedMultiplyAdd/Core.lean,2026-09-03T12:02:43+0300,fresh target .olean/.ilean; exact cached imports,/usr/bin/time -lp lake env lean -o <library-repo>/tmp/library_audit/higham_v01-045daf2/timings/fresh_outputs/NumStability__FloatingPoint__FusedMultiplyAdd__Core.olean -i <library-repo>/tmp/library_audit/higham_v01-045daf2/timings/fresh_outputs/NumStability__FloatingPoint__FusedMultiplyAdd__Core.ilean <library-repo>/tmp/library_audit/higham_v01-045daf2/_worktree/NumStability/FloatingPoint/FusedMultiplyAdd/Core.lean,0,false,2.647048,2.60,1.46,1.22,,69728,55bbffb47889013ccc450f414117673baffaed6c550747bae9cfee5c60928f77,14682,e769d310a5268971c3395bf4324ce1dee637ab06a470f272ce053a2437cc682a,timings/logs/09_NumStability__FloatingPoint__FusedMultiplyAdd__Core.stdout.log,timings/logs/09_NumStability__FloatingPoint__FusedMultiplyAdd__Core.stderr.log,0,0
10,NumStability.Analysis.FloatingPointArithmetic.Rounding,NumStability/Analysis/FloatingPointArithmetic/Rounding.lean,2026-09-03T12:02:45+0300,fresh target .olean/.ilean; exact cached imports,/usr/bin/time -lp lake env lean -o <library-repo>/tmp/library_audit/higham_v01-045daf2/timings/fresh_outputs/NumStability__Analysis__FloatingPointArithmetic__Rounding.olean -i <library-repo>/tmp/library_audit/higham_v01-045daf2/timings/fresh_outputs/NumStability__Analysis__FloatingPointArithmetic__Rounding.ilean <library-repo>/tmp/library_audit/higham_v01-045daf2/_worktree/NumStability/Analysis/FloatingPointArithmetic/Rounding.lean,0,false,15.987284,15.95,45.40,2.63,,4556912,5ea58ebb1bfdb207bd657734ed71cc28bc00e984b963453e91257857c27ed45a,843992,0b0d639f64b274f0e7f6692c25f7d865c8501487c90b80caa5800288ee874721,timings/logs/10_NumStability__Analysis__FloatingPointArithmetic__Rounding.stdout.log,timings/logs/10_NumStability__Analysis__FloatingPointArithmetic__Rounding.stderr.log,0,0
11,NumStability.Analysis.Error.RoundingProducts.Core,NumStability/Analysis/Error/RoundingProducts/Core.lean,2026-09-03T12:03:01+0300,fresh target .olean/.ilean; exact cached imports,/usr/bin/time -lp lake env lean -o <library-repo>/tmp/library_audit/higham_v01-045daf2/timings/fresh_outputs/NumStability__Analysis__Error__RoundingProducts__Core.olean -i <library-repo>/tmp/library_audit/higham_v01-045daf2/timings/fresh_outputs/NumStability__Analysis__Error__RoundingProducts__Core.ilean <library-repo>/tmp/library_audit/higham_v01-045daf2/_worktree/NumStability/Analysis/Error/RoundingProducts/Core.lean,0,false,9.486486,9.43,11.74,2.23,,760920,0c6f5551e5bddac9d781aecd18b22ba26c7149971de66b826d8c5076bd727352,33769,5a6d6a87cf54f7c27efb5779b25b0294a5d2e2b16c9e4aee5f0df1e719745294,timings/logs/11_NumStability__Analysis__Error__RoundingProducts__Core.stdout.log,timings/logs/11_NumStability__Analysis__Error__RoundingProducts__Core.stderr.log,0,0
12,NumStability.Analysis.MatrixNorms.Basic,NumStability/Analysis/MatrixNorms/Basic.lean,2026-09-03T12:03:11+0300,fresh target .olean/.ilean; exact cached imports,/usr/bin/time -lp lake env lean -o <library-repo>/tmp/library_audit/higham_v01-045daf2/timings/fresh_outputs/NumStability__Analysis__MatrixNorms__Basic.olean -i <library-repo>/tmp/library_audit/higham_v01-045daf2/timings/fresh_outputs/NumStability__Analysis__MatrixNorms__Basic.ilean <library-repo>/tmp/library_audit/higham_v01-045daf2/_worktree/NumStability/Analysis/MatrixNorms/Basic.lean,0,false,9.134601,9.10,12.38,1.99,,608392,e0753f6a67be8b3ff2fd3821c8c93c18282c75a180abdb974120eeb6ce14b0fb,156437,b527254bbaac47edd9fc5a4272fd69892b9fc7fe3b17dedddf51254720eed68a,timings/logs/12_NumStability__Analysis__MatrixNorms__Basic.stdout.log,timings/logs/12_NumStability__Analysis__MatrixNorms__Basic.stderr.log,0,0
13,NumStability.Analysis.VectorNorms.Basic,NumStability/Analysis/VectorNorms/Basic.lean,2026-09-03T12:03:20+0300,fresh target .olean/.ilean; exact cached imports,/usr/bin/time -lp lake env lean -o <library-repo>/tmp/library_audit/higham_v01-045daf2/timings/fresh_outputs/NumStability__Analysis__VectorNorms__Basic.olean -i <library-repo>/tmp/library_audit/higham_v01-045daf2/timings/fresh_outputs/NumStability__Analysis__VectorNorms__Basic.ilean <library-repo>/tmp/library_audit/higham_v01-045daf2/_worktree/NumStability/Analysis/VectorNorms/Basic.lean,0,false,10.774643,10.74,13.54,3.05,,1164240,d61470f7c0164c7eef656ac87246aa3d2547d35036990eeb2039a1380591e193,175492,22765bf441cefffe4f1231c241c0cd2f4df9395c2737c819072c59a78bc2ee20,timings/logs/13_NumStability__Analysis__VectorNorms__Basic.stdout.log,timings/logs/13_NumStability__Analysis__VectorNorms__Basic.stderr.log,0,0
14,NumStability.Analysis.Conditioning.InversePerturbation,NumStability/Analysis/Conditioning/InversePerturbation.lean,2026-09-03T12:03:31+0300,fresh target .olean/.ilean; exact cached imports,/usr/bin/time -lp lake env lean -o <library-repo>/tmp/library_audit/higham_v01-045daf2/timings/fresh_outputs/NumStability__Analysis__Conditioning__InversePerturbation.olean -i <library-repo>/tmp/library_audit/higham_v01-045daf2/timings/fresh_outputs/NumStability__Analysis__Conditioning__InversePerturbation.ilean <library-repo>/tmp/library_audit/higham_v01-045daf2/_worktree/NumStability/Analysis/Conditioning/InversePerturbation.lean,0,false,8.512678,8.47,14.58,2.60,,1702648,f155ccba84c96d0c9145aef2864069cd8dd0b499261eab71c2479cb8849201fa,289161,f761783f3c4aa0c150d7ce2635c683b21d6f546042025096bb35bcbc5b99767b,timings/logs/14_NumStability__Analysis__Conditioning__InversePerturbation.stdout.log,timings/logs/14_NumStability__Analysis__Conditioning__InversePerturbation.stderr.log,0,0
15,NumStability.Analysis.Perturbation.LeastSquares.Basic,NumStability/Analysis/Perturbation/LeastSquares/Basic.lean,2026-09-03T12:03:39+0300,fresh target .olean/.ilean; exact cached imports,/usr/bin/time -lp lake env lean -o <library-repo>/tmp/library_audit/higham_v01-045daf2/timings/fresh_outputs/NumStability__Analysis__Perturbation__LeastSquares__Basic.olean -i <library-repo>/tmp/library_audit/higham_v01-045daf2/timings/fresh_outputs/NumStability__Analysis__Perturbation__LeastSquares__Basic.ilean <library-repo>/tmp/library_audit/higham_v01-045daf2/_worktree/NumStability/Analysis/Perturbation/LeastSquares/Basic.lean,0,false,27.242943,27.23,72.99,4.12,,4790280,9788bc55fe4e371842acb95403cea06dcd853fda640e0ffe738c2ec3e2c94109,4701473,2d4a84aa18c4d6bf811c87c60d5a7a2c3f9f98cd58a7e31a301256b8fb2d74a3,timings/logs/15_NumStability__Analysis__Perturbation__LeastSquares__Basic.stdout.log,timings/logs/15_NumStability__Analysis__Perturbation__LeastSquares__Basic.stderr.log,0,0
16,NumStability.Algorithms.DotProduct,NumStability/Algorithms/DotProduct.lean,2026-09-03T12:04:07+0300,fresh target .olean/.ilean; exact cached imports,/usr/bin/time -lp lake env lean -o <library-repo>/tmp/library_audit/higham_v01-045daf2/timings/fresh_outputs/NumStability__Algorithms__DotProduct.olean -i <library-repo>/tmp/library_audit/higham_v01-045daf2/timings/fresh_outputs/NumStability__Algorithms__DotProduct.ilean <library-repo>/tmp/library_audit/higham_v01-045daf2/_worktree/NumStability/Algorithms/DotProduct.lean,0,false,5.985253,5.92,6.38,2.06,,1042312,bafcfacd1370c52c771c34bf880168440c7d5d8d701a31cce11f2aeefa3d57b4,65822,6fb8366e086ca99fded91d8f52909b9bb8e18892e9533c3071c34e7c73ad0685,timings/logs/16_NumStability__Algorithms__DotProduct.stdout.log,timings/logs/16_NumStability__Algorithms__DotProduct.stderr.log,0,0
17,NumStability.Algorithms.MatMul,NumStability/Algorithms/MatMul.lean,2026-09-03T12:04:13+0300,fresh target .olean/.ilean; exact cached imports,/usr/bin/time -lp lake env lean -o <library-repo>/tmp/library_audit/higham_v01-045daf2/timings/fresh_outputs/NumStability__Algorithms__MatMul.olean -i <library-repo>/tmp/library_audit/higham_v01-045daf2/timings/fresh_outputs/NumStability__Algorithms__MatMul.ilean <library-repo>/tmp/library_audit/higham_v01-045daf2/_worktree/NumStability/Algorithms/MatMul.lean,0,false,5.966273,5.94,8.06,2.28,,600016,46099def23a85e9e84de1613b817bc003b4b781eb32f40fe9203a3f11a09ea9e,80909,3b1b89ab0e2d10e2159d546a2a5f7b6c44ca138ecfdf324ea8bfa6bf1ec14d22,timings/logs/17_NumStability__Algorithms__MatMul.stdout.log,timings/logs/17_NumStability__Algorithms__MatMul.stderr.log,0,0
18,NumStability.Algorithms.MatMulBackwardError,NumStability/Algorithms/MatMulBackwardError.lean,2026-09-03T12:04:19+0300,fresh target .olean/.ilean; exact cached imports,/usr/bin/time -lp lake env lean -o <library-repo>/tmp/library_audit/higham_v01-045daf2/timings/fresh_outputs/NumStability__Algorithms__MatMulBackwardError.olean -i <library-repo>/tmp/library_audit/higham_v01-045daf2/timings/fresh_outputs/NumStability__Algorithms__MatMulBackwardError.ilean <library-repo>/tmp/library_audit/higham_v01-045daf2/_worktree/NumStability/Algorithms/MatMulBackwardError.lean,0,false,5.365907,5.31,6.21,1.97,,374784,57514326b0e618dd29df5d10e09de76b75e8f1a24b746dae46046e86d391e4d4,23791,0200565f164089e5e2b6f0cb3f2145c7ba97bdedeab0a4165be2007e8e8c3f96,timings/logs/18_NumStability__Algorithms__MatMulBackwardError.stdout.log,timings/logs/18_NumStability__Algorithms__MatMulBackwardError.stderr.log,0,0
19,NumStability.Algorithms.LU.LUSolve,NumStability/Algorithms/LU/LUSolve.lean,2026-09-03T12:04:24+0300,fresh target .olean/.ilean; exact cached imports,/usr/bin/time -lp lake env lean -o <library-repo>/tmp/library_audit/higham_v01-045daf2/timings/fresh_outputs/NumStability__Algorithms__LU__LUSolve.olean -i <library-repo>/tmp/library_audit/higham_v01-045daf2/timings/fresh_outputs/NumStability__Algorithms__LU__LUSolve.ilean <library-repo>/tmp/library_audit/higham_v01-045daf2/_worktree/NumStability/Algorithms/LU/LUSolve.lean,0,false,5.533206,5.49,4.90,2.12,,612912,3646ef904d8aa8de4689cb04699f57a1dbe2d408ce61bd7d46f66194c22e0309,31864,6889f36723c729c3345e6f08d8764ab725ee8b27898c0200aae6184e873b667c,timings/logs/19_NumStability__Algorithms__LU__LUSolve.stdout.log,timings/logs/19_NumStability__Algorithms__LU__LUSolve.stderr.log,0,0
20,NumStability.Algorithms.LinearSystems.QR.QRSolve,NumStability/Algorithms/LinearSystems/QR/QRSolve.lean,2026-09-03T12:04:29+0300,fresh target .olean/.ilean; exact cached imports,/usr/bin/time -lp lake env lean -o <library-repo>/tmp/library_audit/higham_v01-045daf2/timings/fresh_outputs/NumStability__Algorithms__LinearSystems__QR__QRSolve.olean -i <library-repo>/tmp/library_audit/higham_v01-045daf2/timings/fresh_outputs/NumStability__Algorithms__LinearSystems__QR__QRSolve.ilean <library-repo>/tmp/library_audit/higham_v01-045daf2/_worktree/NumStability/Algorithms/LinearSystems/QR/QRSolve.lean,0,false,11.509868,11.45,33.87,3.26,,3351440,0b227f43ddfc81077a3c409425258b6eead4222afad29785254b2ce1b2c92d4b,512406,86ec7ee3be4395f066a25e536d5d698ca2f2a194899497c623ecfb5e4ec55d9f,timings/logs/20_NumStability__Algorithms__LinearSystems__QR__QRSolve.stdout.log,timings/logs/20_NumStability__Algorithms__LinearSystems__QR__QRSolve.stderr.log,0,0
21,NumStability.Algorithms.Summation.Insertion.Schedule,NumStability/Algorithms/Summation/Insertion/Schedule.lean,2026-09-03T12:04:41+0300,fresh target .olean/.ilean; exact cached imports,/usr/bin/time -lp lake env lean -o <library-repo>/tmp/library_audit/higham_v01-045daf2/timings/fresh_outputs/NumStability__Algorithms__Summation__Insertion__Schedule.olean -i <library-repo>/tmp/library_audit/higham_v01-045daf2/timings/fresh_outputs/NumStability__Algorithms__Summation__Insertion__Schedule.ilean <library-repo>/tmp/library_audit/higham_v01-045daf2/_worktree/NumStability/Algorithms/Summation/Insertion/Schedule.lean,0,false,11.998482,11.96,30.14,2.40,,6665072,2f2da4b72de98cf659a5a1f3bec8f49a5bc39deda7b1fae7a686ff8aa5827606,915439,c0627d01afbde8988116f34476223afc19d8e8722fd06e65b75db630b3d1507a,timings/logs/21_NumStability__Algorithms__Summation__Insertion__Schedule.stdout.log,timings/logs/21_NumStability__Algorithms__Summation__Insertion__Schedule.stderr.log,0,0
22,NumStability.Algorithms.MatrixEquations.Sylvester.Solvers.QuasiTriangularBartelsStewart.BlockTraversal,NumStability/Algorithms/MatrixEquations/Sylvester/Solvers/QuasiTriangularBartelsStewart/BlockTraversal.lean,2026-09-03T12:04:53+0300,fresh target .olean/.ilean; exact cached imports,/usr/bin/time -lp lake env lean -o <library-repo>/tmp/library_audit/higham_v01-045daf2/timings/fresh_outputs/NumStability__Algorithms__MatrixEquations__Sylvester__Solvers__QuasiTriangularBartelsStewart__BlockTraversal.olean -i <library-repo>/tmp/library_audit/higham_v01-045daf2/timings/fresh_outputs/NumStability__Algorithms__MatrixEquations__Sylvester__Solvers__QuasiTriangularBartelsStewart__BlockTraversal.ilean <library-repo>/tmp/library_audit/higham_v01-045daf2/_worktree/NumStability/Algorithms/MatrixEquations/Sylvester/Solvers/QuasiTriangularBartelsStewart/BlockTraversal.lean,0,false,15.626339,15.57,33.86,3.20,,4409560,135bd321355fe514031ec5f90415b3f3e3b6eb8508358f1a57d8dab98b67a550,959677,2986c12ebcb60577b2eeb28d9f959d810ebebb9586db143a0f0d2645b4f9803e,timings/logs/22_NumStability__Algorithms__MatrixEquations__Sylvester__Solvers__QuasiTriangularBartelsStewart__BlockTraversal.stdout.log,timings/logs/22_NumStability__Algorithms__MatrixEquations__Sylvester__Solvers__QuasiTriangularBartelsStewart__BlockTraversal.stderr.log,0,0
23,NumStability.Source.Higham.Chapter09,NumStability/Source/Higham/Chapter09.lean,2026-09-03T12:05:09+0300,fresh target .olean/.ilean; exact cached imports,/usr/bin/time -lp lake env lean -o <library-repo>/tmp/library_audit/higham_v01-045daf2/timings/fresh_outputs/NumStability__Source__Higham__Chapter09.olean -i <library-repo>/tmp/library_audit/higham_v01-045daf2/timings/fresh_outputs/NumStability__Source__Higham__Chapter09.ilean <library-repo>/tmp/library_audit/higham_v01-045daf2/_worktree/NumStability/Source/Higham/Chapter09.lean,0,false,7.344529,7.32,2.19,2.51,,4776,164aa805ca59e629b36f5715195ef0b8296b063c1254abfcee1ceb1513045a75,1750,26bdd41bad4099d0a1ba088d51a151e1a9e08704deb7769097c610c7764f5503,timings/logs/23_NumStability__Source__Higham__Chapter09.stdout.log,timings/logs/23_NumStability__Source__Higham__Chapter09.stderr.log,0,0
24,NumStability.Source.Higham.Chapter12,NumStability/Source/Higham/Chapter12.lean,2026-09-03T12:05:16+0300,fresh target .olean/.ilean; exact cached imports,/usr/bin/time -lp lake env lean -o <library-repo>/tmp/library_audit/higham_v01-045daf2/timings/fresh_outputs/NumStability__Source__Higham__Chapter12.olean -i <library-repo>/tmp/library_audit/higham_v01-045daf2/timings/fresh_outputs/NumStability__Source__Higham__Chapter12.ilean <library-repo>/tmp/library_audit/higham_v01-045daf2/_worktree/NumStability/Source/Higham/Chapter12.lean,0,false,3.708636,3.69,1.86,1.76,,2696,8ce7bc4238a79e4bf9fda2bd5847c179d1daccda3398d98819305a6d3b7b9ed9,349,3684185ab85ac60f15bbc85d7c67e839b40968a3c7145e8aaeaa5fc5d26d8672,timings/logs/24_NumStability__Source__Higham__Chapter12.stdout.log,timings/logs/24_NumStability__Source__Higham__Chapter12.stderr.log,0,0
25,NumStability.Source.Higham.Chapter09.Section11,NumStability/Source/Higham/Chapter09/Section11.lean,2026-09-03T12:05:20+0300,fresh target .olean/.ilean; exact cached imports,/usr/bin/time -lp lake env lean -o <library-repo>/tmp/library_audit/higham_v01-045daf2/timings/fresh_outputs/NumStability__Source__Higham__Chapter09__Section11.olean -i <library-repo>/tmp/library_audit/higham_v01-045daf2/timings/fresh_outputs/NumStability__Source__Higham__Chapter09__Section11.ilean <library-repo>/tmp/library_audit/higham_v01-045daf2/_worktree/NumStability/Source/Higham/Chapter09/Section11.lean,0,false,61.048853,61.01,127.49,6.05,,6419368,8807de1aa2bebd8599df2f277ede2f53e798fcf75bf3234b3ed0a21388268d95,8620111,35733ff701cd767b09edc80f0bd486c1f03d7e49385e1e48d277a90d9991f29a,timings/logs/25_NumStability__Source__Higham__Chapter09__Section11.stdout.log,timings/logs/25_NumStability__Source__Higham__Chapter09__Section11.stderr.log,0,0
26,NumStability.Source.Higham.Chapter11.Section01.Tridiagonal,NumStability/Source/Higham/Chapter11/Section01/Tridiagonal.lean,2026-09-03T12:06:21+0300,fresh target .olean/.ilean; exact cached imports,/usr/bin/time -lp lake env lean -o <library-repo>/tmp/library_audit/higham_v01-045daf2/timings/fresh_outputs/NumStability__Source__Higham__Chapter11__Section01__Tridiagonal.olean -i <library-repo>/tmp/library_audit/higham_v01-045daf2/timings/fresh_outputs/NumStability__Source__Higham__Chapter11__Section01__Tridiagonal.ilean <library-repo>/tmp/library_audit/higham_v01-045daf2/_worktree/NumStability/Source/Higham/Chapter11/Section01/Tridiagonal.lean,0,false,57.722415,57.66,130.13,6.19,,9645184,3a879a60645d1f19f7b8d0dffd648651a92c3b2d7fa9474b9f4d2f419e1d0a5e,10557350,7f9051fa21c0f20d0a69e0295846e0443a3c3838b951a6000d2902376da7a752,timings/logs/26_NumStability__Source__Higham__Chapter11__Section01__Tridiagonal.stdout.log,timings/logs/26_NumStability__Source__Higham__Chapter11__Section01__Tridiagonal.stderr.log,0,0
27,NumStability.Source.Higham.Chapter19.Core,NumStability/Source/Higham/Chapter19/Core.lean,2026-09-03T12:07:18+0300,fresh target .olean/.ilean; exact cached imports,/usr/bin/time -lp lake env lean -o <library-repo>/tmp/library_audit/higham_v01-045daf2/timings/fresh_outputs/NumStability__Source__Higham__Chapter19__Core.olean -i <library-repo>/tmp/library_audit/higham_v01-045daf2/timings/fresh_outputs/NumStability__Source__Higham__Chapter19__Core.ilean <library-repo>/tmp/library_audit/higham_v01-045daf2/_worktree/NumStability/Source/Higham/Chapter19/Core.lean,0,false,45.895579,45.86,91.97,4.86,,8570992,27fe28c357307e244f6047b1bdf256ed876712ef594631b98140115eba3941ee,6512600,5595ba54065f686b01d14f2f43722ce74eb1e7e87dd043203e55a9b643133735,timings/logs/27_NumStability__Source__Higham__Chapter19__Core.stdout.log,timings/logs/27_NumStability__Source__Higham__Chapter19__Core.stderr.log,0,0
28,NumStability.Source.Higham.Chapter20.Theorem03.QRSolve,NumStability/Source/Higham/Chapter20/Theorem03/QRSolve.lean,2026-09-03T12:08:04+0300,fresh target .olean/.ilean; exact cached imports,/usr/bin/time -lp lake env lean -o <library-repo>/tmp/library_audit/higham_v01-045daf2/timings/fresh_outputs/NumStability__Source__Higham__Chapter20__Theorem03__QRSolve.olean -i <library-repo>/tmp/library_audit/higham_v01-045daf2/timings/fresh_outputs/NumStability__Source__Higham__Chapter20__Theorem03__QRSolve.ilean <library-repo>/tmp/library_audit/higham_v01-045daf2/_worktree/NumStability/Source/Higham/Chapter20/Theorem03/QRSolve.lean,0,false,52.124215,52.10,191.48,9.05,,14617712,ece9e4559059fc3e3846d00b2518ffadc8ae7fa0cb9f86c750d0c1c1872a4ffe,3866240,b59ab3610a405b871233a61f99eb600a2bdfe8b14281bd3b76cfc1915a26316b,timings/logs/28_NumStability__Source__Higham__Chapter20__Theorem03__QRSolve.stdout.log,timings/logs/28_NumStability__Source__Higham__Chapter20__Theorem03__QRSolve.stderr.log,0,0
29,NumStability.Source.Higham.Chapter12.IterativeRefinement.Results.Theorems,NumStability/Source/Higham/Chapter12/IterativeRefinement/Results/Theorems.lean,2026-09-03T12:08:57+0300,fresh target .olean/.ilean; exact cached imports,/usr/bin/time -lp lake env lean -o <library-repo>/tmp/library_audit/higham_v01-045daf2/timings/fresh_outputs/NumStability__Source__Higham__Chapter12__IterativeRefinement__Results__Theorems.olean -i <library-repo>/tmp/library_audit/higham_v01-045daf2/timings/fresh_outputs/NumStability__Source__Higham__Chapter12__IterativeRefinement__Results__Theorems.ilean <library-repo>/tmp/library_audit/higham_v01-045daf2/_worktree/NumStability/Source/Higham/Chapter12/IterativeRefinement/Results/Theorems.lean,0,false,8.851800,8.80,4.64,2.20,,523848,80b148152fc67a5dead51c15d5090fb9e283726fab325a0b4a2f206b9b281803,62738,a2061da3de60bf40d0146bb6bc9563b6d9d3420b8a28ce4db438c5694c0597ca,timings/logs/29_NumStability__Source__Higham__Chapter12__IterativeRefinement__Results__Theorems.stdout.log,timings/logs/29_NumStability__Source__Higham__Chapter12__IterativeRefinement__Results__Theorems.stderr.log,0,0
30,NumStability.Source.Higham.Chapter03.Lemma01.RoundingProducts.All,NumStability/Source/Higham/Chapter03/Lemma01/RoundingProducts/All.lean,2026-09-03T12:09:05+0300,fresh target .olean/.ilean; exact cached imports,/usr/bin/time -lp lake env lean -o <library-repo>/tmp/library_audit/higham_v01-045daf2/timings/fresh_outputs/NumStability__Source__Higham__Chapter03__Lemma01__RoundingProducts__All.olean -i <library-repo>/tmp/library_audit/higham_v01-045daf2/timings/fresh_outputs/NumStability__Source__Higham__Chapter03__Lemma01__RoundingProducts__All.ilean <library-repo>/tmp/library_audit/higham_v01-045daf2/_worktree/NumStability/Source/Higham/Chapter03/Lemma01/RoundingProducts/All.lean,0,false,3.698758,3.67,1.81,1.71,,2176,d2d3b5d1c51a2f30b6c14b9e9a80455bb928a57b063cf7cd25a27a1edb405aaa,206,3982c5374f36c5bf8008ac0643ed2950729eca76496483b3a4ca62fedaf67d11,timings/logs/30_NumStability__Source__Higham__Chapter03__Lemma01__RoundingProducts__All.stdout.log,timings/logs/30_NumStability__Source__Higham__Chapter03__Lemma01__RoundingProducts__All.stderr.log,0,0
