name,module,kind,is_internal,is_private,is_reserved_name,has_body,is_unsafe,is_partial,is_instance,is_structure,is_class,reducibility_kind,has_docstring,range_start_line,range_start_column,range_end_line,range_end_column,selection_start_line,selection_start_column,selection_end_line,selection_end_column,classification,classification_explanation
NumStability.SumTree.inverseEvalModel._unsafe_rec,NumStability.Algorithms.Summation.Tree.Core,definition,true,false,false,true,false,true,false,false,false,opaque_hint,false,,,,,,,,,lean_generated_internal_partial_recursion_helper,Lean-generated internal _unsafe_rec implementation helper; not an explicitly source-written public partial declaration and not a proof placeholder
NumStability.SumTree.runningErrorContribution._unsafe_rec,NumStability.Algorithms.Summation.Tree.Core,definition,true,false,false,true,false,true,false,false,false,opaque_hint,false,,,,,,,,,lean_generated_internal_partial_recursion_helper,Lean-generated internal _unsafe_rec implementation helper; not an explicitly source-written public partial declaration and not a proof placeholder
NumStability.SumTree.depth._unsafe_rec,NumStability.Algorithms.Summation.Tree.Core,definition,true,false,false,true,false,true,false,false,false,opaque_hint,false,,,,,,,,,lean_generated_internal_partial_recursion_helper,Lean-generated internal _unsafe_rec implementation helper; not an explicitly source-written public partial declaration and not a proof placeholder
NumStability.SumTree.numAdds._unsafe_rec,NumStability.Algorithms.Summation.Tree.Core,definition,true,false,false,true,false,true,false,false,false,opaque_hint,false,,,,,,,,,lean_generated_internal_partial_recursion_helper,Lean-generated internal _unsafe_rec implementation helper; not an explicitly source-written public partial declaration and not a proof placeholder
NumStability.nonsymPDGEPivotsPos._unsafe_rec,NumStability.Algorithms.LinearSystems.LU.NonsymmetricPositiveDefinite.Basic,definition,true,false,false,true,false,true,false,false,false,opaque_hint,false,,,,,,,,,lean_generated_internal_partial_recursion_helper,Lean-generated internal _unsafe_rec implementation helper; not an explicitly source-written public partial declaration and not a proof placeholder
NumStability.Higham23BiniNormLe._unsafe_rec,NumStability.Source.Higham.Chapter23.BiniLotti.RecursiveAlgebra,definition,true,false,false,true,false,true,false,false,false,opaque_hint,false,,,,,,,,,lean_generated_internal_partial_recursion_helper,Lean-generated internal _unsafe_rec implementation helper; not an explicitly source-written public partial declaration and not a proof placeholder
NumStability.Higham23BiniMatrix._unsafe_rec,NumStability.Source.Higham.Chapter23.BiniLotti.RecursiveAlgebra,definition,true,false,false,true,false,true,false,false,false,opaque_hint,false,,,,,,,,,lean_generated_internal_partial_recursion_helper,Lean-generated internal _unsafe_rec implementation helper; not an explicitly source-written public partial declaration and not a proof placeholder
NumStability.Higham23BiniErrorLe._unsafe_rec,NumStability.Source.Higham.Chapter23.BiniLotti.RecursiveAlgebra,definition,true,false,false,true,false,true,false,false,false,opaque_hint,false,,,,,,,,,lean_generated_internal_partial_recursion_helper,Lean-generated internal _unsafe_rec implementation helper; not an explicitly source-written public partial declaration and not a proof placeholder
NumStability.higham23StrassenCosts._unsafe_rec,NumStability.Source.Higham.Chapter23.BlockAlgorithms,definition,true,false,false,true,false,true,false,false,false,opaque_hint,false,,,,,,,,,lean_generated_internal_partial_recursion_helper,Lean-generated internal _unsafe_rec implementation helper; not an explicitly source-written public partial declaration and not a proof placeholder
NumStability.Higham23RecursiveMatrix._unsafe_rec,NumStability.Source.Higham.Chapter23.Theorem02.RecursiveMatrix,definition,true,false,false,true,false,true,false,false,false,opaque_hint,false,,,,,,,,,lean_generated_internal_partial_recursion_helper,Lean-generated internal _unsafe_rec implementation helper; not an explicitly source-written public partial declaration and not a proof placeholder
NumStability.higham23Problem23_8InverseCost._unsafe_rec,NumStability.Source.Higham.Chapter23.Problem08,definition,true,false,false,true,false,true,false,false,false,opaque_hint,false,,,,,,,,,lean_generated_internal_partial_recursion_helper,Lean-generated internal _unsafe_rec implementation helper; not an explicitly source-written public partial declaration and not a proof placeholder
NumStability.Higham23RecursiveErrorLe._unsafe_rec,NumStability.Source.Higham.Chapter23.Theorem02.ErrorRelations,definition,true,false,false,true,false,true,false,false,false,opaque_hint,false,,,,,,,,,lean_generated_internal_partial_recursion_helper,Lean-generated internal _unsafe_rec implementation helper; not an explicitly source-written public partial declaration and not a proof placeholder
NumStability.Higham23RecursiveMaxNormLe._unsafe_rec,NumStability.Source.Higham.Chapter23.Theorem02.ErrorRelations,definition,true,false,false,true,false,true,false,false,false,opaque_hint,false,,,,,,,,,lean_generated_internal_partial_recursion_helper,Lean-generated internal _unsafe_rec implementation helper; not an explicitly source-written public partial declaration and not a proof placeholder
NumStability.residualAccumBound._unsafe_rec,NumStability.Algorithms.LinearSystems.QR.HouseholderQR,definition,true,false,false,true,false,true,false,false,false,opaque_hint,false,,,,,,,,,lean_generated_internal_partial_recursion_helper,Lean-generated internal _unsafe_rec implementation helper; not an explicitly source-written public partial declaration and not a proof placeholder
NumStability.HouseholderQRPanelReady._unsafe_rec,NumStability.Algorithms.LinearSystems.QR.HouseholderQR,definition,true,false,false,true,false,true,false,false,false,opaque_hint,false,,,,,,,,,lean_generated_internal_partial_recursion_helper,Lean-generated internal _unsafe_rec implementation helper; not an explicitly source-written public partial declaration and not a proof placeholder
NumStability.scalarAffineGrowthBudget._unsafe_rec,NumStability.Algorithms.LinearSystems.QR.Householder.TrailingPanels,definition,true,false,false,true,false,true,false,false,false,opaque_hint,false,,,,,,,,,lean_generated_internal_partial_recursion_helper,Lean-generated internal _unsafe_rec implementation helper; not an explicitly source-written public partial declaration and not a proof placeholder
NumStability.mgsHouseholderApplyPrefix._unsafe_rec,NumStability.Algorithms.LinearSystems.QR.GramSchmidt,definition,true,false,false,true,false,true,false,false,false,opaque_hint,false,,,,,,,,,lean_generated_internal_partial_recursion_helper,Lean-generated internal _unsafe_rec implementation helper; not an explicitly source-written public partial declaration and not a proof placeholder
NumStability.modifiedGramSchmidtVectors._unsafe_rec,NumStability.Algorithms.LinearSystems.QR.GramSchmidt,definition,true,false,false,true,false,true,false,false,false,opaque_hint,false,,,,,,,,,lean_generated_internal_partial_recursion_helper,Lean-generated internal _unsafe_rec implementation helper; not an explicitly source-written public partial declaration and not a proof placeholder
NumStability.modifiedGramSchmidtStepRProduct._unsafe_rec,NumStability.Algorithms.LinearSystems.QR.GramSchmidt,definition,true,false,false,true,false,true,false,false,false,opaque_hint,false,,,,,,,,,lean_generated_internal_partial_recursion_helper,Lean-generated internal _unsafe_rec implementation helper; not an explicitly source-written public partial declaration and not a proof placeholder
NumStability.mgsHouseholderApplyReversePrefix._unsafe_rec,NumStability.Algorithms.LinearSystems.QR.GramSchmidt,definition,true,false,false,true,false,true,false,false,false,opaque_hint,false,,,,,,,,,lean_generated_internal_partial_recursion_helper,Lean-generated internal _unsafe_rec implementation helper; not an explicitly source-written public partial declaration and not a proof placeholder
H19.Theorem19_13.storedSignedSequenceTwiceTrailingSourceClosureData._unsafe_rec,NumStability.Source.Higham.Chapter19.Core,definition,true,false,false,true,false,true,false,false,false,opaque_hint,false,,,,,,,,,lean_generated_internal_partial_recursion_helper,Lean-generated internal _unsafe_rec implementation helper; not an explicitly source-written public partial declaration and not a proof placeholder
H19.Theorem19_13.storedSignedSequenceTwiceTrailingClosureData._unsafe_rec,NumStability.Source.Higham.Chapter19.Core,definition,true,false,false,true,false,true,false,false,false,opaque_hint,false,,,,,,,,,lean_generated_internal_partial_recursion_helper,Lean-generated internal _unsafe_rec implementation helper; not an explicitly source-written public partial declaration and not a proof placeholder
H19.Theorem19_13.storedSignedSequenceTailNormalizedLoopRawFacts._unsafe_rec,NumStability.Source.Higham.Chapter19.Core,definition,true,false,false,true,false,true,false,false,false,opaque_hint,false,,,,,,,,,lean_generated_internal_partial_recursion_helper,Lean-generated internal _unsafe_rec implementation helper; not an explicitly source-written public partial declaration and not a proof placeholder
H19.Theorem19_13.storedSignedSequenceTwiceTrailingFullStageSourceClosureData._unsafe_rec,NumStability.Source.Higham.Chapter19.Core,definition,true,false,false,true,false,true,false,false,false,opaque_hint,false,,,,,,,,,lean_generated_internal_partial_recursion_helper,Lean-generated internal _unsafe_rec implementation helper; not an explicitly source-written public partial declaration and not a proof placeholder
H19.Theorem19_13.storedSignedSequenceTailNormalizedLoopVectorEqFacts_exactWithUnitRoundoff._unsafe_rec,NumStability.Source.Higham.Chapter19.Core,definition,true,false,false,true,false,true,false,false,false,opaque_hint,false,,,,,,,,,lean_generated_internal_partial_recursion_helper,Lean-generated internal _unsafe_rec implementation helper; not an explicitly source-written public partial declaration and not a proof placeholder
H19.Theorem19_13.storedSignedSequenceTailNormalizedLoopRecords._unsafe_rec,NumStability.Source.Higham.Chapter19.Core,definition,true,false,false,true,false,true,false,false,false,opaque_hint,false,,,,,,,,,lean_generated_internal_partial_recursion_helper,Lean-generated internal _unsafe_rec implementation helper; not an explicitly source-written public partial declaration and not a proof placeholder
H19.Theorem19_13.storedSignedSequenceTailSourceFaithfulNormalizations._unsafe_rec,NumStability.Source.Higham.Chapter19.Core,definition,true,false,false,true,false,true,false,false,false,opaque_hint,false,,,,,,,,,lean_generated_internal_partial_recursion_helper,Lean-generated internal _unsafe_rec implementation helper; not an explicitly source-written public partial declaration and not a proof placeholder
H19.Theorem19_13.storedSignedSequenceFullStageNormalizedLoopFacts._unsafe_rec,NumStability.Source.Higham.Chapter19.Core,definition,true,false,false,true,false,true,false,false,false,opaque_hint,false,,,,,,,,,lean_generated_internal_partial_recursion_helper,Lean-generated internal _unsafe_rec implementation helper; not an explicitly source-written public partial declaration and not a proof placeholder
H19.Theorem19_13.storedSignedSequenceTailNormalizedLoopVectorEqFacts._unsafe_rec,NumStability.Source.Higham.Chapter19.Core,definition,true,false,false,true,false,true,false,false,false,opaque_hint,false,,,,,,,,,lean_generated_internal_partial_recursion_helper,Lean-generated internal _unsafe_rec implementation helper; not an explicitly source-written public partial declaration and not a proof placeholder
NumStability.Higham13VaryingBlockUnitLower._unsafe_rec,NumStability.Algorithms.LinearSystems.LU.BlockLU.VaryingBlocks.Basic,definition,true,false,false,true,false,true,false,false,false,opaque_hint,false,,,,,,,,,lean_generated_internal_partial_recursion_helper,Lean-generated internal _unsafe_rec implementation helper; not an explicitly source-written public partial declaration and not a proof placeholder
NumStability.Higham13VaryingBlockUpper._unsafe_rec,NumStability.Algorithms.LinearSystems.LU.BlockLU.VaryingBlocks.Basic,definition,true,false,false,true,false,true,false,false,false,opaque_hint,false,,,,,,,,,lean_generated_internal_partial_recursion_helper,Lean-generated internal _unsafe_rec implementation helper; not an explicitly source-written public partial declaration and not a proof placeholder
NumStability.AllOnePivots._unsafe_rec,NumStability.Algorithms.LinearSystems.SymmetricIndefinite.ErrorAnalysis.BlockLDLTStep,definition,true,false,false,true,false,true,false,false,false,opaque_hint,false,,,,,,,,,lean_generated_internal_partial_recursion_helper,Lean-generated internal _unsafe_rec implementation helper; not an explicitly source-written public partial declaration and not a proof placeholder
NumStability.Ch11Closure.TriGrowthInv.stages._unsafe_rec,NumStability.Algorithms.LinearSystems.SymmetricIndefinite.BlockLDLT.BunchTridiagonalGrowthInvariant,definition,true,false,false,true,false,true,false,false,false,opaque_hint,false,,,,,,,,,lean_generated_internal_partial_recursion_helper,Lean-generated internal _unsafe_rec implementation helper; not an explicitly source-written public partial declaration and not a proof placeholder
NumStability.Ch11Closure.TriGrowthInv.TriGrowthData._unsafe_rec,NumStability.Algorithms.LinearSystems.SymmetricIndefinite.BlockLDLT.BunchTridiagonalGrowthInvariant,definition,true,false,false,true,false,true,false,false,false,opaque_hint,false,,,,,,,,,lean_generated_internal_partial_recursion_helper,Lean-generated internal _unsafe_rec implementation helper; not an explicitly source-written public partial declaration and not a proof placeholder
NumStability.Ch11Closure.TriGrowthInv.TriGrowthBounded._unsafe_rec,NumStability.Algorithms.LinearSystems.SymmetricIndefinite.BlockLDLT.BunchTridiagonalGrowthInvariant,definition,true,false,false,true,false,true,false,false,false,opaque_hint,false,,,,,,,,,lean_generated_internal_partial_recursion_helper,Lean-generated internal _unsafe_rec implementation helper; not an explicitly source-written public partial declaration and not a proof placeholder
NumStability.Ch11Closure.TriGrowthInv.BunchTridiagonalScalarNoBreakdown._unsafe_rec,NumStability.Algorithms.LinearSystems.SymmetricIndefinite.BlockLDLT.BunchTridiagonalGrowthInvariant,definition,true,false,false,true,false,true,false,false,false,opaque_hint,false,,,,,,,,,lean_generated_internal_partial_recursion_helper,Lean-generated internal _unsafe_rec implementation helper; not an explicitly source-written public partial declaration and not a proof placeholder
_private.NumStability.Algorithms.Summation.Tree.Chain.0.NumStability.SumTree.chainTree'._unsafe_rec,NumStability.Algorithms.Summation.Tree.Chain,definition,true,true,false,true,false,true,false,false,false,opaque_hint,false,,,,,,,,,lean_generated_internal_partial_recursion_helper,Lean-generated internal _unsafe_rec implementation helper; not an explicitly source-written public partial declaration and not a proof placeholder
NumStability.Ch11Closure.BunchTriActual.BunchMiddleSolveNoBreakdown._unsafe_rec,NumStability.Source.Higham.Chapter11.BunchTridiagonalActualSolve,definition,true,false,false,true,false,true,false,false,false,opaque_hint,false,,,,,,,,,lean_generated_internal_partial_recursion_helper,Lean-generated internal _unsafe_rec implementation helper; not an explicitly source-written public partial declaration and not a proof placeholder
NumStability.Wave16.flGEPivots._unsafe_rec,NumStability.Algorithms.MatrixEquations.Sylvester.Solvers.QuasiTriangularBartelsStewart.SmallSystemRounding,definition,true,false,false,true,false,true,false,false,false,opaque_hint,false,,,,,,,,,lean_generated_internal_partial_recursion_helper,Lean-generated internal _unsafe_rec implementation helper; not an explicitly source-written public partial declaration and not a proof placeholder
NumStability.Wave16.flGECompletePivots._unsafe_rec,NumStability.Algorithms.MatrixEquations.Sylvester.Solvers.PivotedSmallBlocks.CompletePivot,definition,true,false,false,true,false,true,false,false,false,opaque_hint,false,,,,,,,,,lean_generated_internal_partial_recursion_helper,Lean-generated internal _unsafe_rec implementation helper; not an explicitly source-written public partial declaration and not a proof placeholder
NumStability.lejaGreedyFlopCount._unsafe_rec,NumStability.Source.Higham.Chapter05.Section03.LejaOrdering.Basic,definition,true,false,false,true,false,true,false,false,false,opaque_hint,false,,,,,,,,,lean_generated_internal_partial_recursion_helper,Lean-generated internal _unsafe_rec implementation helper; not an explicitly source-written public partial declaration and not a proof placeholder
NumStability.hornerSyntheticQuotientFold._unsafe_rec,NumStability.Source.Higham.Chapter05.Section02.DerivativeEvaluation.SyntheticDivision,definition,true,false,false,true,false,true,false,false,false,opaque_hint,false,,,,,,,,,lean_generated_internal_partial_recursion_helper,Lean-generated internal _unsafe_rec implementation helper; not an explicitly source-written public partial declaration and not a proof placeholder
NumStability.kahanAffineCorrectionIndexedBudget._unsafe_rec,NumStability.Algorithms.Summation.Compensated.Kahan.Coefficients.Affine,definition,true,false,false,true,false,true,false,false,false,opaque_hint,false,,,,,,,,,lean_generated_internal_partial_recursion_helper,Lean-generated internal _unsafe_rec implementation helper; not an explicitly source-written public partial declaration and not a proof placeholder
NumStability.kahanAffineResidualUnroll._unsafe_rec,NumStability.Algorithms.Summation.Compensated.Kahan.Coefficients.Affine,definition,true,false,false,true,false,true,false,false,false,opaque_hint,false,,,,,,,,,lean_generated_internal_partial_recursion_helper,Lean-generated internal _unsafe_rec implementation helper; not an explicitly source-written public partial declaration and not a proof placeholder
NumStability.kahanAffineCoeffTailProd._unsafe_rec,NumStability.Algorithms.Summation.Compensated.Kahan.Coefficients.Affine,definition,true,false,false,true,false,true,false,false,false,opaque_hint,false,,,,,,,,,lean_generated_internal_partial_recursion_helper,Lean-generated internal _unsafe_rec implementation helper; not an explicitly source-written public partial declaration and not a proof placeholder
NumStability.kahanAffineCorrectionUnroll._unsafe_rec,NumStability.Algorithms.Summation.Compensated.Kahan.Coefficients.Affine,definition,true,false,false,true,false,true,false,false,false,opaque_hint,false,,,,,,,,,lean_generated_internal_partial_recursion_helper,Lean-generated internal _unsafe_rec implementation helper; not an explicitly source-written public partial declaration and not a proof placeholder
NumStability.kahanAffineCorrectionAbsUnroll._unsafe_rec,NumStability.Algorithms.Summation.Compensated.Kahan.Coefficients.Affine,definition,true,false,false,true,false,true,false,false,false,opaque_hint,false,,,,,,,,,lean_generated_internal_partial_recursion_helper,Lean-generated internal _unsafe_rec implementation helper; not an explicitly source-written public partial declaration and not a proof placeholder
NumStability.kahanAffineInputUnroll._unsafe_rec,NumStability.Algorithms.Summation.Compensated.Kahan.Coefficients.Affine,definition,true,false,false,true,false,true,false,false,false,opaque_hint,false,,,,,,,,,lean_generated_internal_partial_recursion_helper,Lean-generated internal _unsafe_rec implementation helper; not an explicitly source-written public partial declaration and not a proof placeholder
NumStability.kahanCoupledSourceUnroll._unsafe_rec,NumStability.Algorithms.Summation.Compensated.Kahan.Coefficients.Coupled,definition,true,false,false,true,false,true,false,false,false,opaque_hint,false,,,,,,,,,lean_generated_internal_partial_recursion_helper,Lean-generated internal _unsafe_rec implementation helper; not an explicitly source-written public partial declaration and not a proof placeholder
NumStability.kahanCoupledPairedCoeffMajorant._unsafe_rec,NumStability.Algorithms.Summation.Compensated.Kahan.Coefficients.Coupled,definition,true,false,false,true,false,true,false,false,false,opaque_hint,false,,,,,,,,,lean_generated_internal_partial_recursion_helper,Lean-generated internal _unsafe_rec implementation helper; not an explicitly source-written public partial declaration and not a proof placeholder
NumStability.IncreasingAbsList._unsafe_rec,NumStability.Algorithms.Summation.Insertion.ActiveList,definition,true,false,false,true,false,true,false,false,false,opaque_hint,false,,,,,,,,,lean_generated_internal_partial_recursion_helper,Lean-generated internal _unsafe_rec implementation helper; not an explicitly source-written public partial declaration and not a proof placeholder
NumStability.InsertionScheduleTree.maxLeafDepth._unsafe_rec,NumStability.Algorithms.Summation.Insertion.Schedule,definition,true,false,false,true,false,true,false,false,false,opaque_hint,false,,,,,,,,,lean_generated_internal_partial_recursion_helper,Lean-generated internal _unsafe_rec implementation helper; not an explicitly source-written public partial declaration and not a proof placeholder
NumStability.InsertionScheduleTree.leafVector._unsafe_rec,NumStability.Algorithms.Summation.Insertion.Schedule,definition,true,false,false,true,false,true,false,false,false,opaque_hint,false,,,,,,,,,lean_generated_internal_partial_recursion_helper,Lean-generated internal _unsafe_rec implementation helper; not an explicitly source-written public partial declaration and not a proof placeholder
NumStability.InsertionScheduleTree.leafDepthWeights._unsafe_rec,NumStability.Algorithms.Summation.Insertion.Schedule,definition,true,false,false,true,false,true,false,false,false,opaque_hint,false,,,,,,,,,lean_generated_internal_partial_recursion_helper,Lean-generated internal _unsafe_rec implementation helper; not an explicitly source-written public partial declaration and not a proof placeholder
NumStability.InsertionScheduleTree.leaves._unsafe_rec,NumStability.Algorithms.Summation.Insertion.Schedule,definition,true,false,false,true,false,true,false,false,false,opaque_hint,false,,,,,,,,,lean_generated_internal_partial_recursion_helper,Lean-generated internal _unsafe_rec implementation helper; not an explicitly source-written public partial declaration and not a proof placeholder
NumStability.InsertionScheduleTree.toSumTree._unsafe_rec,NumStability.Algorithms.Summation.Insertion.Schedule,definition,true,false,false,true,false,true,false,false,false,opaque_hint,false,,,,,,,,,lean_generated_internal_partial_recursion_helper,Lean-generated internal _unsafe_rec implementation helper; not an explicitly source-written public partial declaration and not a proof placeholder
NumStability.InsertionScheduleTree.relabelLeaves._unsafe_rec,NumStability.Algorithms.Summation.Insertion.Schedule,definition,true,false,false,true,false,true,false,false,false,opaque_hint,false,,,,,,,,,lean_generated_internal_partial_recursion_helper,Lean-generated internal _unsafe_rec implementation helper; not an explicitly source-written public partial declaration and not a proof placeholder
NumStability.InsertionScheduleTree.leafCount._unsafe_rec,NumStability.Algorithms.Summation.Insertion.Schedule,definition,true,false,false,true,false,true,false,false,false,opaque_hint,false,,,,,,,,,lean_generated_internal_partial_recursion_helper,Lean-generated internal _unsafe_rec implementation helper; not an explicitly source-written public partial declaration and not a proof placeholder
NumStability.SumTree.balancedTree._unsafe_rec,NumStability.Algorithms.Summation.Tree.Balanced,definition,true,false,false,true,false,true,false,false,false,opaque_hint,false,,,,,,,,,lean_generated_internal_partial_recursion_helper,Lean-generated internal _unsafe_rec implementation helper; not an explicitly source-written public partial declaration and not a proof placeholder
_private.NumStability.Algorithms.Summation.Pairwise.Core.0.NumStability.pairwiseCarryTreeAux._unsafe_rec,NumStability.Algorithms.Summation.Pairwise.Core,definition,true,true,false,true,false,true,false,false,false,opaque_hint,false,,,,,,,,,lean_generated_internal_partial_recursion_helper,Lean-generated internal _unsafe_rec implementation helper; not an explicitly source-written public partial declaration and not a proof placeholder
_private.NumStability.Analysis.LinearOperators.MatrixPowers.Henrici.SchurBinomialBounds.Estimates.0.NumStability.Ppiece._unsafe_rec,NumStability.Analysis.LinearOperators.MatrixPowers.Henrici.SchurBinomialBounds.Estimates,definition,true,true,false,true,false,true,false,false,false,opaque_hint,false,,,,,,,,,lean_generated_internal_partial_recursion_helper,Lean-generated internal _unsafe_rec implementation helper; not an explicitly source-written public partial declaration and not a proof placeholder
NumStability.inverseSquareSingleEarlyMantissaPrefix._unsafe_rec,NumStability.Source.Higham.Chapter01.FloatingPointArithmetic.InstabilityWithoutCancellation,definition,true,false,false,true,false,true,false,false,false,opaque_hint,false,,,,,,,,,lean_generated_internal_partial_recursion_helper,Lean-generated internal _unsafe_rec implementation helper; not an explicitly source-written public partial declaration and not a proof placeholder
NumStability.inverseSquareSingleReverseScaledMantissaPrefix._unsafe_rec,NumStability.Source.Higham.Chapter01.FloatingPointArithmetic.InstabilityWithoutCancellation,definition,true,false,false,true,false,true,false,false,false,opaque_hint,false,,,,,,,,,lean_generated_internal_partial_recursion_helper,Lean-generated internal _unsafe_rec implementation helper; not an explicitly source-written public partial declaration and not a proof placeholder
NumStability.psumLogSearchComparisonBudget._unsafe_rec,NumStability.Source.Higham.Chapter04.Equation05.OrderingExamples.Basic,definition,true,false,false,true,false,true,false,false,false,opaque_hint,false,,,,,,,,,lean_generated_internal_partial_recursion_helper,Lean-generated internal _unsafe_rec implementation helper; not an explicitly source-written public partial declaration and not a proof placeholder
NumStability.psumTriangularComparisonCost._unsafe_rec,NumStability.Source.Higham.Chapter04.Equation05.OrderingExamples.Basic,definition,true,false,false,true,false,true,false,false,false,opaque_hint,false,,,,,,,,,lean_generated_internal_partial_recursion_helper,Lean-generated internal _unsafe_rec implementation helper; not an explicitly source-written public partial declaration and not a proof placeholder
NumStability.psumCountEntriesExpand._unsafe_rec,NumStability.Source.Higham.Chapter04.Equation05.OrderingExamples.Basic,definition,true,false,false,true,false,true,false,false,false,opaque_hint,false,,,,,,,,,lean_generated_internal_partial_recursion_helper,Lean-generated internal _unsafe_rec implementation helper; not an explicitly source-written public partial declaration and not a proof placeholder
NumStability.DecreasingAbsList._unsafe_rec,NumStability.Source.Higham.Chapter04.Equation05.OrderingExamples.Basic,definition,true,false,false,true,false,true,false,false,false,opaque_hint,false,,,,,,,,,lean_generated_internal_partial_recursion_helper,Lean-generated internal _unsafe_rec implementation helper; not an explicitly source-written public partial declaration and not a proof placeholder
NumStability.HighamChapter4KaoWang.instDecidableEqIntegerAdditionTree.decEq._unsafe_rec,NumStability.Source.Higham.Chapter04.Section02.KaoWangCitationDiscrepancy,definition,true,false,false,true,false,true,false,false,false,opaque_hint,false,,,,,,,,,lean_generated_internal_partial_recursion_helper,Lean-generated internal _unsafe_rec implementation helper; not an explicitly source-written public partial declaration and not a proof placeholder
NumStability.HighamChapter4KaoWang.IntegerAdditionTree.toSchedule._unsafe_rec,NumStability.Source.Higham.Chapter04.Section02.KaoWangCitationDiscrepancy,definition,true,false,false,true,false,true,false,false,false,opaque_hint,false,,,,,,,,,lean_generated_internal_partial_recursion_helper,Lean-generated internal _unsafe_rec implementation helper; not an explicitly source-written public partial declaration and not a proof placeholder
NumStability.HighamChapter4KaoWang.IntegerAdditionTree.value._unsafe_rec,NumStability.Source.Higham.Chapter04.Section02.KaoWangCitationDiscrepancy,definition,true,false,false,true,false,true,false,false,false,opaque_hint,false,,,,,,,,,lean_generated_internal_partial_recursion_helper,Lean-generated internal _unsafe_rec implementation helper; not an explicitly source-written public partial declaration and not a proof placeholder
NumStability.HighamChapter4KaoWang.instReprIntegerAdditionTree.repr._unsafe_rec,NumStability.Source.Higham.Chapter04.Section02.KaoWangCitationDiscrepancy,definition,true,false,false,true,false,true,false,false,false,opaque_hint,false,,,,,,,,,lean_generated_internal_partial_recursion_helper,Lean-generated internal _unsafe_rec implementation helper; not an explicitly source-written public partial declaration and not a proof placeholder
NumStability.HighamChapter4KaoWang.IntegerAdditionTree.leaves._unsafe_rec,NumStability.Source.Higham.Chapter04.Section02.KaoWangCitationDiscrepancy,definition,true,false,false,true,false,true,false,false,false,opaque_hint,false,,,,,,,,,lean_generated_internal_partial_recursion_helper,Lean-generated internal _unsafe_rec implementation helper; not an explicitly source-written public partial declaration and not a proof placeholder
NumStability.HighamChapter4KaoWang.IntegerAdditionTree.cost._unsafe_rec,NumStability.Source.Higham.Chapter04.Section02.KaoWangCitationDiscrepancy,definition,true,false,false,true,false,true,false,false,false,opaque_hint,false,,,,,,,,,lean_generated_internal_partial_recursion_helper,Lean-generated internal _unsafe_rec implementation helper; not an explicitly source-written public partial declaration and not a proof placeholder
NumStability.complexPolyDesc._unsafe_rec,NumStability.Source.Higham.Chapter05.Algorithm01.ComplexHorner.Basic,definition,true,false,false,true,false,true,false,false,false,opaque_hint,false,,,,,,,,,lean_generated_internal_partial_recursion_helper,Lean-generated internal _unsafe_rec implementation helper; not an explicitly source-written public partial declaration and not a proof placeholder
NumStability.Ch5LejaListTrace._unsafe_rec,NumStability.Source.Higham.Chapter05.Problem04.LejaOrdering.Basic,definition,true,false,false,true,false,true,false,false,false,opaque_hint,false,,,,,,,,,lean_generated_internal_partial_recursion_helper,Lean-generated internal _unsafe_rec implementation helper; not an explicitly source-written public partial declaration and not a proof placeholder
NumStability.ch5psi_AlternatingSignDesc._unsafe_rec,NumStability.Source.Higham.Chapter05.Section02.DerivativeError.Basic,definition,true,false,false,true,false,true,false,false,false,opaque_hint,false,,,,,,,,,lean_generated_internal_partial_recursion_helper,Lean-generated internal _unsafe_rec implementation helper; not an explicitly source-written public partial declaration and not a proof placeholder
NumStability.higham5PSHorner._unsafe_rec,NumStability.Source.Higham.Chapter05.Section04.PatersonStockmeyer.Basic,definition,true,false,false,true,false,true,false,false,false,opaque_hint,false,,,,,,,,,lean_generated_internal_partial_recursion_helper,Lean-generated internal _unsafe_rec implementation helper; not an explicitly source-written public partial declaration and not a proof placeholder
NumStability.higham10_mathias_flSchurPivotsPositive._unsafe_rec,NumStability.Source.Higham.Chapter10.Equation29.Mathias.SourceIngredients,definition,true,false,false,true,false,true,false,false,false,opaque_hint,false,,,,,,,,,lean_generated_internal_partial_recursion_helper,Lean-generated internal _unsafe_rec implementation helper; not an explicitly source-written public partial declaration and not a proof placeholder
NumStability.higham10_problem_10_4_unpivotedGEGrowthBounded._unsafe_rec,NumStability.Source.Higham.Chapter10.Problem04.UnpivotedGrowth.Basic,definition,true,false,false,true,false,true,false,false,false,opaque_hint,false,,,,,,,,,lean_generated_internal_partial_recursion_helper,Lean-generated internal _unsafe_rec implementation helper; not an explicitly source-written public partial declaration and not a proof placeholder
NumStability.Ch11Closure.AasenAdjacentGEPP.dgttrfPermEquivRun._unsafe_rec,NumStability.Source.Higham.Chapter11.AasenAdjacentPivotTridiagExecutor,definition,true,false,false,true,false,true,false,false,false,opaque_hint,false,,,,,,,,,lean_generated_internal_partial_recursion_helper,Lean-generated internal _unsafe_rec implementation helper; not an explicitly source-written public partial declaration and not a proof placeholder
NumStability.Ch11Closure.AasenAdjacentGEPP.dgttrfMRun._unsafe_rec,NumStability.Source.Higham.Chapter11.AasenAdjacentPivotTridiagExecutor,definition,true,false,false,true,false,true,false,false,false,opaque_hint,false,,,,,,,,,lean_generated_internal_partial_recursion_helper,Lean-generated internal _unsafe_rec implementation helper; not an explicitly source-written public partial declaration and not a proof placeholder
NumStability.Higham11BunchSharpBlockCertificate.eliminatedWidth._unsafe_rec,NumStability.Source.Higham.Chapter11.Bunch.SharpGrowthBridge,definition,true,false,false,true,false,true,false,false,false,opaque_hint,false,,,,,,,,,lean_generated_internal_partial_recursion_helper,Lean-generated internal _unsafe_rec implementation helper; not an explicitly source-written public partial declaration and not a proof placeholder
NumStability.Higham11BunchSharpBlockCertificate.lastMax._unsafe_rec,NumStability.Source.Higham.Chapter11.Bunch.SharpGrowthBridge,definition,true,false,false,true,false,true,false,false,false,opaque_hint,false,,,,,,,,,lean_generated_internal_partial_recursion_helper,Lean-generated internal _unsafe_rec implementation helper; not an explicitly source-written public partial declaration and not a proof placeholder
NumStability.Higham11BunchSharpBlockCertificate.boundaryMoment._unsafe_rec,NumStability.Source.Higham.Chapter11.Bunch.SharpGrowthBridge,definition,true,false,false,true,false,true,false,false,false,opaque_hint,false,,,,,,,,,lean_generated_internal_partial_recursion_helper,Lean-generated internal _unsafe_rec implementation helper; not an explicitly source-written public partial declaration and not a proof placeholder
NumStability.Higham11RoundedBunchKaufmanExecution.Completed._unsafe_rec,NumStability.Source.Higham.Chapter11.BunchKaufman.Rounded.Execution,definition,true,false,false,true,false,true,false,false,false,opaque_hint,false,,,,,,,,,lean_generated_internal_partial_recursion_helper,Lean-generated internal _unsafe_rec implementation helper; not an explicitly source-written public partial declaration and not a proof placeholder
NumStability.Higham11RoundedBunchKaufmanExecution.MiddleSolveRunDomain._unsafe_rec,NumStability.Source.Higham.Chapter11.BunchKaufman.Rounded.MiddleSolve,definition,true,false,false,true,false,true,false,false,false,opaque_hint,false,,,,,,,,,lean_generated_internal_partial_recursion_helper,Lean-generated internal _unsafe_rec implementation helper; not an explicitly source-written public partial declaration and not a proof placeholder
NumStability.Higham11RookExecutorAdapter.mixedSchedulePartner._unsafe_rec,NumStability.Source.Higham.Chapter11.Rook.ExecutorAdapter,definition,true,false,false,true,false,true,false,false,false,opaque_hint,false,,,,,,,,,lean_generated_internal_partial_recursion_helper,Lean-generated internal _unsafe_rec implementation helper; not an explicitly source-written public partial declaration and not a proof placeholder
NumStability.Ch14RectProductTree.operationBudget._unsafe_rec,NumStability.Analysis.Error.MatrixProducts.EvaluationTrees.ProductErrorNotation,definition,true,false,false,true,false,true,false,false,false,opaque_hint,false,,,,,,,,,lean_generated_internal_partial_recursion_helper,Lean-generated internal _unsafe_rec implementation helper; not an explicitly source-written public partial declaration and not a proof placeholder
NumStability.Ch14ProductTree.leafCount._unsafe_rec,NumStability.Analysis.Error.MatrixProducts.EvaluationTrees.ProductErrorNotation,definition,true,false,false,true,false,true,false,false,false,opaque_hint,false,,,,,,,,,lean_generated_internal_partial_recursion_helper,Lean-generated internal _unsafe_rec implementation helper; not an explicitly source-written public partial declaration and not a proof placeholder
NumStability.Ch14ProductTree.factors._unsafe_rec,NumStability.Analysis.Error.MatrixProducts.EvaluationTrees.ProductErrorNotation,definition,true,false,false,true,false,true,false,false,false,opaque_hint,false,,,,,,,,,lean_generated_internal_partial_recursion_helper,Lean-generated internal _unsafe_rec implementation helper; not an explicitly source-written public partial declaration and not a proof placeholder
NumStability.Ch14Ext.ch14ext_methodCDim._unsafe_rec,NumStability.Source.Higham.Chapter14.Section03.LUFactorInversion.MethodC.MethodsBC,definition,true,false,false,true,false,true,false,false,false,opaque_hint,false,,,,,,,,,lean_generated_internal_partial_recursion_helper,Lean-generated internal _unsafe_rec implementation helper; not an explicitly source-written public partial declaration and not a proof placeholder
NumStability.Higham15Problem15_6.backwardRowNat._unsafe_rec,NumStability.Source.Higham.Chapter15.Problem06.TridiagonalInverseNorm.TridiagonalInverse,definition,true,false,false,true,false,true,false,false,false,opaque_hint,false,,,,,,,,,lean_generated_internal_partial_recursion_helper,Lean-generated internal _unsafe_rec implementation helper; not an explicitly source-written public partial declaration and not a proof placeholder
NumStability.Higham15Problem15_6.forwardRowNat._unsafe_rec,NumStability.Source.Higham.Chapter15.Problem06.TridiagonalInverseNorm.TridiagonalInverse,definition,true,false,false,true,false,true,false,false,false,opaque_hint,false,,,,,,,,,lean_generated_internal_partial_recursion_helper,Lean-generated internal _unsafe_rec implementation helper; not an explicitly source-written public partial declaration and not a proof placeholder
NumStability.Higham15Problem15_6.forwardColumnNat._unsafe_rec,NumStability.Source.Higham.Chapter15.Problem06.TridiagonalInverseNorm.TridiagonalInverse,definition,true,false,false,true,false,true,false,false,false,opaque_hint,false,,,,,,,,,lean_generated_internal_partial_recursion_helper,Lean-generated internal _unsafe_rec implementation helper; not an explicitly source-written public partial declaration and not a proof placeholder
NumStability.Higham15Problem15_6.backwardColumnNat._unsafe_rec,NumStability.Source.Higham.Chapter15.Problem06.TridiagonalInverseNorm.TridiagonalInverse,definition,true,false,false,true,false,true,false,false,false,opaque_hint,false,,,,,,,,,lean_generated_internal_partial_recursion_helper,Lean-generated internal _unsafe_rec implementation helper; not an explicitly source-written public partial declaration and not a proof placeholder
NumStability.Higham15Problem15_6.reverseSuffixScanNat._unsafe_rec,NumStability.Source.Higham.Chapter15.Problem06.TridiagonalInverseNorm.TridiagonalInverseCompletion,definition,true,false,false,true,false,true,false,false,false,opaque_hint,false,,,,,,,,,lean_generated_internal_partial_recursion_helper,Lean-generated internal _unsafe_rec implementation helper; not an explicitly source-written public partial declaration and not a proof placeholder
NumStability.Higham15Problem15_6.prefixScanNat._unsafe_rec,NumStability.Source.Higham.Chapter15.Problem06.TridiagonalInverseNorm.TridiagonalInverseCompletion,definition,true,false,false,true,false,true,false,false,false,opaque_hint,false,,,,,,,,,lean_generated_internal_partial_recursion_helper,Lean-generated internal _unsafe_rec implementation helper; not an explicitly source-written public partial declaration and not a proof placeholder
NumStability.flCGSAux._unsafe_rec,NumStability.Source.Higham.Chapter19.Algorithm11.CGSRounded,definition,true,false,false,true,false,true,false,false,false,opaque_hint,false,,,,,,,,,lean_generated_internal_partial_recursion_helper,Lean-generated internal _unsafe_rec implementation helper; not an explicitly source-written public partial declaration and not a proof placeholder
NumStability.flMGSVectors._unsafe_rec,NumStability.Source.Higham.Chapter19.Algorithm12.MGSRounded,definition,true,false,false,true,false,true,false,false,false,opaque_hint,false,,,,,,,,,lean_generated_internal_partial_recursion_helper,Lean-generated internal _unsafe_rec implementation helper; not an explicitly source-written public partial declaration and not a proof placeholder
NumStability.Wave13.stageChainExact._unsafe_rec,NumStability.Source.Higham.Chapter19.Lemma09.DisjointSweep,definition,true,false,false,true,false,true,false,false,false,opaque_hint,false,,,,,,,,,lean_generated_internal_partial_recursion_helper,Lean-generated internal _unsafe_rec implementation helper; not an explicitly source-written public partial declaration and not a proof placeholder
NumStability.ch19SBMatrixListProduct._unsafe_rec,NumStability.Source.Higham.Chapter19.SunBischof,definition,true,false,false,true,false,true,false,false,false,opaque_hint,false,,,,,,,,,lean_generated_internal_partial_recursion_helper,Lean-generated internal _unsafe_rec implementation helper; not an explicitly source-written public partial declaration and not a proof placeholder
NumStability.Wave20.StageDataReady._unsafe_rec,NumStability.Source.Higham.Chapter19.Theorem06.Final,definition,true,false,false,true,false,true,false,false,false,opaque_hint,false,,,,,,,,,lean_generated_internal_partial_recursion_helper,Lean-generated internal _unsafe_rec implementation helper; not an explicitly source-written public partial declaration and not a proof placeholder
NumStability.Wave20.StrongStageModel._unsafe_rec,NumStability.Source.Higham.Chapter19.Theorem06.StrongModel,definition,true,false,false,true,false,true,false,false,false,opaque_hint,false,,,,,,,,,lean_generated_internal_partial_recursion_helper,Lean-generated internal _unsafe_rec implementation helper; not an explicitly source-written public partial declaration and not a proof placeholder
NumStability.higham22NewtonNest._unsafe_rec,NumStability.Source.Higham.Chapter22.VandermondeSystems,definition,true,false,false,true,false,true,false,false,false,opaque_hint,false,,,,,,,,,lean_generated_internal_partial_recursion_helper,Lean-generated internal _unsafe_rec implementation helper; not an explicitly source-written public partial declaration and not a proof placeholder
NumStability.higham24BitIndexLEEquiv._unsafe_rec,NumStability.Source.Higham.Chapter24.Radix2FFT,definition,true,false,false,true,false,true,false,false,false,opaque_hint,false,,,,,,,,,lean_generated_internal_partial_recursion_helper,Lean-generated internal _unsafe_rec implementation helper; not an explicitly source-written public partial declaration and not a proof placeholder
NumStability.higham24BitIndexLEValue._unsafe_rec,NumStability.Source.Higham.Chapter24.Radix2FFT,definition,true,false,false,true,false,true,false,false,false,opaque_hint,false,,,,,,,,,lean_generated_internal_partial_recursion_helper,Lean-generated internal _unsafe_rec implementation helper; not an explicitly source-written public partial declaration and not a proof placeholder
NumStability.Higham24BitIndex._unsafe_rec,NumStability.Source.Higham.Chapter24.Radix2FFT,definition,true,false,false,true,false,true,false,false,false,opaque_hint,false,,,,,,,,,lean_generated_internal_partial_recursion_helper,Lean-generated internal _unsafe_rec implementation helper; not an explicitly source-written public partial declaration and not a proof placeholder
NumStability.higham24BitIndexFintype._unsafe_rec,NumStability.Source.Higham.Chapter24.Radix2FFT,definition,true,false,false,true,false,true,false,false,false,opaque_hint,false,,,,,,,,,lean_generated_internal_partial_recursion_helper,Lean-generated internal _unsafe_rec implementation helper; not an explicitly source-written public partial declaration and not a proof placeholder
NumStability.higham24BitIndexBEEquiv._unsafe_rec,NumStability.Source.Higham.Chapter24.Radix2FFT,definition,true,false,false,true,false,true,false,false,false,opaque_hint,false,,,,,,,,,lean_generated_internal_partial_recursion_helper,Lean-generated internal _unsafe_rec implementation helper; not an explicitly source-written public partial declaration and not a proof placeholder
NumStability.higham24BitIndexDecidableEq._unsafe_rec,NumStability.Source.Higham.Chapter24.Radix2FFT,definition,true,false,false,true,false,true,false,false,false,opaque_hint,false,,,,,,,,,lean_generated_internal_partial_recursion_helper,Lean-generated internal _unsafe_rec implementation helper; not an explicitly source-written public partial declaration and not a proof placeholder
NumStability.higham24BitIndexBEValue._unsafe_rec,NumStability.Source.Higham.Chapter24.Radix2FFT,definition,true,false,false,true,false,true,false,false,false,opaque_hint,false,,,,,,,,,lean_generated_internal_partial_recursion_helper,Lean-generated internal _unsafe_rec implementation helper; not an explicitly source-written public partial declaration and not a proof placeholder
NumStability.listSumSq._unsafe_rec,NumStability.Source.Higham.Chapter27.SoftwareEnvironment,definition,true,false,false,true,false,true,false,false,false,opaque_hint,false,,,,,,,,,lean_generated_internal_partial_recursion_helper,Lean-generated internal _unsafe_rec implementation helper; not an explicitly source-written public partial declaration and not a proof placeholder
NumStability.RoundedScaledSumTraceSafe._unsafe_rec,NumStability.Source.Higham.Chapter27.SoftwareEnvironment,definition,true,false,false,true,false,true,false,false,false,opaque_hint,false,,,,,,,,,lean_generated_internal_partial_recursion_helper,Lean-generated internal _unsafe_rec implementation helper; not an explicitly source-written public partial declaration and not a proof placeholder
NumStability.ScaledSumSqSkipZeroDenominatorsSafe._unsafe_rec,NumStability.Source.Higham.Chapter27.SoftwareEnvironment,definition,true,false,false,true,false,true,false,false,false,opaque_hint,false,,,,,,,,,lean_generated_internal_partial_recursion_helper,Lean-generated internal _unsafe_rec implementation helper; not an explicitly source-written public partial declaration and not a proof placeholder
NumStability.boolSignChangeCount._unsafe_rec,NumStability.Analysis.TestMatrices.Pascal.PascalOscillation,definition,true,false,false,true,false,true,false,false,false,opaque_hint,false,,,,,,,,,lean_generated_internal_partial_recursion_helper,Lean-generated internal _unsafe_rec implementation helper; not an explicitly source-written public partial declaration and not a proof placeholder
NumStability.pascalOscillationCheckerBool._unsafe_rec,NumStability.Analysis.TestMatrices.Pascal.PascalOscillationCore,definition,true,false,false,true,false,true,false,false,false,opaque_hint,false,,,,,,,,,lean_generated_internal_partial_recursion_helper,Lean-generated internal _unsafe_rec implementation helper; not an explicitly source-written public partial declaration and not a proof placeholder
NumStability.FloatingPointFormat.finiteConventionalDotProductListTailLoop._unsafe_rec,NumStability.FloatingPoint.FusedMultiplyAdd.DotProductCounts,definition,true,false,false,true,false,true,false,false,false,opaque_hint,false,,,,,,,,,lean_generated_internal_partial_recursion_helper,Lean-generated internal _unsafe_rec implementation helper; not an explicitly source-written public partial declaration and not a proof placeholder
NumStability.FloatingPointFormat.finiteFMADotProductListLoop._unsafe_rec,NumStability.FloatingPoint.FusedMultiplyAdd.DotProductCounts,definition,true,false,false,true,false,true,false,false,false,opaque_hint,false,,,,,,,,,lean_generated_internal_partial_recursion_helper,Lean-generated internal _unsafe_rec implementation helper; not an explicitly source-written public partial declaration and not a proof placeholder
NumStability.calculatorInvertDigits._unsafe_rec,NumStability.Source.Higham.Chapter01.Problem06.CalculatorWords.Basic,definition,true,false,false,true,false,true,false,false,false,opaque_hint,false,,,,,,,,,lean_generated_internal_partial_recursion_helper,Lean-generated internal _unsafe_rec implementation helper; not an explicitly source-written public partial declaration and not a proof placeholder
NumStability.reciprocalNewtonStepIter._unsafe_rec,NumStability.Source.Higham.Chapter02.Section06.ReciprocalIteration.Basic,definition,true,false,false,true,false,true,false,false,false,opaque_hint,false,,,,,,,,,lean_generated_internal_partial_recursion_helper,Lean-generated internal _unsafe_rec implementation helper; not an explicitly source-written public partial declaration and not a proof placeholder
NumStability.reciprocalNewtonRoundedStepIter._unsafe_rec,NumStability.Source.Higham.Chapter02.Section06.ReciprocalIteration.Basic,definition,true,false,false,true,false,true,false,false,false,opaque_hint,false,,,,,,,,,lean_generated_internal_partial_recursion_helper,Lean-generated internal _unsafe_rec implementation helper; not an explicitly source-written public partial declaration and not a proof placeholder
NumStability.reciprocalNewtonRoundedResidualErrorEvalIter._unsafe_rec,NumStability.Source.Higham.Chapter02.Section06.ReciprocalIteration.Basic,definition,true,false,false,true,false,true,false,false,false,opaque_hint,false,,,,,,,,,lean_generated_internal_partial_recursion_helper,Lean-generated internal _unsafe_rec implementation helper; not an explicitly source-written public partial declaration and not a proof placeholder
NumStability.reciprocalNewtonRoundedResidualEnvelope._unsafe_rec,NumStability.Source.Higham.Chapter02.Section06.ReciprocalIteration.Basic,definition,true,false,false,true,false,true,false,false,false,opaque_hint,false,,,,,,,,,lean_generated_internal_partial_recursion_helper,Lean-generated internal _unsafe_rec implementation helper; not an explicitly source-written public partial declaration and not a proof placeholder
NumStability.FloatingPointFormat.reciprocalNewtonFiniteStepIter._unsafe_rec,NumStability.Source.Higham.Chapter02.Section06.ReciprocalIteration.Basic,definition,true,false,false,true,false,true,false,false,false,opaque_hint,false,,,,,,,,,lean_generated_internal_partial_recursion_helper,Lean-generated internal _unsafe_rec implementation helper; not an explicitly source-written public partial declaration and not a proof placeholder
NumStability.evenCoeffsAsc._unsafe_rec,NumStability.Source.Higham.Chapter05.Problem03.EvenOddSplitting.Basic,definition,true,false,false,true,false,true,false,false,false,opaque_hint,false,,,,,,,,,lean_generated_internal_partial_recursion_helper,Lean-generated internal _unsafe_rec implementation helper; not an explicitly source-written public partial declaration and not a proof placeholder
NumStability.oddCoeffsAsc._unsafe_rec,NumStability.Source.Higham.Chapter05.Problem03.EvenOddSplitting.Basic,definition,true,false,false,true,false,true,false,false,false,opaque_hint,false,,,,,,,,,lean_generated_internal_partial_recursion_helper,Lean-generated internal _unsafe_rec implementation helper; not an explicitly source-written public partial declaration and not a proof placeholder
