sample_index,declaration,module,selection_start_line,sample_class,probe_compile_status,axiom_count,axioms,ordinary_lean_mathlib_foundational_axioms,lean_generated_native_decide_axioms,other_or_unrecognized_axioms,interpretation
1,NumStability.lu_solve_backward_error_factor_gamma,NumStability.Algorithms.LU.LUSolve,488,high_level_endpoint,success,3,propext;Classical.choice;Quot.sound,propext;Classical.choice;Quot.sound,,,`#print axioms` reports transitive proof-term assumptions. Generated native_decide helpers are not source axiom commands.
2,NumStability.fl_householderQR_solve_backward_error_gammaHigham_closedInputBounds_of_global_gammaValid,NumStability.Algorithms.LinearSystems.QR.QRSolve,5470,high_level_endpoint,success,3,propext;Classical.choice;Quot.sound,propext;Classical.choice;Quot.sound,,,`#print axioms` reports transitive proof-term assumptions. Generated native_decide helpers are not source axiom commands.
3,NumStability.higham12_4_from_solver,NumStability.Source.Higham.Chapter12.IterativeRefinement.Results.Theorems,542,high_level_endpoint,success,3,propext;Classical.choice;Quot.sound,propext;Classical.choice;Quot.sound,,,`#print axioms` reports transitive proof-term assumptions. Generated native_decide helpers are not source axiom commands.
4,NumStability.matMulWeightedBackwardFeasible_residual_entry_le,NumStability.Algorithms.MatMulBackwardError,193,high_level_endpoint,success,3,propext;Classical.choice;Quot.sound,propext;Classical.choice;Quot.sound,,,`#print axioms` reports transitive proof-term assumptions. Generated native_decide helpers are not source axiom commands.
5,NumStability.dotProduct_isRelBackwardStable,NumStability.Algorithms.DotProduct,782,high_level_endpoint,success,3,propext;Classical.choice;Quot.sound,propext;Classical.choice;Quot.sound,,,`#print axioms` reports transitive proof-term assumptions. Generated native_decide helpers are not source axiom commands.
6,NumStability.ls_qr_forward_error,NumStability.Analysis.Perturbation.LeastSquares.Basic,23151,high_level_endpoint,success,3,propext;Classical.choice;Quot.sound,propext;Classical.choice;Quot.sound,,,`#print axioms` reports transitive proof-term assumptions. Generated native_decide helpers are not source axiom commands.
7,NumStability.codyPowerTestExact_displayedTableDecimal17_abs_error_lt_half_last_place,NumStability.Source.Higham.Chapter02.Section11.AccuracyTests.Basic,189,native_decide_parent_theorem,success,4,propext;Classical.choice;Quot.sound;NumStability.codyPowerTestExact_displayedTableDecimal17_abs_error_lt_half_last_place._native.native_decide.ax_1_5,propext;Classical.choice;Quot.sound,NumStability.codyPowerTestExact_displayedTableDecimal17_abs_error_lt_half_last_place._native.native_decide.ax_1_5,,`#print axioms` reports transitive proof-term assumptions. Generated native_decide helpers are not source axiom commands.
8,NumStability.codyPowerTestExact_displayedDecimal21_abs_error_lt_half_last_place,NumStability.Source.Higham.Chapter02.Section11.AccuracyTests.Basic,166,native_decide_parent_theorem,success,4,propext;Classical.choice;Quot.sound;NumStability.codyPowerTestExact_displayedDecimal21_abs_error_lt_half_last_place._native.native_decide.ax_1_5,propext;Classical.choice;Quot.sound,NumStability.codyPowerTestExact_displayedDecimal21_abs_error_lt_half_last_place._native.native_decide.ax_1_5,,`#print axioms` reports transitive proof-term assumptions. Generated native_decide helpers are not source axiom commands.
9,NumStability.FloatingPointFormat.ieeeSingleFormat_normalizedExponentParameterCount,NumStability.Source.Higham.Chapter02.Problem01.FloatingPointCounts.Basic,159,native_decide_parent_theorem,success,4,propext;Classical.choice;Quot.sound;NumStability.FloatingPointFormat.ieeeSingleFormat_normalizedExponentParameterCount._native.native_decide.ax_1_2,propext;Classical.choice;Quot.sound,NumStability.FloatingPointFormat.ieeeSingleFormat_normalizedExponentParameterCount._native.native_decide.ax_1_2,,`#print axioms` reports transitive proof-term assumptions. Generated native_decide helpers are not source axiom commands.
10,NumStability.FloatingPointFormat.ieeeDoubleFormat_normalizedExponentParameterCount,NumStability.Source.Higham.Chapter02.Problem01.FloatingPointCounts.Basic,190,native_decide_parent_theorem,success,4,propext;Classical.choice;Quot.sound;NumStability.FloatingPointFormat.ieeeDoubleFormat_normalizedExponentParameterCount._native.native_decide.ax_1_2,propext;Classical.choice;Quot.sound,NumStability.FloatingPointFormat.ieeeDoubleFormat_normalizedExponentParameterCount._native.native_decide.ax_1_2,,`#print axioms` reports transitive proof-term assumptions. Generated native_decide helpers are not source axiom commands.
11,NumStability.FloatingPointFormat.problem2_1_ieeeSingle_normalizedNumberParameterCount,NumStability.Source.Higham.Chapter02.Problem01.FloatingPointCounts.Basic,176,native_decide_parent_theorem,success,4,propext;Classical.choice;Quot.sound;NumStability.FloatingPointFormat.problem2_1_ieeeSingle_normalizedNumberParameterCount._native.native_decide.ax_1_6,propext;Classical.choice;Quot.sound,NumStability.FloatingPointFormat.problem2_1_ieeeSingle_normalizedNumberParameterCount._native.native_decide.ax_1_6,,`#print axioms` reports transitive proof-term assumptions. Generated native_decide helpers are not source axiom commands.
12,NumStability.FloatingPointFormat.problem2_1_ieeeDouble_normalizedNumberParameterCount,NumStability.Source.Higham.Chapter02.Problem01.FloatingPointCounts.Basic,207,native_decide_parent_theorem,success,4,propext;Classical.choice;Quot.sound;NumStability.FloatingPointFormat.problem2_1_ieeeDouble_normalizedNumberParameterCount._native.native_decide.ax_1_6,propext;Classical.choice;Quot.sound,NumStability.FloatingPointFormat.problem2_1_ieeeDouble_normalizedNumberParameterCount._native.native_decide.ax_1_6,,`#print axioms` reports transitive proof-term assumptions. Generated native_decide helpers are not source axiom commands.
