module,source_path,line,term,matched_text,location_class,command_class,source_excerpt
NumStability.Algorithms.FastMatMul.Internal.LegacyBounds,NumStability/Algorithms/FastMatMul/Internal/LegacyBounds.lean,22,placeholder_marker,placeholder,comment,,stand-ins or weak placeholder propositions and are not used by the formalized
NumStability.Algorithms.FastMatMul.Internal.LegacyBounds,NumStability/Algorithms/FastMatMul/Internal/LegacyBounds.lean,27,placeholder_marker,placeholder,comment,,/-- Legacy placeholder for a normwise Strassen error bound. -/
NumStability.Algorithms.FastMatMul.Internal.LegacyBounds,NumStability/Algorithms/FastMatMul/Internal/LegacyBounds.lean,35,placeholder_marker,placeholder,comment,,/-- Entrywise consequence of the placeholder bound. -/
NumStability.Algorithms.FastMatMul.Internal.LegacyBounds,NumStability/Algorithms/FastMatMul/Internal/LegacyBounds.lean,55,placeholder_marker,placeholder,comment,,/-- Legacy placeholder for the Winograd inner-product error statement. -/
NumStability.Algorithms.FastMatMul.Internal.LegacyBounds,NumStability/Algorithms/FastMatMul/Internal/LegacyBounds.lean,61,placeholder_marker,placeholder,comment,,/-- Legacy placeholder for a general bilinear-algorithm error statement. -/
NumStability.Algorithms.FastMatMul.Internal.LegacyBounds,NumStability/Algorithms/FastMatMul/Internal/LegacyBounds.lean,67,placeholder_marker,placeholder,comment,,/-- Legacy placeholder for a componentwise 3M error statement. -/
NumStability.Algorithms.FastMatMul.Internal.LegacyBounds,NumStability/Algorithms/FastMatMul/Internal/LegacyBounds.lean,73,placeholder_marker,placeholder,comment,,/-- Real-part componentwise error placeholder. -/
NumStability.Algorithms.FastMatMul.Internal.LegacyBounds,NumStability/Algorithms/FastMatMul/Internal/LegacyBounds.lean,76,placeholder_marker,placeholder,comment,,/-- Imaginary-part componentwise error placeholder. -/
NumStability.Algorithms.LinearSystems.LU.BlockLU.VaryingBlocks.Uniqueness,NumStability/Algorithms/LinearSystems/LU/BlockLU/VaryingBlocks/Uniqueness.lean,127,admit,admit,comment,,block to be nonsingular.  A singular pivot would admit a nontrivial
NumStability.Algorithms.LinearSystems.SymmetricIndefinite.BlockLDLT.BunchTridiagonalFactorBound,NumStability/Algorithms/LinearSystems/SymmetricIndefinite/BlockLDLT/BunchTridiagonalFactorBound.lean,35,sorry,sorry,comment,,No `sorry`/`admit`/`axiom`/`native_decide`.  Everything is derived from the
NumStability.Algorithms.LinearSystems.SymmetricIndefinite.BlockLDLT.BunchTridiagonalFactorBound,NumStability/Algorithms/LinearSystems/SymmetricIndefinite/BlockLDLT/BunchTridiagonalFactorBound.lean,35,admit,admit,comment,,No `sorry`/`admit`/`axiom`/`native_decide`.  Everything is derived from the
NumStability.Algorithms.LinearSystems.SymmetricIndefinite.BlockLDLT.BunchTridiagonalFactorBound,NumStability/Algorithms/LinearSystems/SymmetricIndefinite/BlockLDLT/BunchTridiagonalFactorBound.lean,35,axiom_word,axiom,comment,,No `sorry`/`admit`/`axiom`/`native_decide`.  Everything is derived from the
NumStability.Algorithms.LinearSystems.SymmetricIndefinite.BlockLDLT.BunchTridiagonalFactorBound,NumStability/Algorithms/LinearSystems/SymmetricIndefinite/BlockLDLT/BunchTridiagonalFactorBound.lean,35,native_decide,native_decide,comment,,No `sorry`/`admit`/`axiom`/`native_decide`.  Everything is derived from the
NumStability.Algorithms.LinearSystems.SymmetricIndefinite.BlockLDLT.BunchTridiagonalFactorBound,NumStability/Algorithms/LinearSystems/SymmetricIndefinite/BlockLDLT/BunchTridiagonalFactorBound.lean,499,sorry,sorry,comment,,**Fully derived here (no `sorry`/`admit`/`axiom`/`native_decide`; only
NumStability.Algorithms.LinearSystems.SymmetricIndefinite.BlockLDLT.BunchTridiagonalFactorBound,NumStability/Algorithms/LinearSystems/SymmetricIndefinite/BlockLDLT/BunchTridiagonalFactorBound.lean,499,admit,admit,comment,,**Fully derived here (no `sorry`/`admit`/`axiom`/`native_decide`; only
NumStability.Algorithms.LinearSystems.SymmetricIndefinite.BlockLDLT.BunchTridiagonalFactorBound,NumStability/Algorithms/LinearSystems/SymmetricIndefinite/BlockLDLT/BunchTridiagonalFactorBound.lean,499,axiom_word,axiom,comment,,**Fully derived here (no `sorry`/`admit`/`axiom`/`native_decide`; only
NumStability.Algorithms.LinearSystems.SymmetricIndefinite.BlockLDLT.BunchTridiagonalFactorBound,NumStability/Algorithms/LinearSystems/SymmetricIndefinite/BlockLDLT/BunchTridiagonalFactorBound.lean,499,native_decide,native_decide,comment,,**Fully derived here (no `sorry`/`admit`/`axiom`/`native_decide`; only
NumStability.Algorithms.LinearSystems.SymmetricIndefinite.BlockLDLT.BunchTridiagonalGrowth,NumStability/Algorithms/LinearSystems/SymmetricIndefinite/BlockLDLT/BunchTridiagonalGrowth.lean,37,sorry,sorry,comment,,acceptance test.  No `sorry`/`admit`/`axiom`/`native_decide`.  See the closing
NumStability.Algorithms.LinearSystems.SymmetricIndefinite.BlockLDLT.BunchTridiagonalGrowth,NumStability/Algorithms/LinearSystems/SymmetricIndefinite/BlockLDLT/BunchTridiagonalGrowth.lean,37,admit,admit,comment,,acceptance test.  No `sorry`/`admit`/`axiom`/`native_decide`.  See the closing
NumStability.Algorithms.LinearSystems.SymmetricIndefinite.BlockLDLT.BunchTridiagonalGrowth,NumStability/Algorithms/LinearSystems/SymmetricIndefinite/BlockLDLT/BunchTridiagonalGrowth.lean,37,axiom_word,axiom,comment,,acceptance test.  No `sorry`/`admit`/`axiom`/`native_decide`.  See the closing
NumStability.Algorithms.LinearSystems.SymmetricIndefinite.BlockLDLT.BunchTridiagonalGrowth,NumStability/Algorithms/LinearSystems/SymmetricIndefinite/BlockLDLT/BunchTridiagonalGrowth.lean,37,native_decide,native_decide,comment,,acceptance test.  No `sorry`/`admit`/`axiom`/`native_decide`.  See the closing
NumStability.Algorithms.LinearSystems.SymmetricIndefinite.BlockLDLT.BunchTridiagonalGrowth,NumStability/Algorithms/LinearSystems/SymmetricIndefinite/BlockLDLT/BunchTridiagonalGrowth.lean,349,sorry,sorry,comment,,`sorry`/`admit`/`axiom`/`native_decide`. -/
NumStability.Algorithms.LinearSystems.SymmetricIndefinite.BlockLDLT.BunchTridiagonalGrowth,NumStability/Algorithms/LinearSystems/SymmetricIndefinite/BlockLDLT/BunchTridiagonalGrowth.lean,349,admit,admit,comment,,`sorry`/`admit`/`axiom`/`native_decide`. -/
NumStability.Algorithms.LinearSystems.SymmetricIndefinite.BlockLDLT.BunchTridiagonalGrowth,NumStability/Algorithms/LinearSystems/SymmetricIndefinite/BlockLDLT/BunchTridiagonalGrowth.lean,349,axiom_word,axiom,comment,,`sorry`/`admit`/`axiom`/`native_decide`. -/
NumStability.Algorithms.LinearSystems.SymmetricIndefinite.BlockLDLT.BunchTridiagonalGrowth,NumStability/Algorithms/LinearSystems/SymmetricIndefinite/BlockLDLT/BunchTridiagonalGrowth.lean,349,native_decide,native_decide,comment,,`sorry`/`admit`/`axiom`/`native_decide`. -/
NumStability.Algorithms.LinearSystems.SymmetricIndefinite.BlockLDLT.BunchTridiagonalGrowthInvariant,NumStability/Algorithms/LinearSystems/SymmetricIndefinite/BlockLDLT/BunchTridiagonalGrowthInvariant.lean,44,sorry,sorry,comment,,No `sorry`/`admit`/`axiom`/`native_decide`.
NumStability.Algorithms.LinearSystems.SymmetricIndefinite.BlockLDLT.BunchTridiagonalGrowthInvariant,NumStability/Algorithms/LinearSystems/SymmetricIndefinite/BlockLDLT/BunchTridiagonalGrowthInvariant.lean,44,admit,admit,comment,,No `sorry`/`admit`/`axiom`/`native_decide`.
NumStability.Algorithms.LinearSystems.SymmetricIndefinite.BlockLDLT.BunchTridiagonalGrowthInvariant,NumStability/Algorithms/LinearSystems/SymmetricIndefinite/BlockLDLT/BunchTridiagonalGrowthInvariant.lean,44,axiom_word,axiom,comment,,No `sorry`/`admit`/`axiom`/`native_decide`.
NumStability.Algorithms.LinearSystems.SymmetricIndefinite.BlockLDLT.BunchTridiagonalGrowthInvariant,NumStability/Algorithms/LinearSystems/SymmetricIndefinite/BlockLDLT/BunchTridiagonalGrowthInvariant.lean,44,native_decide,native_decide,comment,,No `sorry`/`admit`/`axiom`/`native_decide`.
NumStability.Algorithms.MatrixEquations.Sylvester.Conditioning.SingularValue,NumStability/Algorithms/MatrixEquations/Sylvester/Conditioning/SingularValue.lean,333,axiom_word,axioms,comment,,-- `#print axioms` for all public results above reports exactly
NumStability.Algorithms.MatrixEquations.Sylvester.Conditioning.SingularValue,NumStability/Algorithms/MatrixEquations/Sylvester/Conditioning/SingularValue.lean,335,axiom_word,axioms,comment,,-- (the standard Mathlib trio); no incomplete-proof or custom axioms.
NumStability.Algorithms.MatrixEquations.Sylvester.Conditioning.SingularValue,NumStability/Algorithms/MatrixEquations/Sylvester/Conditioning/SingularValue.lean,337,axiom_word,axioms,comment,,-- #print axioms vecNorm2_le_inv_sigmaMin_mul_matMulVec
NumStability.Algorithms.MatrixEquations.Sylvester.Conditioning.SingularValue,NumStability/Algorithms/MatrixEquations/Sylvester/Conditioning/SingularValue.lean,338,axiom_word,axioms,comment,,-- #print axioms sigmaMin_mul_vecNorm2_le_matMulVec
NumStability.Algorithms.MatrixEquations.Sylvester.Conditioning.SingularValue,NumStability/Algorithms/MatrixEquations/Sylvester/Conditioning/SingularValue.lean,339,axiom_word,axioms,comment,,-- #print axioms rayleigh_lower_bound_of_le_finiteHermitianEigenvalues
NumStability.Algorithms.MatrixEquations.Sylvester.Conditioning.SingularValue,NumStability/Algorithms/MatrixEquations/Sylvester/Conditioning/SingularValue.lean,340,axiom_word,axioms,comment,,-- #print axioms sylvesterInverseOpBound_of_sigmaMin
NumStability.Algorithms.MatrixEquations.Sylvester.Conditioning.SingularValue,NumStability/Algorithms/MatrixEquations/Sylvester/Conditioning/SingularValue.lean,341,axiom_word,axioms,comment,,-- #print axioms lyapunovInverseOpBound_of_sigmaMin
NumStability.Algorithms.Summation.Compensated.FiniteFormat,NumStability/Algorithms/Summation/Compensated/FiniteFormat.lean,26,axiom_word,axioms,comment,,axioms unconditional without affecting any computation that stays in range.
NumStability.Analysis.Conditioning.InversePerturbation,NumStability/Analysis/Conditioning/InversePerturbation.lean,536,admit,admit,comment,,/-- Small perturbations of a map with a bounded left inverse admit an actual
NumStability.Analysis.LinearOperators.Jordan.NormalForm.NilpotentChains,NumStability/Analysis/LinearOperators/Jordan/NormalForm/NilpotentChains.lean,51,sorry,sorry,comment,,-- `jordan_normal_form_of_nilpotentJordanBasis`.  No `sorry`/`admit`/`axiom`/
NumStability.Analysis.LinearOperators.Jordan.NormalForm.NilpotentChains,NumStability/Analysis/LinearOperators/Jordan/NormalForm/NilpotentChains.lean,51,admit,admit,comment,,-- `jordan_normal_form_of_nilpotentJordanBasis`.  No `sorry`/`admit`/`axiom`/
NumStability.Analysis.LinearOperators.Jordan.NormalForm.NilpotentChains,NumStability/Analysis/LinearOperators/Jordan/NormalForm/NilpotentChains.lean,51,axiom_word,axiom,comment,,-- `jordan_normal_form_of_nilpotentJordanBasis`.  No `sorry`/`admit`/`axiom`/
NumStability.Analysis.LinearOperators.Jordan.NormalForm.NilpotentChains,NumStability/Analysis/LinearOperators/Jordan/NormalForm/NilpotentChains.lean,52,native_decide,native_decide,comment,,-- `native_decide`/proof-disabling options anywhere.
NumStability.Analysis.LinearOperators.Jordan.NormalForm.PrimaryDecomposition,NumStability/Analysis/LinearOperators/Jordan/NormalForm/PrimaryDecomposition.lean,55,sorry,sorry,comment,,-- IMPORT-ONLY: this file edits nothing; it only imports.  No `sorry`/`admit`/
NumStability.Analysis.LinearOperators.Jordan.NormalForm.PrimaryDecomposition,NumStability/Analysis/LinearOperators/Jordan/NormalForm/PrimaryDecomposition.lean,55,admit,admit,comment,,-- IMPORT-ONLY: this file edits nothing; it only imports.  No `sorry`/`admit`/
NumStability.Analysis.LinearOperators.Jordan.NormalForm.PrimaryDecomposition,NumStability/Analysis/LinearOperators/Jordan/NormalForm/PrimaryDecomposition.lean,56,axiom_word,axiom,comment,,-- `axiom`/`native_decide`/proof-disabling options anywhere.
NumStability.Analysis.LinearOperators.Jordan.NormalForm.PrimaryDecomposition,NumStability/Analysis/LinearOperators/Jordan/NormalForm/PrimaryDecomposition.lean,56,native_decide,native_decide,comment,,-- `axiom`/`native_decide`/proof-disabling options anywhere.
NumStability.Analysis.LinearOperators.MatrixPowers.ExactNormBounds.Complex,NumStability/Analysis/LinearOperators/MatrixPowers/ExactNormBounds/Complex.lean,954,axiom_word,axiom,comment,,-- Theorem 18.1: axiom-free end-to-end forms (complex Jordan data)
NumStability.Analysis.LinearOperators.MatrixPowers.JordanScaling.Complex,NumStability/Analysis/LinearOperators/MatrixPowers/JordanScaling/Complex.lean,955,axiom_word,axiom,comment,,-- Theorem 18.1: axiom-free end-to-end forms (complex Jordan data)
NumStability.Analysis.LinearOperators.MatrixPowers.JordanScaling.RealDiagonal,NumStability/Analysis/LinearOperators/MatrixPowers/JordanScaling/RealDiagonal.lean,447,axiom_word,axiom,comment,,"/-- Jordan form data for a matrix `A`, **plus one assumed axiom** carrying the"
NumStability.Analysis.LinearOperators.MatrixPowers.JordanScaling.RealDiagonal,NumStability/Analysis/LinearOperators/MatrixPowers/JordanScaling/RealDiagonal.lean,463,axiom_word,axiom,comment,,"consuming this field is *conditional on this axiom*, not a closure of"
NumStability.Analysis.LinearOperators.MatrixPowers.JordanScaling.RealJordan,NumStability/Analysis/LinearOperators/MatrixPowers/JordanScaling/RealJordan.lean,589,axiom_word,axiom,comment,,-- Theorem 18.1: axiom-free end-to-end forms (real Jordan data)
NumStability.Analysis.LinearOperators.MatrixPowers.LpBounds.ComplexDiagonal,NumStability/Analysis/LinearOperators/MatrixPowers/LpBounds/ComplexDiagonal.lean,139,axiom_word,axioms,comment,,Theorem 6.2) and the norm axioms `complexVecLpNorm_isComplexVectorNorm`
NumStability.Analysis.LinearOperators.MatrixPowers.Semiconvergence.Limits.General,NumStability/Analysis/LinearOperators/MatrixPowers/Semiconvergence/Limits/General.lean,43,sorry,sorry,comment,,-- IMPORT-ONLY: this module edits nothing.  No `sorry`/`admit`/`axiom`/`unsafe`/
NumStability.Analysis.LinearOperators.MatrixPowers.Semiconvergence.Limits.General,NumStability/Analysis/LinearOperators/MatrixPowers/Semiconvergence/Limits/General.lean,43,admit,admit,comment,,-- IMPORT-ONLY: this module edits nothing.  No `sorry`/`admit`/`axiom`/`unsafe`/
NumStability.Analysis.LinearOperators.MatrixPowers.Semiconvergence.Limits.General,NumStability/Analysis/LinearOperators/MatrixPowers/Semiconvergence/Limits/General.lean,43,axiom_word,axiom,comment,,-- IMPORT-ONLY: this module edits nothing.  No `sorry`/`admit`/`axiom`/`unsafe`/
NumStability.Analysis.LinearOperators.MatrixPowers.Semiconvergence.Limits.General,NumStability/Analysis/LinearOperators/MatrixPowers/Semiconvergence/Limits/General.lean,43,unsafe,unsafe,comment,,-- IMPORT-ONLY: this module edits nothing.  No `sorry`/`admit`/`axiom`/`unsafe`/
NumStability.Analysis.LinearOperators.MatrixPowers.Semiconvergence.Limits.General,NumStability/Analysis/LinearOperators/MatrixPowers/Semiconvergence/Limits/General.lean,44,native_decide,native_decide,comment,,-- `opaque`/`native_decide`/proof-disabling option is used.
NumStability.Analysis.LinearOperators.MatrixPowers.Semiconvergence.Limits.General,NumStability/Analysis/LinearOperators/MatrixPowers/Semiconvergence/Limits/General.lean,44,opaque,opaque,comment,,-- `opaque`/`native_decide`/proof-disabling option is used.
NumStability.Analysis.LinearOperators.MatrixPowers.Semiconvergence.Limits.General,NumStability/Analysis/LinearOperators/MatrixPowers/Semiconvergence/Limits/General.lean,795,sorry,sorry,comment,,-- No `sorry`/`admit`/`axiom`/`unsafe`/`opaque`/`native_decide`/proof-disabling
NumStability.Analysis.LinearOperators.MatrixPowers.Semiconvergence.Limits.General,NumStability/Analysis/LinearOperators/MatrixPowers/Semiconvergence/Limits/General.lean,795,admit,admit,comment,,-- No `sorry`/`admit`/`axiom`/`unsafe`/`opaque`/`native_decide`/proof-disabling
NumStability.Analysis.LinearOperators.MatrixPowers.Semiconvergence.Limits.General,NumStability/Analysis/LinearOperators/MatrixPowers/Semiconvergence/Limits/General.lean,795,axiom_word,axiom,comment,,-- No `sorry`/`admit`/`axiom`/`unsafe`/`opaque`/`native_decide`/proof-disabling
NumStability.Analysis.LinearOperators.MatrixPowers.Semiconvergence.Limits.General,NumStability/Analysis/LinearOperators/MatrixPowers/Semiconvergence/Limits/General.lean,795,unsafe,unsafe,comment,,-- No `sorry`/`admit`/`axiom`/`unsafe`/`opaque`/`native_decide`/proof-disabling
NumStability.Analysis.LinearOperators.MatrixPowers.Semiconvergence.Limits.General,NumStability/Analysis/LinearOperators/MatrixPowers/Semiconvergence/Limits/General.lean,795,native_decide,native_decide,comment,,-- No `sorry`/`admit`/`axiom`/`unsafe`/`opaque`/`native_decide`/proof-disabling
NumStability.Analysis.LinearOperators.MatrixPowers.Semiconvergence.Limits.General,NumStability/Analysis/LinearOperators/MatrixPowers/Semiconvergence/Limits/General.lean,795,opaque,opaque,comment,,-- No `sorry`/`admit`/`axiom`/`unsafe`/`opaque`/`native_decide`/proof-disabling
NumStability.Analysis.LinearOperators.MatrixPowers.Semiconvergence.Limits.RealSpectrum,NumStability/Analysis/LinearOperators/MatrixPowers/Semiconvergence/Limits/RealSpectrum.lean,72,sorry,sorry,comment,,-- IMPORT-ONLY: this module edits nothing.  No `sorry`/`admit`/`axiom`/`unsafe`/
NumStability.Analysis.LinearOperators.MatrixPowers.Semiconvergence.Limits.RealSpectrum,NumStability/Analysis/LinearOperators/MatrixPowers/Semiconvergence/Limits/RealSpectrum.lean,72,admit,admit,comment,,-- IMPORT-ONLY: this module edits nothing.  No `sorry`/`admit`/`axiom`/`unsafe`/
NumStability.Analysis.LinearOperators.MatrixPowers.Semiconvergence.Limits.RealSpectrum,NumStability/Analysis/LinearOperators/MatrixPowers/Semiconvergence/Limits/RealSpectrum.lean,72,axiom_word,axiom,comment,,-- IMPORT-ONLY: this module edits nothing.  No `sorry`/`admit`/`axiom`/`unsafe`/
NumStability.Analysis.LinearOperators.MatrixPowers.Semiconvergence.Limits.RealSpectrum,NumStability/Analysis/LinearOperators/MatrixPowers/Semiconvergence/Limits/RealSpectrum.lean,72,unsafe,unsafe,comment,,-- IMPORT-ONLY: this module edits nothing.  No `sorry`/`admit`/`axiom`/`unsafe`/
NumStability.Analysis.LinearOperators.MatrixPowers.Semiconvergence.Limits.RealSpectrum,NumStability/Analysis/LinearOperators/MatrixPowers/Semiconvergence/Limits/RealSpectrum.lean,73,native_decide,native_decide,comment,,-- `opaque`/`native_decide`/proof-disabling option is used.
NumStability.Analysis.LinearOperators.MatrixPowers.Semiconvergence.Limits.RealSpectrum,NumStability/Analysis/LinearOperators/MatrixPowers/Semiconvergence/Limits/RealSpectrum.lean,73,opaque,opaque,comment,,-- `opaque`/`native_decide`/proof-disabling option is used.
NumStability.Analysis.LinearOperators.MatrixPowers.Semiconvergence.Limits.RealSpectrum,NumStability/Analysis/LinearOperators/MatrixPowers/Semiconvergence/Limits/RealSpectrum.lean,645,sorry,sorry,comment,,-- No `sorry`/`admit`/`axiom`/`unsafe`/`opaque`/`native_decide`/proof-disabling option is
NumStability.Analysis.LinearOperators.MatrixPowers.Semiconvergence.Limits.RealSpectrum,NumStability/Analysis/LinearOperators/MatrixPowers/Semiconvergence/Limits/RealSpectrum.lean,645,admit,admit,comment,,-- No `sorry`/`admit`/`axiom`/`unsafe`/`opaque`/`native_decide`/proof-disabling option is
NumStability.Analysis.LinearOperators.MatrixPowers.Semiconvergence.Limits.RealSpectrum,NumStability/Analysis/LinearOperators/MatrixPowers/Semiconvergence/Limits/RealSpectrum.lean,645,axiom_word,axiom,comment,,-- No `sorry`/`admit`/`axiom`/`unsafe`/`opaque`/`native_decide`/proof-disabling option is
NumStability.Analysis.LinearOperators.MatrixPowers.Semiconvergence.Limits.RealSpectrum,NumStability/Analysis/LinearOperators/MatrixPowers/Semiconvergence/Limits/RealSpectrum.lean,645,unsafe,unsafe,comment,,-- No `sorry`/`admit`/`axiom`/`unsafe`/`opaque`/`native_decide`/proof-disabling option is
NumStability.Analysis.LinearOperators.MatrixPowers.Semiconvergence.Limits.RealSpectrum,NumStability/Analysis/LinearOperators/MatrixPowers/Semiconvergence/Limits/RealSpectrum.lean,645,native_decide,native_decide,comment,,-- No `sorry`/`admit`/`axiom`/`unsafe`/`opaque`/`native_decide`/proof-disabling option is
NumStability.Analysis.LinearOperators.MatrixPowers.Semiconvergence.Limits.RealSpectrum,NumStability/Analysis/LinearOperators/MatrixPowers/Semiconvergence/Limits/RealSpectrum.lean,645,opaque,opaque,comment,,-- No `sorry`/`admit`/`axiom`/`unsafe`/`opaque`/`native_decide`/proof-disabling option is
NumStability.Analysis.LinearOperators.MatrixPowers.Semiconvergence.PrimarySplitting,NumStability/Analysis/LinearOperators/MatrixPowers/Semiconvergence/PrimarySplitting.lean,36,sorry,sorry,comment,,-- IMPORT-ONLY: this module edits nothing.  No `sorry`/`admit`/`axiom`/
NumStability.Analysis.LinearOperators.MatrixPowers.Semiconvergence.PrimarySplitting,NumStability/Analysis/LinearOperators/MatrixPowers/Semiconvergence/PrimarySplitting.lean,36,admit,admit,comment,,-- IMPORT-ONLY: this module edits nothing.  No `sorry`/`admit`/`axiom`/
NumStability.Analysis.LinearOperators.MatrixPowers.Semiconvergence.PrimarySplitting,NumStability/Analysis/LinearOperators/MatrixPowers/Semiconvergence/PrimarySplitting.lean,36,axiom_word,axiom,comment,,-- IMPORT-ONLY: this module edits nothing.  No `sorry`/`admit`/`axiom`/
NumStability.Analysis.LinearOperators.MatrixPowers.Semiconvergence.PrimarySplitting,NumStability/Analysis/LinearOperators/MatrixPowers/Semiconvergence/PrimarySplitting.lean,37,native_decide,native_decide,comment,,-- `native_decide`/proof-disabling option is used.
NumStability.Analysis.LinearOperators.MatrixPowers.Semiconvergence.PrimarySplitting,NumStability/Analysis/LinearOperators/MatrixPowers/Semiconvergence/PrimarySplitting.lean,780,sorry,sorry,comment,,-- No `sorry`/`admit`/`axiom`/`native_decide`/proof-disabling option is used.
NumStability.Analysis.LinearOperators.MatrixPowers.Semiconvergence.PrimarySplitting,NumStability/Analysis/LinearOperators/MatrixPowers/Semiconvergence/PrimarySplitting.lean,780,admit,admit,comment,,-- No `sorry`/`admit`/`axiom`/`native_decide`/proof-disabling option is used.
NumStability.Analysis.LinearOperators.MatrixPowers.Semiconvergence.PrimarySplitting,NumStability/Analysis/LinearOperators/MatrixPowers/Semiconvergence/PrimarySplitting.lean,780,axiom_word,axiom,comment,,-- No `sorry`/`admit`/`axiom`/`native_decide`/proof-disabling option is used.
NumStability.Analysis.LinearOperators.MatrixPowers.Semiconvergence.PrimarySplitting,NumStability/Analysis/LinearOperators/MatrixPowers/Semiconvergence/PrimarySplitting.lean,780,native_decide,native_decide,comment,,-- No `sorry`/`admit`/`axiom`/`native_decide`/proof-disabling option is used.
NumStability.Analysis.LinearOperators.MatrixPowers.Semiconvergence.QuasiTriangularBlockForm,NumStability/Analysis/LinearOperators/MatrixPowers/Semiconvergence/QuasiTriangularBlockForm.lean,63,sorry,sorry,comment,,-- No `sorry`/`admit`/`axiom`/`native_decide`/proof-disabling option is used.
NumStability.Analysis.LinearOperators.MatrixPowers.Semiconvergence.QuasiTriangularBlockForm,NumStability/Analysis/LinearOperators/MatrixPowers/Semiconvergence/QuasiTriangularBlockForm.lean,63,admit,admit,comment,,-- No `sorry`/`admit`/`axiom`/`native_decide`/proof-disabling option is used.
NumStability.Analysis.LinearOperators.MatrixPowers.Semiconvergence.QuasiTriangularBlockForm,NumStability/Analysis/LinearOperators/MatrixPowers/Semiconvergence/QuasiTriangularBlockForm.lean,63,axiom_word,axiom,comment,,-- No `sorry`/`admit`/`axiom`/`native_decide`/proof-disabling option is used.
NumStability.Analysis.LinearOperators.MatrixPowers.Semiconvergence.QuasiTriangularBlockForm,NumStability/Analysis/LinearOperators/MatrixPowers/Semiconvergence/QuasiTriangularBlockForm.lean,63,native_decide,native_decide,comment,,-- No `sorry`/`admit`/`axiom`/`native_decide`/proof-disabling option is used.
NumStability.Analysis.LinearOperators.MatrixPowers.Semiconvergence.TriangularBlockForm,NumStability/Analysis/LinearOperators/MatrixPowers/Semiconvergence/TriangularBlockForm.lean,60,sorry,sorry,comment,,-- IMPORT-ONLY: edits nothing.  No `sorry`/`admit`/`axiom`/`native_decide`/
NumStability.Analysis.LinearOperators.MatrixPowers.Semiconvergence.TriangularBlockForm,NumStability/Analysis/LinearOperators/MatrixPowers/Semiconvergence/TriangularBlockForm.lean,60,admit,admit,comment,,-- IMPORT-ONLY: edits nothing.  No `sorry`/`admit`/`axiom`/`native_decide`/
NumStability.Analysis.LinearOperators.MatrixPowers.Semiconvergence.TriangularBlockForm,NumStability/Analysis/LinearOperators/MatrixPowers/Semiconvergence/TriangularBlockForm.lean,60,axiom_word,axiom,comment,,-- IMPORT-ONLY: edits nothing.  No `sorry`/`admit`/`axiom`/`native_decide`/
NumStability.Analysis.LinearOperators.MatrixPowers.Semiconvergence.TriangularBlockForm,NumStability/Analysis/LinearOperators/MatrixPowers/Semiconvergence/TriangularBlockForm.lean,60,native_decide,native_decide,comment,,-- IMPORT-ONLY: edits nothing.  No `sorry`/`admit`/`axiom`/`native_decide`/
NumStability.Analysis.LinearOperators.NumericalRadius.Berger.Hermitian,NumStability/Analysis/LinearOperators/NumericalRadius/Berger/Hermitian.lean,51,sorry,sorry,comment,,"Main results (all over `ℂ`, no `sorry`/`axiom`, standard axioms only):"
NumStability.Analysis.LinearOperators.NumericalRadius.Berger.Hermitian,NumStability/Analysis/LinearOperators/NumericalRadius/Berger/Hermitian.lean,51,axiom_word,axiom,comment,,"Main results (all over `ℂ`, no `sorry`/`axiom`, standard axioms only):"
NumStability.Analysis.LinearOperators.NumericalRadius.Berger.Hermitian,NumStability/Analysis/LinearOperators/NumericalRadius/Berger/Hermitian.lean,51,axiom_word,axioms,comment,,"Main results (all over `ℂ`, no `sorry`/`axiom`, standard axioms only):"
NumStability.Analysis.LinearOperators.NumericalRadius.Berger.PowerTwo,NumStability/Analysis/LinearOperators/NumericalRadius/Berger/PowerTwo.lean,31,sorry,sorry,comment,,"# What is proved here (all over `ℂ`, unconditional, no `sorry`/`axiom`)"
NumStability.Analysis.LinearOperators.NumericalRadius.Berger.PowerTwo,NumStability/Analysis/LinearOperators/NumericalRadius/Berger/PowerTwo.lean,31,axiom_word,axiom,comment,,"# What is proved here (all over `ℂ`, unconditional, no `sorry`/`axiom`)"
NumStability.Analysis.LinearOperators.Pseudospectra.Perturbation.ConvergenceCriterion,NumStability/Analysis/LinearOperators/Pseudospectra/Perturbation/ConvergenceCriterion.lean,276,sorry,sorry,comment,,"-- `[propext, Classical.choice, Quot.sound]` — no `sorry`, `admit`, custom"
NumStability.Analysis.LinearOperators.Pseudospectra.Perturbation.ConvergenceCriterion,NumStability/Analysis/LinearOperators/Pseudospectra/Perturbation/ConvergenceCriterion.lean,276,admit,admit,comment,,"-- `[propext, Classical.choice, Quot.sound]` — no `sorry`, `admit`, custom"
NumStability.Analysis.LinearOperators.Pseudospectra.Perturbation.ConvergenceCriterion,NumStability/Analysis/LinearOperators/Pseudospectra/Perturbation/ConvergenceCriterion.lean,277,axiom_word,axiom,comment,,"-- axiom, `unsafe`, `opaque`, or `set_option` escape hatch."
NumStability.Analysis.LinearOperators.Pseudospectra.Perturbation.ConvergenceCriterion,NumStability/Analysis/LinearOperators/Pseudospectra/Perturbation/ConvergenceCriterion.lean,277,unsafe,unsafe,comment,,"-- axiom, `unsafe`, `opaque`, or `set_option` escape hatch."
NumStability.Analysis.LinearOperators.Pseudospectra.Perturbation.ConvergenceCriterion,NumStability/Analysis/LinearOperators/Pseudospectra/Perturbation/ConvergenceCriterion.lean,277,opaque,opaque,comment,,"-- axiom, `unsafe`, `opaque`, or `set_option` escape hatch."
NumStability.Analysis.LinearOperators.Pseudospectra.Perturbation.LowerBounds,NumStability/Analysis/LinearOperators/Pseudospectra/Perturbation/LowerBounds.lean,76,axiom_word,axioms,comment,,-- axioms); the homogeneous-`Nm` and 2-norm corollaries only add properties that
NumStability.Analysis.LinearOperators.Pseudospectra.Resolvent.LowerBounds,NumStability/Analysis/LinearOperators/Pseudospectra/Resolvent/LowerBounds.lean,204,sorry,sorry,comment,,"-- `[propext, Classical.choice, Quot.sound]` — no `sorry`, `admit`, custom"
NumStability.Analysis.LinearOperators.Pseudospectra.Resolvent.LowerBounds,NumStability/Analysis/LinearOperators/Pseudospectra/Resolvent/LowerBounds.lean,204,admit,admit,comment,,"-- `[propext, Classical.choice, Quot.sound]` — no `sorry`, `admit`, custom"
NumStability.Analysis.LinearOperators.Pseudospectra.Resolvent.LowerBounds,NumStability/Analysis/LinearOperators/Pseudospectra/Resolvent/LowerBounds.lean,205,axiom_word,axiom,comment,,"-- axiom, `unsafe`, `opaque`, `native_decide`, or `set_option` escape hatch."
NumStability.Analysis.LinearOperators.Pseudospectra.Resolvent.LowerBounds,NumStability/Analysis/LinearOperators/Pseudospectra/Resolvent/LowerBounds.lean,205,unsafe,unsafe,comment,,"-- axiom, `unsafe`, `opaque`, `native_decide`, or `set_option` escape hatch."
NumStability.Analysis.LinearOperators.Pseudospectra.Resolvent.LowerBounds,NumStability/Analysis/LinearOperators/Pseudospectra/Resolvent/LowerBounds.lean,205,native_decide,native_decide,comment,,"-- axiom, `unsafe`, `opaque`, `native_decide`, or `set_option` escape hatch."
NumStability.Analysis.LinearOperators.Pseudospectra.Resolvent.LowerBounds,NumStability/Analysis/LinearOperators/Pseudospectra/Resolvent/LowerBounds.lean,205,opaque,opaque,comment,,"-- axiom, `unsafe`, `opaque`, `native_decide`, or `set_option` escape hatch."
NumStability.Analysis.MatrixNorms.UnitarilyInvariant,NumStability/Analysis/MatrixNorms/UnitarilyInvariant.lean,21,axiom_word,axioms,comment,,/-- Source-facing fixed rectangular matrix norm axioms plus left/right unitary
NumStability.Analysis.SemiconvergentExistenceGaps,NumStability/Analysis/SemiconvergentExistenceGaps.lean,47,sorry,sorry,comment,,-- No `sorry`/`admit`/`axiom`.
NumStability.Analysis.SemiconvergentExistenceGaps,NumStability/Analysis/SemiconvergentExistenceGaps.lean,47,admit,admit,comment,,-- No `sorry`/`admit`/`axiom`.
NumStability.Analysis.SemiconvergentExistenceGaps,NumStability/Analysis/SemiconvergentExistenceGaps.lean,47,axiom_word,axiom,comment,,-- No `sorry`/`admit`/`axiom`.
NumStability.Analysis.SemiconvergentSpectral,NumStability/Analysis/SemiconvergentSpectral.lean,53,sorry,sorry,comment,,-- No `sorry`/`admit`/`axiom`.
NumStability.Analysis.SemiconvergentSpectral,NumStability/Analysis/SemiconvergentSpectral.lean,53,admit,admit,comment,,-- No `sorry`/`admit`/`axiom`.
NumStability.Analysis.SemiconvergentSpectral,NumStability/Analysis/SemiconvergentSpectral.lean,53,axiom_word,axiom,comment,,-- No `sorry`/`admit`/`axiom`.
NumStability.Analysis.SingularValues.InverseBounds.Gram,NumStability/Analysis/SingularValues/InverseBounds/Gram.lean,329,axiom_word,axioms,comment,,-- `#print axioms` for all public results above reports exactly
NumStability.Analysis.SingularValues.InverseBounds.Gram,NumStability/Analysis/SingularValues/InverseBounds/Gram.lean,331,axiom_word,axioms,comment,,-- (the standard Mathlib trio); no incomplete-proof or custom axioms.
NumStability.Analysis.SingularValues.InverseBounds.Gram,NumStability/Analysis/SingularValues/InverseBounds/Gram.lean,333,axiom_word,axioms,comment,,-- #print axioms vecNorm2_le_inv_sigmaMin_mul_matMulVec
NumStability.Analysis.SingularValues.InverseBounds.Gram,NumStability/Analysis/SingularValues/InverseBounds/Gram.lean,334,axiom_word,axioms,comment,,-- #print axioms sigmaMin_mul_vecNorm2_le_matMulVec
NumStability.Analysis.SingularValues.InverseBounds.Gram,NumStability/Analysis/SingularValues/InverseBounds/Gram.lean,335,axiom_word,axioms,comment,,-- #print axioms rayleigh_lower_bound_of_le_finiteHermitianEigenvalues
NumStability.Analysis.SingularValues.InverseBounds.Gram,NumStability/Analysis/SingularValues/InverseBounds/Gram.lean,336,axiom_word,axioms,comment,,-- #print axioms sylvesterInverseOpBound_of_sigmaMin
NumStability.Analysis.SingularValues.InverseBounds.Gram,NumStability/Analysis/SingularValues/InverseBounds/Gram.lean,337,axiom_word,axioms,comment,,-- #print axioms lyapunovInverseOpBound_of_sigmaMin
NumStability.Analysis.SingularValues.InverseBounds.OperatorTwo,NumStability/Analysis/SingularValues/InverseBounds/OperatorTwo.lean,331,axiom_word,axioms,comment,,-- `#print axioms` for all public results above reports exactly
NumStability.Analysis.SingularValues.InverseBounds.OperatorTwo,NumStability/Analysis/SingularValues/InverseBounds/OperatorTwo.lean,333,axiom_word,axioms,comment,,-- (the standard Mathlib trio); no incomplete-proof or custom axioms.
NumStability.Analysis.SingularValues.InverseBounds.OperatorTwo,NumStability/Analysis/SingularValues/InverseBounds/OperatorTwo.lean,335,axiom_word,axioms,comment,,-- #print axioms vecNorm2_le_inv_sigmaMin_mul_matMulVec
NumStability.Analysis.SingularValues.InverseBounds.OperatorTwo,NumStability/Analysis/SingularValues/InverseBounds/OperatorTwo.lean,336,axiom_word,axioms,comment,,-- #print axioms sigmaMin_mul_vecNorm2_le_matMulVec
NumStability.Analysis.SingularValues.InverseBounds.OperatorTwo,NumStability/Analysis/SingularValues/InverseBounds/OperatorTwo.lean,337,axiom_word,axioms,comment,,-- #print axioms rayleigh_lower_bound_of_le_finiteHermitianEigenvalues
NumStability.Analysis.SingularValues.InverseBounds.OperatorTwo,NumStability/Analysis/SingularValues/InverseBounds/OperatorTwo.lean,338,axiom_word,axioms,comment,,-- #print axioms sylvesterInverseOpBound_of_sigmaMin
NumStability.Analysis.SingularValues.InverseBounds.OperatorTwo,NumStability/Analysis/SingularValues/InverseBounds/OperatorTwo.lean,339,axiom_word,axioms,comment,,-- #print axioms lyapunovInverseOpBound_of_sigmaMin
NumStability.Analysis.SingularValues.InverseBounds.Rayleigh,NumStability/Analysis/SingularValues/InverseBounds/Rayleigh.lean,329,axiom_word,axioms,comment,,-- `#print axioms` for all public results above reports exactly
NumStability.Analysis.SingularValues.InverseBounds.Rayleigh,NumStability/Analysis/SingularValues/InverseBounds/Rayleigh.lean,331,axiom_word,axioms,comment,,-- (the standard Mathlib trio); no incomplete-proof or custom axioms.
NumStability.Analysis.SingularValues.InverseBounds.Rayleigh,NumStability/Analysis/SingularValues/InverseBounds/Rayleigh.lean,333,axiom_word,axioms,comment,,-- #print axioms vecNorm2_le_inv_sigmaMin_mul_matMulVec
NumStability.Analysis.SingularValues.InverseBounds.Rayleigh,NumStability/Analysis/SingularValues/InverseBounds/Rayleigh.lean,334,axiom_word,axioms,comment,,-- #print axioms sigmaMin_mul_vecNorm2_le_matMulVec
NumStability.Analysis.SingularValues.InverseBounds.Rayleigh,NumStability/Analysis/SingularValues/InverseBounds/Rayleigh.lean,335,axiom_word,axioms,comment,,-- #print axioms rayleigh_lower_bound_of_le_finiteHermitianEigenvalues
NumStability.Analysis.SingularValues.InverseBounds.Rayleigh,NumStability/Analysis/SingularValues/InverseBounds/Rayleigh.lean,336,axiom_word,axioms,comment,,-- #print axioms sylvesterInverseOpBound_of_sigmaMin
NumStability.Analysis.SingularValues.InverseBounds.Rayleigh,NumStability/Analysis/SingularValues/InverseBounds/Rayleigh.lean,337,axiom_word,axioms,comment,,-- #print axioms lyapunovInverseOpBound_of_sigmaMin
NumStability.Analysis.VectorNorms.Basic,NumStability/Analysis/VectorNorms/Basic.lean,68,axiom_word,axioms,comment,,"/-- Abstract vector norm axioms for functions `C^n -> R`, matching the three"
NumStability.Analysis.VectorNorms.Basic,NumStability/Analysis/VectorNorms/Basic.lean,69,axiom_word,axioms,comment,,"axioms listed at the start of Higham, Chapter 6, Section 6.1. -/"
NumStability.Analysis.VectorNorms.Basic,NumStability/Analysis/VectorNorms/Basic.lean,78,axiom_word,axioms,comment,,the norm axioms are used. -/
NumStability.Analysis.VectorNorms.Basic,NumStability/Analysis/VectorNorms/Basic.lean,94,axiom_word,axioms,comment,,/-- Mathlib's finite-product `L^p` norm satisfies the vector-norm axioms for
NumStability.Analysis.VectorNorms.Basic,NumStability/Analysis/VectorNorms/Basic.lean,591,axiom_word,axioms,comment,,/-- Real-vector norm axioms on the underlying real vector space of `C^n`. -/
NumStability.Source.Higham.Chapter02.Problem01.FloatingPointCounts.Basic,NumStability/Source/Higham/Chapter02/Problem01/FloatingPointCounts/Basic.lean,162,native_decide,native_decide,code,native_decide_tactic,native_decide
NumStability.Source.Higham.Chapter02.Problem01.FloatingPointCounts.Basic,NumStability/Source/Higham/Chapter02/Problem01/FloatingPointCounts/Basic.lean,181,native_decide,native_decide,code,native_decide_tactic,native_decide
NumStability.Source.Higham.Chapter02.Problem01.FloatingPointCounts.Basic,NumStability/Source/Higham/Chapter02/Problem01/FloatingPointCounts/Basic.lean,193,native_decide,native_decide,code,native_decide_tactic,native_decide
NumStability.Source.Higham.Chapter02.Problem01.FloatingPointCounts.Basic,NumStability/Source/Higham/Chapter02/Problem01/FloatingPointCounts/Basic.lean,213,native_decide,native_decide,code,native_decide_tactic,native_decide
NumStability.Source.Higham.Chapter02.Problems15And16.SpecialValueProbes.Basic,NumStability/Source/Higham/Chapter02/Problems15And16/SpecialValueProbes/Basic.lean,65,axiom_word,axioms,comment,,The absence of axioms on this structure is deliberate: these probes are not
NumStability.Source.Higham.Chapter02.Section11.AccuracyTests.Basic,NumStability/Source/Higham/Chapter02/Section11/AccuracyTests/Basic.lean,185,native_decide,native_decide,code,native_decide_tactic,native_decide)
NumStability.Source.Higham.Chapter02.Section11.AccuracyTests.Basic,NumStability/Source/Higham/Chapter02/Section11/AccuracyTests/Basic.lean,208,native_decide,native_decide,code,native_decide_tactic,native_decide)
NumStability.Source.Higham.Chapter04.Equation08.ModelStrength,NumStability/Source/Higham/Chapter04/Equation08/ModelStrength.lean,184,axiom_word,axioms,comment,,bare `FPModel` axioms alone. -/
NumStability.Source.Higham.Chapter05.Problem04.LejaOrdering.Basic,NumStability/Source/Higham/Chapter05/Problem04/LejaOrdering/Basic.lean,310,opaque,opaque,comment,,from the functional list producer: it does not pretend that Lean's opaque
NumStability.Source.Higham.Chapter09.Problems,NumStability/Source/Higham/Chapter09/Problems.lean,26037,admit,admit,comment,,magnitudes of a normalized rook LU factorization admit a descending
NumStability.Source.Higham.Chapter11.AasenDirect118,NumStability/Source/Higham/Chapter11/AasenDirect118.lean,89,sorry,sorry,comment,,No `sorry`/`admit`/`axiom`/`native_decide`; everything below is derived from the
NumStability.Source.Higham.Chapter11.AasenDirect118,NumStability/Source/Higham/Chapter11/AasenDirect118.lean,89,admit,admit,comment,,No `sorry`/`admit`/`axiom`/`native_decide`; everything below is derived from the
NumStability.Source.Higham.Chapter11.AasenDirect118,NumStability/Source/Higham/Chapter11/AasenDirect118.lean,89,axiom_word,axiom,comment,,No `sorry`/`admit`/`axiom`/`native_decide`; everything below is derived from the
NumStability.Source.Higham.Chapter11.AasenDirect118,NumStability/Source/Higham/Chapter11/AasenDirect118.lean,89,native_decide,native_decide,comment,,No `sorry`/`admit`/`axiom`/`native_decide`; everything below is derived from the
NumStability.Source.Higham.Chapter11.AasenTridiagGEPP,NumStability/Source/Higham/Chapter11/AasenTridiagGEPP.lean,89,sorry,sorry,comment,,No `sorry`/`admit`/`axiom`/`native_decide`; everything below is derived from the
NumStability.Source.Higham.Chapter11.AasenTridiagGEPP,NumStability/Source/Higham/Chapter11/AasenTridiagGEPP.lean,89,admit,admit,comment,,No `sorry`/`admit`/`axiom`/`native_decide`; everything below is derived from the
NumStability.Source.Higham.Chapter11.AasenTridiagGEPP,NumStability/Source/Higham/Chapter11/AasenTridiagGEPP.lean,89,axiom_word,axiom,comment,,No `sorry`/`admit`/`axiom`/`native_decide`; everything below is derived from the
NumStability.Source.Higham.Chapter11.AasenTridiagGEPP,NumStability/Source/Higham/Chapter11/AasenTridiagGEPP.lean,89,native_decide,native_decide,comment,,No `sorry`/`admit`/`axiom`/`native_decide`; everything below is derived from the
NumStability.Source.Higham.Chapter11.BlockLDLTBunchTridiagonal,NumStability/Source/Higham/Chapter11/BlockLDLTBunchTridiagonal.lean,35,sorry,sorry,comment,,No `sorry`/`admit`/`axiom`/`native_decide`.
NumStability.Source.Higham.Chapter11.BlockLDLTBunchTridiagonal,NumStability/Source/Higham/Chapter11/BlockLDLTBunchTridiagonal.lean,35,admit,admit,comment,,No `sorry`/`admit`/`axiom`/`native_decide`.
NumStability.Source.Higham.Chapter11.BlockLDLTBunchTridiagonal,NumStability/Source/Higham/Chapter11/BlockLDLTBunchTridiagonal.lean,35,axiom_word,axiom,comment,,No `sorry`/`admit`/`axiom`/`native_decide`.
NumStability.Source.Higham.Chapter11.BlockLDLTBunchTridiagonal,NumStability/Source/Higham/Chapter11/BlockLDLTBunchTridiagonal.lean,35,native_decide,native_decide,comment,,No `sorry`/`admit`/`axiom`/`native_decide`.
NumStability.Source.Higham.Chapter11.BunchKaufman.SourceCorrection,NumStability/Source/Higham/Chapter11/BunchKaufman/SourceCorrection.lean,290,axiom_word,axioms,code,print_axioms_diagnostic_command,#print axioms higham11_4_exact_product_bound_does_not_imply_same_computed_bound
NumStability.Source.Higham.Chapter11.BunchKaufman.SourceCorrection,NumStability/Source/Higham/Chapter11/BunchKaufman/SourceCorrection.lean,291,axiom_word,axioms,code,print_axioms_diagnostic_command,#print axioms higham11_4_computed_productEntry_le_of_relative_factor_perturbations
NumStability.Source.Higham.Chapter11.BunchKaufman.SourceCorrection,NumStability/Source/Higham/Chapter11/BunchKaufman/SourceCorrection.lean,292,axiom_word,axioms,code,print_axioms_diagnostic_command,#print axioms higham11_4_computed_absLDLT_maxEntryNorm_le_of_relative_factor_bounds
NumStability.Source.Higham.Chapter11.BunchKaufman.SourceCorrection,NumStability/Source/Higham/Chapter11/BunchKaufman/SourceCorrection.lean,293,axiom_word,axioms,code,print_axioms_diagnostic_command,#print axioms higham11_4_computed_productMax_le_higham1997_exact_bound_finite_u
NumStability.Source.Higham.Chapter11.BunchKaufman.SourceCorrection,NumStability/Source/Higham/Chapter11/BunchKaufman/SourceCorrection.lean,294,axiom_word,axioms,code,print_axioms_diagnostic_command,#print axioms higham11_4_first_order_times_computed_productMax_le_exact_plus_second_order
NumStability.Source.Higham.Chapter11.BunchKaufmanSolve,NumStability/Source/Higham/Chapter11/BunchKaufmanSolve.lean,34,axiom_word,axioms,comment,,factorization residual are all carried out there with no new axioms and no
NumStability.Source.Higham.Chapter11.BunchKaufmanSolve,NumStability/Source/Higham/Chapter11/BunchKaufmanSolve.lean,35,sorry,sorry,comment,,`sorry`.
NumStability.Source.Higham.Chapter11.BunchKaufmanSolve,NumStability/Source/Higham/Chapter11/BunchKaufmanSolve.lean,70,sorry,sorry,comment,,No `sorry`/`admit`/`axiom`/`native_decide`.
NumStability.Source.Higham.Chapter11.BunchKaufmanSolve,NumStability/Source/Higham/Chapter11/BunchKaufmanSolve.lean,70,admit,admit,comment,,No `sorry`/`admit`/`axiom`/`native_decide`.
NumStability.Source.Higham.Chapter11.BunchKaufmanSolve,NumStability/Source/Higham/Chapter11/BunchKaufmanSolve.lean,70,axiom_word,axiom,comment,,No `sorry`/`admit`/`axiom`/`native_decide`.
NumStability.Source.Higham.Chapter11.BunchKaufmanSolve,NumStability/Source/Higham/Chapter11/BunchKaufmanSolve.lean,70,native_decide,native_decide,comment,,No `sorry`/`admit`/`axiom`/`native_decide`.
NumStability.Source.Higham.Chapter11.BunchTridiagonalHFactor,NumStability/Source/Higham/Chapter11/BunchTridiagonalHFactor.lean,50,sorry,sorry,comment,,No `sorry`/`admit`/`axiom`/`native_decide`.
NumStability.Source.Higham.Chapter11.BunchTridiagonalHFactor,NumStability/Source/Higham/Chapter11/BunchTridiagonalHFactor.lean,50,admit,admit,comment,,No `sorry`/`admit`/`axiom`/`native_decide`.
NumStability.Source.Higham.Chapter11.BunchTridiagonalHFactor,NumStability/Source/Higham/Chapter11/BunchTridiagonalHFactor.lean,50,axiom_word,axiom,comment,,No `sorry`/`admit`/`axiom`/`native_decide`.
NumStability.Source.Higham.Chapter11.BunchTridiagonalHFactor,NumStability/Source/Higham/Chapter11/BunchTridiagonalHFactor.lean,50,native_decide,native_decide,comment,,No `sorry`/`admit`/`axiom`/`native_decide`.
NumStability.Source.Higham.Chapter11.BunchTridiagonalHFactor,NumStability/Source/Higham/Chapter11/BunchTridiagonalHFactor.lean,855,sorry,sorry,comment,,**Fully derived here (no `sorry`/`admit`/`axiom`/`native_decide`; axioms
NumStability.Source.Higham.Chapter11.BunchTridiagonalHFactor,NumStability/Source/Higham/Chapter11/BunchTridiagonalHFactor.lean,855,admit,admit,comment,,**Fully derived here (no `sorry`/`admit`/`axiom`/`native_decide`; axioms
NumStability.Source.Higham.Chapter11.BunchTridiagonalHFactor,NumStability/Source/Higham/Chapter11/BunchTridiagonalHFactor.lean,855,axiom_word,axiom,comment,,**Fully derived here (no `sorry`/`admit`/`axiom`/`native_decide`; axioms
NumStability.Source.Higham.Chapter11.BunchTridiagonalHFactor,NumStability/Source/Higham/Chapter11/BunchTridiagonalHFactor.lean,855,axiom_word,axioms,comment,,**Fully derived here (no `sorry`/`admit`/`axiom`/`native_decide`; axioms
NumStability.Source.Higham.Chapter11.BunchTridiagonalHFactor,NumStability/Source/Higham/Chapter11/BunchTridiagonalHFactor.lean,855,native_decide,native_decide,comment,,**Fully derived here (no `sorry`/`admit`/`axiom`/`native_decide`; axioms
NumStability.Source.Higham.Chapter11.TwoByTwoSchurStep,NumStability/Source/Higham/Chapter11/TwoByTwoSchurStep.lean,54,sorry,sorry,comment,,No `sorry`/`admit`/`axiom`/`unsafe`/`opaque`/`native_decide`.
NumStability.Source.Higham.Chapter11.TwoByTwoSchurStep,NumStability/Source/Higham/Chapter11/TwoByTwoSchurStep.lean,54,admit,admit,comment,,No `sorry`/`admit`/`axiom`/`unsafe`/`opaque`/`native_decide`.
NumStability.Source.Higham.Chapter11.TwoByTwoSchurStep,NumStability/Source/Higham/Chapter11/TwoByTwoSchurStep.lean,54,axiom_word,axiom,comment,,No `sorry`/`admit`/`axiom`/`unsafe`/`opaque`/`native_decide`.
NumStability.Source.Higham.Chapter11.TwoByTwoSchurStep,NumStability/Source/Higham/Chapter11/TwoByTwoSchurStep.lean,54,unsafe,unsafe,comment,,No `sorry`/`admit`/`axiom`/`unsafe`/`opaque`/`native_decide`.
NumStability.Source.Higham.Chapter11.TwoByTwoSchurStep,NumStability/Source/Higham/Chapter11/TwoByTwoSchurStep.lean,54,native_decide,native_decide,comment,,No `sorry`/`admit`/`axiom`/`unsafe`/`opaque`/`native_decide`.
NumStability.Source.Higham.Chapter11.TwoByTwoSchurStep,NumStability/Source/Higham/Chapter11/TwoByTwoSchurStep.lean,54,opaque,opaque,comment,,No `sorry`/`admit`/`axiom`/`unsafe`/`opaque`/`native_decide`.
NumStability.Source.Higham.Chapter13.Problem04.ScalarGrowthBridge,NumStability/Source/Higham/Chapter13/Problem04/ScalarGrowthBridge.lean,14,admit,admit,comment,,need not admit no-pivot scalar LU in the fixed within-block ordering.  The
NumStability.Source.Higham.Chapter18.Section01.MatrixPowerBounds.Equations04And05.RealJordan,NumStability/Source/Higham/Chapter18/Section01/MatrixPowerBounds/Equations04And05/RealJordan.lean,588,axiom_word,axiom,comment,,-- Theorem 18.1: axiom-free end-to-end forms (real Jordan data)
NumStability.Source.Higham.Chapter18.Section02.FinitePrecisionPowers.Equations08To14.ComplexSimilarity,NumStability/Source/Higham/Chapter18/Section02/FinitePrecisionPowers/Equations08To14/ComplexSimilarity.lean,955,axiom_word,axiom,comment,,-- Theorem 18.1: axiom-free end-to-end forms (complex Jordan data)
NumStability.Source.Higham.Chapter18.Section02.FinitePrecisionPowers.Theorems01And02.ComplexJordan,NumStability/Source/Higham/Chapter18/Section02/FinitePrecisionPowers/Theorems01And02/ComplexJordan.lean,957,axiom_word,axiom,comment,,-- Theorem 18.1: axiom-free end-to-end forms (complex Jordan data)
NumStability.Source.Higham.Chapter18.Section02.FinitePrecisionPowers.Theorems01And02.PseudospectralCriterion,NumStability/Source/Higham/Chapter18/Section02/FinitePrecisionPowers/Theorems01And02/PseudospectralCriterion.lean,281,sorry,sorry,comment,,"-- `[propext, Classical.choice, Quot.sound]` — no `sorry`, `admit`, custom"
NumStability.Source.Higham.Chapter18.Section02.FinitePrecisionPowers.Theorems01And02.PseudospectralCriterion,NumStability/Source/Higham/Chapter18/Section02/FinitePrecisionPowers/Theorems01And02/PseudospectralCriterion.lean,281,admit,admit,comment,,"-- `[propext, Classical.choice, Quot.sound]` — no `sorry`, `admit`, custom"
NumStability.Source.Higham.Chapter18.Section02.FinitePrecisionPowers.Theorems01And02.PseudospectralCriterion,NumStability/Source/Higham/Chapter18/Section02/FinitePrecisionPowers/Theorems01And02/PseudospectralCriterion.lean,282,axiom_word,axiom,comment,,"-- axiom, `unsafe`, `opaque`, or `set_option` escape hatch."
NumStability.Source.Higham.Chapter18.Section02.FinitePrecisionPowers.Theorems01And02.PseudospectralCriterion,NumStability/Source/Higham/Chapter18/Section02/FinitePrecisionPowers/Theorems01And02/PseudospectralCriterion.lean,282,unsafe,unsafe,comment,,"-- axiom, `unsafe`, `opaque`, or `set_option` escape hatch."
NumStability.Source.Higham.Chapter18.Section02.FinitePrecisionPowers.Theorems01And02.PseudospectralCriterion,NumStability/Source/Higham/Chapter18/Section02/FinitePrecisionPowers/Theorems01And02/PseudospectralCriterion.lean,282,opaque,opaque,comment,,"-- axiom, `unsafe`, `opaque`, or `set_option` escape hatch."
NumStability.Source.Higham.Chapter18.Section02.FinitePrecisionPowers.Theorems01And02.RealCases,NumStability/Source/Higham/Chapter18/Section02/FinitePrecisionPowers/Theorems01And02/RealCases.lean,500,axiom_word,axiom,comment,,`JordanFormSpec.similarity_absorbs` (an undischarged axiom — see there) and
NumStability.Source.Higham.Chapter18.Section02.FinitePrecisionPowers.Theorems01And02.RealCases,NumStability/Source/Higham/Chapter18/Section02/FinitePrecisionPowers/Theorems01And02/RealCases.lean,502,axiom_word,axiom,comment,,for Theorem 18.1 remains OPEN until that axiom is discharged.
NumStability.Source.Higham.Chapter18.Section02.FinitePrecisionPowers.Theorems01And02.RealCases,NumStability/Source/Higham/Chapter18/Section02/FinitePrecisionPowers/Theorems01And02/RealCases.lean,574,axiom_word,axiom,comment,,Still conditional on the `similarity_absorbs` axiom; the Theorem 18.1
NumStability.Source.Higham.Chapter18.Section02.FinitePrecisionPowers.Theorems01And02.RealCases,NumStability/Source/Higham/Chapter18/Section02/FinitePrecisionPowers/Theorems01And02/RealCases.lean,606,axiom_word,axiom,comment,,conditional on the `similarity_absorbs` axiom via `higham_knight_18_1`;
NumStability.Source.Higham.Chapter18.Section02.FinitePrecisionPowers.Theorems01And02.RealJordan,NumStability/Source/Higham/Chapter18/Section02/FinitePrecisionPowers/Theorems01And02/RealJordan.lean,591,axiom_word,axiom,comment,,-- Theorem 18.1: axiom-free end-to-end forms (real Jordan data)
NumStability.Source.Higham.Chapter19.Algorithm11.CGSRounded,NumStability/Source/Higham/Chapter19/Algorithm11/CGSRounded.lean,65,placeholder_marker,placeholder,comment,,columns are placeholder zeros.  `fl_classicalGramSchmidt` reads off stage `n`.
NumStability.Source.Higham.Chapter19.Algorithm11.CGSRounded,NumStability/Source/Higham/Chapter19/Algorithm11/CGSRounded.lean,140,placeholder_marker,placeholder,comment,,"placeholder zeros (Higham Alg. 19.11, page 373). -/"
NumStability.Source.Higham.Chapter19.Algorithm11.CGSRounded,NumStability/Source/Higham/Chapter19/Algorithm11/CGSRounded.lean,643,placeholder_marker,placeholder,comment,,/-- Below-diagonal `R` entries are the placeholder zeros at every stage: one CGS
NumStability.Source.Higham.Chapter19.Theorem06.ColumnPivot,NumStability/Source/Higham/Chapter19/Theorem06/ColumnPivot.lean,42,sorry,sorry,comment,,assumed.  No `sorry`/`admit`/`axiom`/proof-disabling `set_option`; the only edit
NumStability.Source.Higham.Chapter19.Theorem06.ColumnPivot,NumStability/Source/Higham/Chapter19/Theorem06/ColumnPivot.lean,42,admit,admit,comment,,assumed.  No `sorry`/`admit`/`axiom`/proof-disabling `set_option`; the only edit
NumStability.Source.Higham.Chapter19.Theorem06.ColumnPivot,NumStability/Source/Higham/Chapter19/Theorem06/ColumnPivot.lean,42,axiom_word,axiom,comment,,assumed.  No `sorry`/`admit`/`axiom`/proof-disabling `set_option`; the only edit
NumStability.Source.Higham.Chapter19.Theorem06.ColumnPivot,NumStability/Source/Higham/Chapter19/Theorem06/ColumnPivot.lean,414,sorry,sorry,comment,,No `sorry`/`admit`/`axiom`/proof-disabling `set_option` anywhere in this file;
NumStability.Source.Higham.Chapter19.Theorem06.ColumnPivot,NumStability/Source/Higham/Chapter19/Theorem06/ColumnPivot.lean,414,admit,admit,comment,,No `sorry`/`admit`/`axiom`/proof-disabling `set_option` anywhere in this file;
NumStability.Source.Higham.Chapter19.Theorem06.ColumnPivot,NumStability/Source/Higham/Chapter19/Theorem06/ColumnPivot.lean,414,axiom_word,axiom,comment,,No `sorry`/`admit`/`axiom`/proof-disabling `set_option` anywhere in this file;
NumStability.Source.Higham.Chapter19.Theorem06.ColumnPivotFull,NumStability/Source/Higham/Chapter19/Theorem06/ColumnPivotFull.lean,56,sorry,sorry,comment,,smuggled.  No `sorry`/`admit`/`axiom`/proof-disabling `set_option`; new file only.
NumStability.Source.Higham.Chapter19.Theorem06.ColumnPivotFull,NumStability/Source/Higham/Chapter19/Theorem06/ColumnPivotFull.lean,56,admit,admit,comment,,smuggled.  No `sorry`/`admit`/`axiom`/proof-disabling `set_option`; new file only.
NumStability.Source.Higham.Chapter19.Theorem06.ColumnPivotFull,NumStability/Source/Higham/Chapter19/Theorem06/ColumnPivotFull.lean,56,axiom_word,axiom,comment,,smuggled.  No `sorry`/`admit`/`axiom`/proof-disabling `set_option`; new file only.
NumStability.Source.Higham.Chapter19.Theorem06.CoxHigham,NumStability/Source/Higham/Chapter19/Theorem06/CoxHigham.lean,69,sorry,sorry,comment,,`sorry`/`admit`/`axiom`; import-only; no edits to existing files.
NumStability.Source.Higham.Chapter19.Theorem06.CoxHigham,NumStability/Source/Higham/Chapter19/Theorem06/CoxHigham.lean,69,admit,admit,comment,,`sorry`/`admit`/`axiom`; import-only; no edits to existing files.
NumStability.Source.Higham.Chapter19.Theorem06.CoxHigham,NumStability/Source/Higham/Chapter19/Theorem06/CoxHigham.lean,69,axiom_word,axiom,comment,,`sorry`/`admit`/`axiom`; import-only; no edits to existing files.
NumStability.Source.Higham.Chapter19.Theorem06.CoxHighamAssembly,NumStability/Source/Higham/Chapter19/Theorem06/CoxHighamAssembly.lean,82,sorry,sorry,comment,,No `sorry`/`admit`/`axiom`/proof-disabling `set_option`; import-only; no edits to
NumStability.Source.Higham.Chapter19.Theorem06.CoxHighamAssembly,NumStability/Source/Higham/Chapter19/Theorem06/CoxHighamAssembly.lean,82,admit,admit,comment,,No `sorry`/`admit`/`axiom`/proof-disabling `set_option`; import-only; no edits to
NumStability.Source.Higham.Chapter19.Theorem06.CoxHighamAssembly,NumStability/Source/Higham/Chapter19/Theorem06/CoxHighamAssembly.lean,82,axiom_word,axiom,comment,,No `sorry`/`admit`/`axiom`/proof-disabling `set_option`; import-only; no edits to
NumStability.Source.Higham.Chapter19.Theorem06.CoxHighamConcrete,NumStability/Source/Higham/Chapter19/Theorem06/CoxHighamConcrete.lean,58,sorry,sorry,comment,,No `sorry`/`admit`/`axiom`/proof-disabling `set_option`; import-only; no edits to
NumStability.Source.Higham.Chapter19.Theorem06.CoxHighamConcrete,NumStability/Source/Higham/Chapter19/Theorem06/CoxHighamConcrete.lean,58,admit,admit,comment,,No `sorry`/`admit`/`axiom`/proof-disabling `set_option`; import-only; no edits to
NumStability.Source.Higham.Chapter19.Theorem06.CoxHighamConcrete,NumStability/Source/Higham/Chapter19/Theorem06/CoxHighamConcrete.lean,58,axiom_word,axiom,comment,,No `sorry`/`admit`/`axiom`/proof-disabling `set_option`; import-only; no edits to
NumStability.Source.Higham.Chapter19.Theorem06.CoxHighamFull,NumStability/Source/Higham/Chapter19/Theorem06/CoxHighamFull.lean,57,sorry,sorry,comment,,No `sorry`/`admit`/`axiom`/proof-disabling `set_option`; import-only; no edits to
NumStability.Source.Higham.Chapter19.Theorem06.CoxHighamFull,NumStability/Source/Higham/Chapter19/Theorem06/CoxHighamFull.lean,57,admit,admit,comment,,No `sorry`/`admit`/`axiom`/proof-disabling `set_option`; import-only; no edits to
NumStability.Source.Higham.Chapter19.Theorem06.CoxHighamFull,NumStability/Source/Higham/Chapter19/Theorem06/CoxHighamFull.lean,57,axiom_word,axiom,comment,,No `sorry`/`admit`/`axiom`/proof-disabling `set_option`; import-only; no edits to
NumStability.Source.Higham.Chapter19.Theorem06.Elementwise,NumStability/Source/Higham/Chapter19/Theorem06/Elementwise.lean,31,sorry,sorry,comment,,"allows**, on the genuine computed kernel (no `sorry`/`axiom`, nothing assumed"
NumStability.Source.Higham.Chapter19.Theorem06.Elementwise,NumStability/Source/Higham/Chapter19/Theorem06/Elementwise.lean,31,axiom_word,axiom,comment,,"allows**, on the genuine computed kernel (no `sorry`/`axiom`, nothing assumed"
NumStability.Source.Higham.Chapter19.Theorem06.Final,NumStability/Source/Higham/Chapter19/Theorem06/Final.lean,85,sorry,sorry,comment,,No `sorry`/`admit`/`axiom`/proof-disabling `set_option`; new file only.
NumStability.Source.Higham.Chapter19.Theorem06.Final,NumStability/Source/Higham/Chapter19/Theorem06/Final.lean,85,admit,admit,comment,,No `sorry`/`admit`/`axiom`/proof-disabling `set_option`; new file only.
NumStability.Source.Higham.Chapter19.Theorem06.Final,NumStability/Source/Higham/Chapter19/Theorem06/Final.lean,85,axiom_word,axiom,comment,,No `sorry`/`admit`/`axiom`/proof-disabling `set_option`; new file only.
NumStability.Source.Higham.Chapter19.Theorem06.StrongModel,NumStability/Source/Higham/Chapter19/Theorem06/StrongModel.lean,127,sorry,sorry,comment,,No `sorry`/`admit`/`axiom`/proof-disabling `set_option`; new file only.
NumStability.Source.Higham.Chapter19.Theorem06.StrongModel,NumStability/Source/Higham/Chapter19/Theorem06/StrongModel.lean,127,admit,admit,comment,,No `sorry`/`admit`/`axiom`/proof-disabling `set_option`; new file only.
NumStability.Source.Higham.Chapter19.Theorem06.StrongModel,NumStability/Source/Higham/Chapter19/Theorem06/StrongModel.lean,127,axiom_word,axiom,comment,,No `sorry`/`admit`/`axiom`/proof-disabling `set_option`; new file only.
NumStability.Source.Higham.Chapter22.VandermondeSystems,NumStability/Source/Higham/Chapter22/VandermondeSystems.lean,4720,opaque,opaque,comment,,derive operational nonbreakdown; it is not assumed as an opaque executor
