pair_id,task_id,tier,source_campaign_id,source_results_root,comparison_status,N_status,N_failure_code,N_time_seconds,N_observed_tokens,N_token_usage_complete,N_physical_loc,N_proof_region_loc,N_loc_accepted,L_status,L_failure_code,L_time_seconds,L_observed_tokens,L_token_usage_complete,L_physical_loc,L_proof_region_loc,L_loc_accepted
P01-T1-rep-01,P01-T1,T1,highambench-a3d23b74e62f78159cf1,<data-drive>/tmp/highambench-new-repo-20260915/results-r12,both_pass,pass,,479.363845,692493,True,130,76,True,pass,,118.639885,282889,True,60,5,True
P01-T1-rep-02,P01-T1,T1,highambench-a3d23b74e62f78159cf1,<data-drive>/tmp/highambench-new-repo-20260915/results-r12,both_pass,pass,,573.463701,1416221,True,143,84,True,pass,,226.235023,573402,True,68,6,True
P01-T1-rep-03,P01-T1,T1,highambench-a3d23b74e62f78159cf1,<data-drive>/tmp/highambench-new-repo-20260915/results-r12,both_pass,pass,,391.657965,714935,True,133,73,True,pass,,76.540728,270609,True,68,8,True
P02-T1-rep-01,P02-T1,T1,highambench-a3d23b74e62f78159cf1,<data-drive>/tmp/highambench-new-repo-20260915/results-r12,both_pass,pass,,853.178279,1876656,True,553,83,True,pass,,928.928769,3444213,True,482,92,True
P02-T1-rep-02,P02-T1,T1,highambench-a3d23b74e62f78159cf1,<data-drive>/tmp/highambench-new-repo-20260915/results-r12,both_pass,pass,,837.602378,967482,True,436,93,True,pass,,642.037392,3092025,True,451,94,True
P02-T1-rep-03,P02-T1,T1,highambench-a3d23b74e62f78159cf1,<data-drive>/tmp/highambench-new-repo-20260915/results-r12,both_pass,pass,,967.776301,2572785,True,424,85,True,pass,,923.030702,5304919,True,449,104,True
P04-T1-rep-01,P04-T1,T1,highambench-a3d23b74e62f78159cf1,<data-drive>/tmp/highambench-new-repo-20260915/results-r12,both_pass,pass,,927.246077,2825848,True,401,123,True,pass,,792.413701,2631233,True,453,122,True
P04-T1-rep-02,P04-T1,T1,highambench-a3d23b74e62f78159cf1,<data-drive>/tmp/highambench-new-repo-20260915/results-r12,both_pass,pass,,795.07415,2368917,True,363,110,True,pass,,725.046753,2363064,True,371,116,True
P04-T1-rep-03,P04-T1,T1,highambench-a3d23b74e62f78159cf1,<data-drive>/tmp/highambench-new-repo-20260915/results-r12,both_pass,pass,,839.00464,2174236,True,350,97,True,pass,,607.650704,1869264,True,355,111,True
P12-T1-rep-01,P12-T1,T1,highambench-a3d23b74e62f78159cf1,<data-drive>/tmp/highambench-new-repo-20260915/results-r12,both_pass,pass,,724.006261,1646811,True,272,48,True,pass,,315.164365,1230951,True,159,72,True
P12-T1-rep-02,P12-T1,T1,highambench-a3d23b74e62f78159cf1,<data-drive>/tmp/highambench-new-repo-20260915/results-r12,both_pass,pass,,609.93182,1023460,True,228,63,True,pass,,363.434172,1563233,True,149,72,True
P12-T1-rep-03,P12-T1,T1,highambench-a3d23b74e62f78159cf1,<data-drive>/tmp/highambench-new-repo-20260915/results-r12,both_pass,pass,,549.588753,628000,True,236,122,True,pass,,364.087381,1388388,True,153,76,True
P14-T1-rep-01,P14-T1,T1,highambench-a3d23b74e62f78159cf1,<data-drive>/tmp/highambench-new-repo-20260915/results-r12,both_pass,pass,,442.486697,395687,True,203,58,True,pass,,509.46564,1475246,True,234,114,True
P14-T1-rep-02,P14-T1,T1,highambench-a3d23b74e62f78159cf1,<data-drive>/tmp/highambench-new-repo-20260915/results-r12,both_pass,pass,,553.666564,886554,True,245,28,True,pass,,467.675091,1099839,True,234,103,True
P14-T1-rep-03,P14-T1,T1,highambench-a3d23b74e62f78159cf1,<data-drive>/tmp/highambench-new-repo-20260915/results-r12,both_pass,pass,,601.141183,1007349,True,170,38,True,pass,,434.226786,1203386,True,219,145,True
P15-T1-rep-01,P15-T1,T1,highambench-a3d23b74e62f78159cf1,<data-drive>/tmp/highambench-new-repo-20260915/results-r12,both_pass,pass,,657.827844,1301895,True,281,9,True,pass,,147.065143,495748,True,113,58,True
P15-T1-rep-02,P15-T1,T1,highambench-a3d23b74e62f78159cf1,<data-drive>/tmp/highambench-new-repo-20260915/results-r12,both_pass,pass,,692.201177,1027930,True,259,10,True,pass,,180.171193,620653,True,113,88,True
P15-T1-rep-03,P15-T1,T1,highambench-a3d23b74e62f78159cf1,<data-drive>/tmp/highambench-new-repo-20260915/results-r12,both_pass,pass,,746.206076,1546613,True,370,10,True,pass,,246.278508,1152933,True,96,15,True
P17-T1-rep-01,P17-T1,T1,highambench-a3d23b74e62f78159cf1,<data-drive>/tmp/highambench-new-repo-20260915/results-r12,both_pass,pass,,344.961097,465614,True,146,33,True,pass,,189.607468,448194,True,95,68,True
P17-T1-rep-02,P17-T1,T1,highambench-a3d23b74e62f78159cf1,<data-drive>/tmp/highambench-new-repo-20260915/results-r12,both_pass,pass,,541.541013,393922,True,150,32,True,pass,,234.377494,555418,True,116,89,True
P17-T1-rep-03,P17-T1,T1,highambench-a3d23b74e62f78159cf1,<data-drive>/tmp/highambench-new-repo-20260915/results-r12,both_pass,pass,,251.488792,239245,True,136,36,True,pass,,171.403982,299093,True,102,75,True
P23-T1-rep-01,P23-T1,T1,highambench-a3d23b74e62f78159cf1,<data-drive>/tmp/highambench-new-repo-20260915/results-r12,both_pass,pass,,877.873538,1377474,True,414,121,True,pass,,374.436305,1115088,True,274,1,True
P23-T1-rep-02,P23-T1,T1,highambench-a3d23b74e62f78159cf1,<data-drive>/tmp/highambench-new-repo-20260915/results-r12,both_pass,pass,,861.398716,1131767,True,438,151,True,pass,,418.441309,520584,True,206,110,True
P23-T1-rep-03,P23-T1,T1,highambench-a3d23b74e62f78159cf1,<data-drive>/tmp/highambench-new-repo-20260915/results-r12,both_pass,pass,,825.81487,1280402,True,400,134,True,pass,,514.232775,717537,True,259,131,True
P26-T1-rep-01,P26-T1,T1,highambench-a3d23b74e62f78159cf1,<data-drive>/tmp/highambench-new-repo-20260915/results-r12,both_pass,pass,,1139.969943,1865565,True,559,80,True,pass,,332.774327,981435,True,171,67,True
