consumer_category,dependency_category,unique_declaration_pairs,type_pairs,body_pairs,both_pairs,distinct_consumer_declarations,distinct_dependency_declarations,orientation
Chapter01,Chapter01,7604,3532,6799,2727,2067,1768,consumer -> dependency; A -> B means A directly references B in its elaborated type or body/proof
Chapter01,Unassigned,7390,1762,6842,1214,1048,204,consumer -> dependency; A -> B means A directly references B in its elaborated type or body/proof
Chapter02,Chapter01,1,0,1,0,1,1,consumer -> dependency; A -> B means A directly references B in its elaborated type or body/proof
Chapter02,Chapter02,6403,1719,5982,1298,2485,2395,consumer -> dependency; A -> B means A directly references B in its elaborated type or body/proof
Chapter02,Unassigned,13672,5760,13369,5457,2163,315,consumer -> dependency; A -> B means A directly references B in its elaborated type or body/proof
Chapter03,Chapter01,10,4,8,2,5,5,consumer -> dependency; A -> B means A directly references B in its elaborated type or body/proof
Chapter03,Chapter02,2,0,2,0,2,2,consumer -> dependency; A -> B means A directly references B in its elaborated type or body/proof
Chapter03,Chapter03,876,432,810,366,239,247,consumer -> dependency; A -> B means A directly references B in its elaborated type or body/proof
Chapter03,Unassigned,1462,249,1446,233,148,52,consumer -> dependency; A -> B means A directly references B in its elaborated type or body/proof
Chapter04,Chapter02,10,0,10,0,10,4,consumer -> dependency; A -> B means A directly references B in its elaborated type or body/proof
Chapter04,Chapter04,4594,2412,4022,1840,1215,1009,consumer -> dependency; A -> B means A directly references B in its elaborated type or body/proof
Chapter04,Unassigned,3011,1683,2642,1314,535,342,consumer -> dependency; A -> B means A directly references B in its elaborated type or body/proof
Chapter05,Chapter05,2821,1499,2610,1288,1076,635,consumer -> dependency; A -> B means A directly references B in its elaborated type or body/proof
Chapter05,Unassigned,1164,743,1078,657,404,94,consumer -> dependency; A -> B means A directly references B in its elaborated type or body/proof
Chapter06,Chapter06,498,294,402,198,199,142,consumer -> dependency; A -> B means A directly references B in its elaborated type or body/proof
Chapter06,Unassigned,764,535,578,349,189,169,consumer -> dependency; A -> B means A directly references B in its elaborated type or body/proof
Chapter07,Chapter06,6,2,6,2,4,2,consumer -> dependency; A -> B means A directly references B in its elaborated type or body/proof
Chapter07,Chapter07,3590,1679,3284,1373,1023,952,consumer -> dependency; A -> B means A directly references B in its elaborated type or body/proof
Chapter07,Chapter08,11,11,10,10,11,1,consumer -> dependency; A -> B means A directly references B in its elaborated type or body/proof
Chapter07,Chapter09,1,0,1,0,1,1,consumer -> dependency; A -> B means A directly references B in its elaborated type or body/proof
Chapter07,Unassigned,2587,1456,2388,1257,741,347,consumer -> dependency; A -> B means A directly references B in its elaborated type or body/proof
Chapter08,Chapter06,2,0,2,0,1,2,consumer -> dependency; A -> B means A directly references B in its elaborated type or body/proof
Chapter08,Chapter07,60,10,58,8,33,25,consumer -> dependency; A -> B means A directly references B in its elaborated type or body/proof
Chapter08,Chapter08,1307,475,1243,411,377,562,consumer -> dependency; A -> B means A directly references B in its elaborated type or body/proof
Chapter08,Chapter19,3,2,3,2,2,2,consumer -> dependency; A -> B means A directly references B in its elaborated type or body/proof
Chapter08,Unassigned,1214,686,1122,594,296,196,consumer -> dependency; A -> B means A directly references B in its elaborated type or body/proof
Chapter09,Chapter01,12,10,12,10,3,8,consumer -> dependency; A -> B means A directly references B in its elaborated type or body/proof
Chapter09,Chapter07,125,84,123,82,110,13,consumer -> dependency; A -> B means A directly references B in its elaborated type or body/proof
Chapter09,Chapter08,4,3,4,3,3,2,consumer -> dependency; A -> B means A directly references B in its elaborated type or body/proof
Chapter09,Chapter09,19044,9421,16881,7258,4529,4081,consumer -> dependency; A -> B means A directly references B in its elaborated type or body/proof
Chapter09,Unassigned,13975,11408,11715,9148,3155,296,consumer -> dependency; A -> B means A directly references B in its elaborated type or body/proof
Chapter10,Chapter06,1,0,1,0,1,1,consumer -> dependency; A -> B means A directly references B in its elaborated type or body/proof
Chapter10,Chapter07,3,1,3,1,3,2,consumer -> dependency; A -> B means A directly references B in its elaborated type or body/proof
Chapter10,Chapter08,1,0,1,0,1,1,consumer -> dependency; A -> B means A directly references B in its elaborated type or body/proof
Chapter10,Chapter09,89,29,85,25,29,51,consumer -> dependency; A -> B means A directly references B in its elaborated type or body/proof
Chapter10,Chapter10,2097,939,1922,764,618,729,consumer -> dependency; A -> B means A directly references B in its elaborated type or body/proof
Chapter10,Unassigned,2186,1087,2065,966,476,336,consumer -> dependency; A -> B means A directly references B in its elaborated type or body/proof
Chapter11,Chapter09,3115,3010,3087,2982,1200,46,consumer -> dependency; A -> B means A directly references B in its elaborated type or body/proof
Chapter11,Chapter10,1,0,1,0,1,1,consumer -> dependency; A -> B means A directly references B in its elaborated type or body/proof
Chapter11,Chapter11,56927,41311,50816,35200,7005,4831,consumer -> dependency; A -> B means A directly references B in its elaborated type or body/proof
Chapter11,Chapter16,2,0,2,0,2,1,consumer -> dependency; A -> B means A directly references B in its elaborated type or body/proof
Chapter11,Unassigned,27062,24108,22893,19939,5460,309,consumer -> dependency; A -> B means A directly references B in its elaborated type or body/proof
Chapter12,Chapter07,11,6,9,4,5,6,consumer -> dependency; A -> B means A directly references B in its elaborated type or body/proof
Chapter12,Chapter12,73,16,70,13,45,39,consumer -> dependency; A -> B means A directly references B in its elaborated type or body/proof
Chapter12,Unassigned,107,85,103,81,31,23,consumer -> dependency; A -> B means A directly references B in its elaborated type or body/proof
Chapter13,Chapter09,45,18,44,17,29,16,consumer -> dependency; A -> B means A directly references B in its elaborated type or body/proof
Chapter13,Chapter13,7875,4419,7006,3550,1862,1543,consumer -> dependency; A -> B means A directly references B in its elaborated type or body/proof
Chapter13,Chapter14,3,0,3,0,3,3,consumer -> dependency; A -> B means A directly references B in its elaborated type or body/proof
Chapter13,Unassigned,10108,8058,8787,6737,1559,401,consumer -> dependency; A -> B means A directly references B in its elaborated type or body/proof
Chapter14,Chapter06,2,0,2,0,1,2,consumer -> dependency; A -> B means A directly references B in its elaborated type or body/proof
Chapter14,Chapter07,4,1,4,1,4,3,consumer -> dependency; A -> B means A directly references B in its elaborated type or body/proof
Chapter14,Chapter08,35,23,31,19,32,3,consumer -> dependency; A -> B means A directly references B in its elaborated type or body/proof
Chapter14,Chapter09,26,6,24,4,17,17,consumer -> dependency; A -> B means A directly references B in its elaborated type or body/proof
Chapter14,Chapter10,2,0,2,0,2,1,consumer -> dependency; A -> B means A directly references B in its elaborated type or body/proof
Chapter14,Chapter13,2,0,2,0,2,1,consumer -> dependency; A -> B means A directly references B in its elaborated type or body/proof
Chapter14,Chapter14,11094,5810,9483,4199,2181,2066,consumer -> dependency; A -> B means A directly references B in its elaborated type or body/proof
Chapter14,Chapter20,4,1,4,1,3,4,consumer -> dependency; A -> B means A directly references B in its elaborated type or body/proof
Chapter14,Unassigned,7232,4632,6408,3808,1770,354,consumer -> dependency; A -> B means A directly references B in its elaborated type or body/proof
Chapter15,Chapter15,2403,888,2170,655,663,777,consumer -> dependency; A -> B means A directly references B in its elaborated type or body/proof
Chapter15,Unassigned,1999,1171,1848,1020,441,349,consumer -> dependency; A -> B means A directly references B in its elaborated type or body/proof
Chapter16,Chapter09,46,42,8,4,43,5,consumer -> dependency; A -> B means A directly references B in its elaborated type or body/proof
Chapter16,Chapter16,1373,145,1342,114,999,667,consumer -> dependency; A -> B means A directly references B in its elaborated type or body/proof
Chapter16,Chapter19,2,2,1,1,2,1,consumer -> dependency; A -> B means A directly references B in its elaborated type or body/proof
Chapter16,Unassigned,12591,11084,6214,4707,1625,946,consumer -> dependency; A -> B means A directly references B in its elaborated type or body/proof
Chapter17,Chapter17,452,220,413,181,156,162,consumer -> dependency; A -> B means A directly references B in its elaborated type or body/proof
Chapter17,Unassigned,801,446,758,403,160,143,consumer -> dependency; A -> B means A directly references B in its elaborated type or body/proof
Chapter18,Chapter18,42,0,42,0,32,32,consumer -> dependency; A -> B means A directly references B in its elaborated type or body/proof
Chapter18,Unassigned,464,238,449,223,51,136,consumer -> dependency; A -> B means A directly references B in its elaborated type or body/proof
Chapter19,Chapter06,5,1,5,1,2,4,consumer -> dependency; A -> B means A directly references B in its elaborated type or body/proof
Chapter19,Chapter07,2,0,2,0,1,2,consumer -> dependency; A -> B means A directly references B in its elaborated type or body/proof
Chapter19,Chapter19,8196,4080,7153,3037,2034,1742,consumer -> dependency; A -> B means A directly references B in its elaborated type or body/proof
Chapter19,Chapter20,217,15,202,0,35,20,consumer -> dependency; A -> B means A directly references B in its elaborated type or body/proof
Chapter19,Unassigned,11561,8082,9994,6515,2094,846,consumer -> dependency; A -> B means A directly references B in its elaborated type or body/proof
Chapter20,Chapter07,27,7,23,3,20,13,consumer -> dependency; A -> B means A directly references B in its elaborated type or body/proof
Chapter20,Chapter08,2,0,2,0,2,1,consumer -> dependency; A -> B means A directly references B in its elaborated type or body/proof
Chapter20,Chapter12,4,0,4,0,3,2,consumer -> dependency; A -> B means A directly references B in its elaborated type or body/proof
Chapter20,Chapter19,344,160,292,108,234,42,consumer -> dependency; A -> B means A directly references B in its elaborated type or body/proof
Chapter20,Chapter20,8165,3690,7321,2846,2080,1780,consumer -> dependency; A -> B means A directly references B in its elaborated type or body/proof
Chapter20,Chapter21,1,0,1,0,1,1,consumer -> dependency; A -> B means A directly references B in its elaborated type or body/proof
Chapter20,Unassigned,11518,7121,10679,6282,2014,1039,consumer -> dependency; A -> B means A directly references B in its elaborated type or body/proof
Chapter21,Chapter19,110,34,101,25,56,14,consumer -> dependency; A -> B means A directly references B in its elaborated type or body/proof
Chapter21,Chapter20,69,26,56,13,40,27,consumer -> dependency; A -> B means A directly references B in its elaborated type or body/proof
Chapter21,Chapter21,2042,860,1905,723,650,577,consumer -> dependency; A -> B means A directly references B in its elaborated type or body/proof
Chapter21,Unassigned,4490,2561,4064,2135,724,462,consumer -> dependency; A -> B means A directly references B in its elaborated type or body/proof
Chapter22,Chapter05,42,18,34,10,21,18,consumer -> dependency; A -> B means A directly references B in its elaborated type or body/proof
Chapter22,Chapter12,2,0,2,0,2,2,consumer -> dependency; A -> B means A directly references B in its elaborated type or body/proof
Chapter22,Chapter22,4329,1989,3971,1631,1058,1220,consumer -> dependency; A -> B means A directly references B in its elaborated type or body/proof
Chapter22,Unassigned,361,201,329,169,116,85,consumer -> dependency; A -> B means A directly references B in its elaborated type or body/proof
Chapter23,Chapter23,2709,1309,2491,1091,612,474,consumer -> dependency; A -> B means A directly references B in its elaborated type or body/proof
Chapter23,Unassigned,411,280,391,260,130,29,consumer -> dependency; A -> B means A directly references B in its elaborated type or body/proof
Chapter24,Chapter09,21,4,18,1,12,8,consumer -> dependency; A -> B means A directly references B in its elaborated type or body/proof
Chapter24,Chapter24,2157,1313,1918,1074,512,400,consumer -> dependency; A -> B means A directly references B in its elaborated type or body/proof
Chapter24,Unassigned,395,299,376,280,140,46,consumer -> dependency; A -> B means A directly references B in its elaborated type or body/proof
Chapter25,Chapter25,346,216,302,172,153,123,consumer -> dependency; A -> B means A directly references B in its elaborated type or body/proof
Chapter25,Unassigned,89,39,87,37,21,37,consumer -> dependency; A -> B means A directly references B in its elaborated type or body/proof
Chapter26,Chapter26,840,526,693,379,223,173,consumer -> dependency; A -> B means A directly references B in its elaborated type or body/proof
Chapter26,Unassigned,145,126,125,106,126,13,consumer -> dependency; A -> B means A directly references B in its elaborated type or body/proof
Chapter27,Chapter02,3,0,3,0,2,3,consumer -> dependency; A -> B means A directly references B in its elaborated type or body/proof
Chapter27,Chapter27,887,561,746,420,276,178,consumer -> dependency; A -> B means A directly references B in its elaborated type or body/proof
Chapter27,Unassigned,240,151,225,136,65,44,consumer -> dependency; A -> B means A directly references B in its elaborated type or body/proof
Chapter28,Chapter09,16,6,15,5,12,4,consumer -> dependency; A -> B means A directly references B in its elaborated type or body/proof
Chapter28,Chapter19,1,0,1,0,1,1,consumer -> dependency; A -> B means A directly references B in its elaborated type or body/proof
Chapter28,Chapter28,4964,2162,4657,1855,1285,1535,consumer -> dependency; A -> B means A directly references B in its elaborated type or body/proof
Chapter28,Unassigned,1883,1114,1731,962,876,314,consumer -> dependency; A -> B means A directly references B in its elaborated type or body/proof
Unassigned,Chapter02,1,1,1,1,1,1,consumer -> dependency; A -> B means A directly references B in its elaborated type or body/proof
Unassigned,Chapter05,19,11,19,11,4,12,consumer -> dependency; A -> B means A directly references B in its elaborated type or body/proof
Unassigned,Chapter07,38,18,36,16,16,11,consumer -> dependency; A -> B means A directly references B in its elaborated type or body/proof
Unassigned,Chapter08,1,0,1,0,1,1,consumer -> dependency; A -> B means A directly references B in its elaborated type or body/proof
Unassigned,Chapter09,24,10,21,7,15,13,consumer -> dependency; A -> B means A directly references B in its elaborated type or body/proof
Unassigned,Chapter11,489,213,476,200,86,96,consumer -> dependency; A -> B means A directly references B in its elaborated type or body/proof
Unassigned,Chapter12,4,4,4,4,4,1,consumer -> dependency; A -> B means A directly references B in its elaborated type or body/proof
Unassigned,Chapter15,1,0,1,0,1,1,consumer -> dependency; A -> B means A directly references B in its elaborated type or body/proof
Unassigned,Chapter19,851,747,834,730,480,35,consumer -> dependency; A -> B means A directly references B in its elaborated type or body/proof
Unassigned,Chapter20,13,4,13,4,8,8,consumer -> dependency; A -> B means A directly references B in its elaborated type or body/proof
Unassigned,Chapter21,563,272,473,182,161,189,consumer -> dependency; A -> B means A directly references B in its elaborated type or body/proof
Unassigned,Unassigned,149313,91151,135174,77012,22841,18128,consumer -> dependency; A -> B means A directly references B in its elaborated type or body/proof
