universe,metric,numerator,denominator,percent,percentage_formula,exact_universe_filter,exact_metric_filter,consumer_and_dependency_universe,materialized_artifact,materialized_columns,authorship_artifact,authorship_columns,underlying_raw_artifacts,underlying_raw_columns,interpretation
all_project_environment,at_least_one_incoming_project_reference,50532,77246,65.41698,100 * numerator / denominator,all rows; owner module is NumStability or NumStability.*,direct_project_consumer_count >= 1,all_project_environment; direct pairs require both endpoints project-owned,current_graph/metrics/declaration_metrics.csv.gz,"name,module,is_public,is_internal,is_private,authorship_class,is_confirmed_source_written,direct_project_dependency_count,direct_project_consumer_count,used_by_different_module,used_by_different_layer,used_by_multiple_modules,used_by_multiple_domains,no_incoming_project_edge,no_outgoing_project_edge,isolated_in_project_graph,dependency_depth_scc_condensation,downstream_depth_scc_condensation",current_graph/metrics/declaration_origins_and_authorship.csv,"name,module,is_public,is_internal,is_private,is_reserved_name,has_direct_selection_range,selection_source_token,authorship_class,classifier_evidence",raw/declarations.csv.gz; raw/direct_dependencies.csv.gz; raw/declaration_metadata.csv; raw/declaration_origins.csv; selected source files under the audited NumStability tree,"name,module,kind,is_internal,is_private,has_body; source,target,target_scope,source_module,target_module,occurs_in_type,occurs_in_body; name,range_start_line,range_start_column,range_end_line,range_end_column,selection_start_line,selection_start_column,selection_end_line,selection_end_column,is_reserved_name; name,is_reserved_name,equation_parent; exact selected source token","Directional formal-consumption metric; no-incoming is not redundancy, and multi-step participation is not source faithfulness or API quality."
all_project_environment,used_by_at_least_one_different_module,13549,77246,17.540067,100 * numerator / denominator,all rows; owner module is NumStability or NumStability.*,used_by_different_module=true; at least one direct project consumer has a different owner module,all_project_environment; direct pairs require both endpoints project-owned,current_graph/metrics/declaration_metrics.csv.gz,"name,module,is_public,is_internal,is_private,authorship_class,is_confirmed_source_written,direct_project_dependency_count,direct_project_consumer_count,used_by_different_module,used_by_different_layer,used_by_multiple_modules,used_by_multiple_domains,no_incoming_project_edge,no_outgoing_project_edge,isolated_in_project_graph,dependency_depth_scc_condensation,downstream_depth_scc_condensation",current_graph/metrics/declaration_origins_and_authorship.csv,"name,module,is_public,is_internal,is_private,is_reserved_name,has_direct_selection_range,selection_source_token,authorship_class,classifier_evidence",raw/declarations.csv.gz; raw/direct_dependencies.csv.gz; raw/declaration_metadata.csv; raw/declaration_origins.csv; selected source files under the audited NumStability tree,"name,module,kind,is_internal,is_private,has_body; source,target,target_scope,source_module,target_module,occurs_in_type,occurs_in_body; name,range_start_line,range_start_column,range_end_line,range_end_column,selection_start_line,selection_start_column,selection_end_line,selection_end_column,is_reserved_name; name,is_reserved_name,equation_parent; exact selected source token","Directional formal-consumption metric; no-incoming is not redundancy, and multi-step participation is not source faithfulness or API quality."
all_project_environment,used_by_at_least_one_different_layer,6276,77246,8.124693,100 * numerator / denominator,all rows; owner module is NumStability or NumStability.*,used_by_different_layer=true; at least one direct project consumer has a different path-derived layer,all_project_environment; direct pairs require both endpoints project-owned,current_graph/metrics/declaration_metrics.csv.gz,"name,module,is_public,is_internal,is_private,authorship_class,is_confirmed_source_written,direct_project_dependency_count,direct_project_consumer_count,used_by_different_module,used_by_different_layer,used_by_multiple_modules,used_by_multiple_domains,no_incoming_project_edge,no_outgoing_project_edge,isolated_in_project_graph,dependency_depth_scc_condensation,downstream_depth_scc_condensation",current_graph/metrics/declaration_origins_and_authorship.csv,"name,module,is_public,is_internal,is_private,is_reserved_name,has_direct_selection_range,selection_source_token,authorship_class,classifier_evidence",raw/declarations.csv.gz; raw/direct_dependencies.csv.gz; raw/declaration_metadata.csv; raw/declaration_origins.csv; selected source files under the audited NumStability tree,"name,module,kind,is_internal,is_private,has_body; source,target,target_scope,source_module,target_module,occurs_in_type,occurs_in_body; name,range_start_line,range_start_column,range_end_line,range_end_column,selection_start_line,selection_start_column,selection_end_line,selection_end_column,is_reserved_name; name,is_reserved_name,equation_parent; exact selected source token","Directional formal-consumption metric; no-incoming is not redundancy, and multi-step participation is not source faithfulness or API quality."
all_project_environment,used_by_multiple_consumer_modules,10143,77246,13.130777,100 * numerator / denominator,all rows; owner module is NumStability or NumStability.*,used_by_multiple_modules=true; direct project consumers occupy at least two owner modules,all_project_environment; direct pairs require both endpoints project-owned,current_graph/metrics/declaration_metrics.csv.gz,"name,module,is_public,is_internal,is_private,authorship_class,is_confirmed_source_written,direct_project_dependency_count,direct_project_consumer_count,used_by_different_module,used_by_different_layer,used_by_multiple_modules,used_by_multiple_domains,no_incoming_project_edge,no_outgoing_project_edge,isolated_in_project_graph,dependency_depth_scc_condensation,downstream_depth_scc_condensation",current_graph/metrics/declaration_origins_and_authorship.csv,"name,module,is_public,is_internal,is_private,is_reserved_name,has_direct_selection_range,selection_source_token,authorship_class,classifier_evidence",raw/declarations.csv.gz; raw/direct_dependencies.csv.gz; raw/declaration_metadata.csv; raw/declaration_origins.csv; selected source files under the audited NumStability tree,"name,module,kind,is_internal,is_private,has_body; source,target,target_scope,source_module,target_module,occurs_in_type,occurs_in_body; name,range_start_line,range_start_column,range_end_line,range_end_column,selection_start_line,selection_start_column,selection_end_line,selection_end_column,is_reserved_name; name,is_reserved_name,equation_parent; exact selected source token","Directional formal-consumption metric; no-incoming is not redundancy, and multi-step participation is not source faithfulness or API quality."
all_project_environment,used_by_multiple_consumer_domains,5520,77246,7.146001,100 * numerator / denominator,all rows; owner module is NumStability or NumStability.*,used_by_multiple_domains=true; direct project consumers occupy at least two audit-classified domains,all_project_environment; direct pairs require both endpoints project-owned,current_graph/metrics/declaration_metrics.csv.gz,"name,module,is_public,is_internal,is_private,authorship_class,is_confirmed_source_written,direct_project_dependency_count,direct_project_consumer_count,used_by_different_module,used_by_different_layer,used_by_multiple_modules,used_by_multiple_domains,no_incoming_project_edge,no_outgoing_project_edge,isolated_in_project_graph,dependency_depth_scc_condensation,downstream_depth_scc_condensation",current_graph/metrics/declaration_origins_and_authorship.csv,"name,module,is_public,is_internal,is_private,is_reserved_name,has_direct_selection_range,selection_source_token,authorship_class,classifier_evidence",raw/declarations.csv.gz; raw/direct_dependencies.csv.gz; raw/declaration_metadata.csv; raw/declaration_origins.csv; selected source files under the audited NumStability tree,"name,module,kind,is_internal,is_private,has_body; source,target,target_scope,source_module,target_module,occurs_in_type,occurs_in_body; name,range_start_line,range_start_column,range_end_line,range_end_column,selection_start_line,selection_start_column,selection_end_line,selection_end_column,is_reserved_name; name,is_reserved_name,equation_parent; exact selected source token","Directional formal-consumption metric; no-incoming is not redundancy, and multi-step participation is not source faithfulness or API quality."
all_project_environment,no_incoming_project_edge,26714,77246,34.58302,100 * numerator / denominator,all rows; owner module is NumStability or NumStability.*,"no_incoming_project_edge=true, equivalently direct_project_consumer_count=0",all_project_environment; direct pairs require both endpoints project-owned,current_graph/metrics/declaration_metrics.csv.gz,"name,module,is_public,is_internal,is_private,authorship_class,is_confirmed_source_written,direct_project_dependency_count,direct_project_consumer_count,used_by_different_module,used_by_different_layer,used_by_multiple_modules,used_by_multiple_domains,no_incoming_project_edge,no_outgoing_project_edge,isolated_in_project_graph,dependency_depth_scc_condensation,downstream_depth_scc_condensation",current_graph/metrics/declaration_origins_and_authorship.csv,"name,module,is_public,is_internal,is_private,is_reserved_name,has_direct_selection_range,selection_source_token,authorship_class,classifier_evidence",raw/declarations.csv.gz; raw/direct_dependencies.csv.gz; raw/declaration_metadata.csv; raw/declaration_origins.csv; selected source files under the audited NumStability tree,"name,module,kind,is_internal,is_private,has_body; source,target,target_scope,source_module,target_module,occurs_in_type,occurs_in_body; name,range_start_line,range_start_column,range_end_line,range_end_column,selection_start_line,selection_start_column,selection_end_line,selection_end_column,is_reserved_name; name,is_reserved_name,equation_parent; exact selected source token","Directional formal-consumption metric; no-incoming is not redundancy, and multi-step participation is not source faithfulness or API quality."
all_project_environment,no_outgoing_project_edge,15530,77246,20.104601,100 * numerator / denominator,all rows; owner module is NumStability or NumStability.*,"no_outgoing_project_edge=true, equivalently direct_project_dependency_count=0",all_project_environment; direct pairs require both endpoints project-owned,current_graph/metrics/declaration_metrics.csv.gz,"name,module,is_public,is_internal,is_private,authorship_class,is_confirmed_source_written,direct_project_dependency_count,direct_project_consumer_count,used_by_different_module,used_by_different_layer,used_by_multiple_modules,used_by_multiple_domains,no_incoming_project_edge,no_outgoing_project_edge,isolated_in_project_graph,dependency_depth_scc_condensation,downstream_depth_scc_condensation",current_graph/metrics/declaration_origins_and_authorship.csv,"name,module,is_public,is_internal,is_private,is_reserved_name,has_direct_selection_range,selection_source_token,authorship_class,classifier_evidence",raw/declarations.csv.gz; raw/direct_dependencies.csv.gz; raw/declaration_metadata.csv; raw/declaration_origins.csv; selected source files under the audited NumStability tree,"name,module,kind,is_internal,is_private,has_body; source,target,target_scope,source_module,target_module,occurs_in_type,occurs_in_body; name,range_start_line,range_start_column,range_end_line,range_end_column,selection_start_line,selection_start_column,selection_end_line,selection_end_column,is_reserved_name; name,is_reserved_name,equation_parent; exact selected source token","Directional formal-consumption metric; no-incoming is not redundancy, and multi-step participation is not source faithfulness or API quality."
all_project_environment,neither_incoming_nor_outgoing_project_edge,5450,77246,7.055382,100 * numerator / denominator,all rows; owner module is NumStability or NumStability.*,isolated_in_project_graph=true; no incoming and no outgoing direct project pair,all_project_environment; direct pairs require both endpoints project-owned,current_graph/metrics/declaration_metrics.csv.gz,"name,module,is_public,is_internal,is_private,authorship_class,is_confirmed_source_written,direct_project_dependency_count,direct_project_consumer_count,used_by_different_module,used_by_different_layer,used_by_multiple_modules,used_by_multiple_domains,no_incoming_project_edge,no_outgoing_project_edge,isolated_in_project_graph,dependency_depth_scc_condensation,downstream_depth_scc_condensation",current_graph/metrics/declaration_origins_and_authorship.csv,"name,module,is_public,is_internal,is_private,is_reserved_name,has_direct_selection_range,selection_source_token,authorship_class,classifier_evidence",raw/declarations.csv.gz; raw/direct_dependencies.csv.gz; raw/declaration_metadata.csv; raw/declaration_origins.csv; selected source files under the audited NumStability tree,"name,module,kind,is_internal,is_private,has_body; source,target,target_scope,source_module,target_module,occurs_in_type,occurs_in_body; name,range_start_line,range_start_column,range_end_line,range_end_column,selection_start_line,selection_start_column,selection_end_line,selection_end_column,is_reserved_name; name,is_reserved_name,equation_parent; exact selected source token","Directional formal-consumption metric; no-incoming is not redundancy, and multi-step participation is not source faithfulness or API quality."
all_project_environment,participates_in_nontrivial_multistep_chain,68598,77246,88.804598,100 * numerator / denominator,all rows; owner module is NumStability or NumStability.*,dependency_depth_scc_condensation >= 2 OR downstream_depth_scc_condensation >= 2,all_project_environment; direct pairs require both endpoints project-owned,current_graph/metrics/declaration_metrics.csv.gz,"name,module,is_public,is_internal,is_private,authorship_class,is_confirmed_source_written,direct_project_dependency_count,direct_project_consumer_count,used_by_different_module,used_by_different_layer,used_by_multiple_modules,used_by_multiple_domains,no_incoming_project_edge,no_outgoing_project_edge,isolated_in_project_graph,dependency_depth_scc_condensation,downstream_depth_scc_condensation",current_graph/metrics/declaration_origins_and_authorship.csv,"name,module,is_public,is_internal,is_private,is_reserved_name,has_direct_selection_range,selection_source_token,authorship_class,classifier_evidence",raw/declarations.csv.gz; raw/direct_dependencies.csv.gz; raw/declaration_metadata.csv; raw/declaration_origins.csv; selected source files under the audited NumStability tree,"name,module,kind,is_internal,is_private,has_body; source,target,target_scope,source_module,target_module,occurs_in_type,occurs_in_body; name,range_start_line,range_start_column,range_end_line,range_end_column,selection_start_line,selection_start_column,selection_end_line,selection_end_column,is_reserved_name; name,is_reserved_name,equation_parent; exact selected source token","Directional formal-consumption metric; no-incoming is not redundancy, and multi-step participation is not source faithfulness or API quality."
environment_public,at_least_one_incoming_project_reference,39012,58120,67.123193,100 * numerator / denominator,"is_public=true, equivalently is_internal=false and is_private=false",direct_project_consumer_count >= 1,all_project_environment; direct pairs require both endpoints project-owned,current_graph/metrics/declaration_metrics.csv.gz,"name,module,is_public,is_internal,is_private,authorship_class,is_confirmed_source_written,direct_project_dependency_count,direct_project_consumer_count,used_by_different_module,used_by_different_layer,used_by_multiple_modules,used_by_multiple_domains,no_incoming_project_edge,no_outgoing_project_edge,isolated_in_project_graph,dependency_depth_scc_condensation,downstream_depth_scc_condensation",current_graph/metrics/declaration_origins_and_authorship.csv,"name,module,is_public,is_internal,is_private,is_reserved_name,has_direct_selection_range,selection_source_token,authorship_class,classifier_evidence",raw/declarations.csv.gz; raw/direct_dependencies.csv.gz; raw/declaration_metadata.csv; raw/declaration_origins.csv; selected source files under the audited NumStability tree,"name,module,kind,is_internal,is_private,has_body; source,target,target_scope,source_module,target_module,occurs_in_type,occurs_in_body; name,range_start_line,range_start_column,range_end_line,range_end_column,selection_start_line,selection_start_column,selection_end_line,selection_end_column,is_reserved_name; name,is_reserved_name,equation_parent; exact selected source token","Directional formal-consumption metric; no-incoming is not redundancy, and multi-step participation is not source faithfulness or API quality."
environment_public,used_by_at_least_one_different_module,12966,58120,22.309016,100 * numerator / denominator,"is_public=true, equivalently is_internal=false and is_private=false",used_by_different_module=true; at least one direct project consumer has a different owner module,all_project_environment; direct pairs require both endpoints project-owned,current_graph/metrics/declaration_metrics.csv.gz,"name,module,is_public,is_internal,is_private,authorship_class,is_confirmed_source_written,direct_project_dependency_count,direct_project_consumer_count,used_by_different_module,used_by_different_layer,used_by_multiple_modules,used_by_multiple_domains,no_incoming_project_edge,no_outgoing_project_edge,isolated_in_project_graph,dependency_depth_scc_condensation,downstream_depth_scc_condensation",current_graph/metrics/declaration_origins_and_authorship.csv,"name,module,is_public,is_internal,is_private,is_reserved_name,has_direct_selection_range,selection_source_token,authorship_class,classifier_evidence",raw/declarations.csv.gz; raw/direct_dependencies.csv.gz; raw/declaration_metadata.csv; raw/declaration_origins.csv; selected source files under the audited NumStability tree,"name,module,kind,is_internal,is_private,has_body; source,target,target_scope,source_module,target_module,occurs_in_type,occurs_in_body; name,range_start_line,range_start_column,range_end_line,range_end_column,selection_start_line,selection_start_column,selection_end_line,selection_end_column,is_reserved_name; name,is_reserved_name,equation_parent; exact selected source token","Directional formal-consumption metric; no-incoming is not redundancy, and multi-step participation is not source faithfulness or API quality."
environment_public,used_by_at_least_one_different_layer,6103,58120,10.500688,100 * numerator / denominator,"is_public=true, equivalently is_internal=false and is_private=false",used_by_different_layer=true; at least one direct project consumer has a different path-derived layer,all_project_environment; direct pairs require both endpoints project-owned,current_graph/metrics/declaration_metrics.csv.gz,"name,module,is_public,is_internal,is_private,authorship_class,is_confirmed_source_written,direct_project_dependency_count,direct_project_consumer_count,used_by_different_module,used_by_different_layer,used_by_multiple_modules,used_by_multiple_domains,no_incoming_project_edge,no_outgoing_project_edge,isolated_in_project_graph,dependency_depth_scc_condensation,downstream_depth_scc_condensation",current_graph/metrics/declaration_origins_and_authorship.csv,"name,module,is_public,is_internal,is_private,is_reserved_name,has_direct_selection_range,selection_source_token,authorship_class,classifier_evidence",raw/declarations.csv.gz; raw/direct_dependencies.csv.gz; raw/declaration_metadata.csv; raw/declaration_origins.csv; selected source files under the audited NumStability tree,"name,module,kind,is_internal,is_private,has_body; source,target,target_scope,source_module,target_module,occurs_in_type,occurs_in_body; name,range_start_line,range_start_column,range_end_line,range_end_column,selection_start_line,selection_start_column,selection_end_line,selection_end_column,is_reserved_name; name,is_reserved_name,equation_parent; exact selected source token","Directional formal-consumption metric; no-incoming is not redundancy, and multi-step participation is not source faithfulness or API quality."
environment_public,used_by_multiple_consumer_modules,9565,58120,16.45733,100 * numerator / denominator,"is_public=true, equivalently is_internal=false and is_private=false",used_by_multiple_modules=true; direct project consumers occupy at least two owner modules,all_project_environment; direct pairs require both endpoints project-owned,current_graph/metrics/declaration_metrics.csv.gz,"name,module,is_public,is_internal,is_private,authorship_class,is_confirmed_source_written,direct_project_dependency_count,direct_project_consumer_count,used_by_different_module,used_by_different_layer,used_by_multiple_modules,used_by_multiple_domains,no_incoming_project_edge,no_outgoing_project_edge,isolated_in_project_graph,dependency_depth_scc_condensation,downstream_depth_scc_condensation",current_graph/metrics/declaration_origins_and_authorship.csv,"name,module,is_public,is_internal,is_private,is_reserved_name,has_direct_selection_range,selection_source_token,authorship_class,classifier_evidence",raw/declarations.csv.gz; raw/direct_dependencies.csv.gz; raw/declaration_metadata.csv; raw/declaration_origins.csv; selected source files under the audited NumStability tree,"name,module,kind,is_internal,is_private,has_body; source,target,target_scope,source_module,target_module,occurs_in_type,occurs_in_body; name,range_start_line,range_start_column,range_end_line,range_end_column,selection_start_line,selection_start_column,selection_end_line,selection_end_column,is_reserved_name; name,is_reserved_name,equation_parent; exact selected source token","Directional formal-consumption metric; no-incoming is not redundancy, and multi-step participation is not source faithfulness or API quality."
environment_public,used_by_multiple_consumer_domains,5264,58120,9.057123,100 * numerator / denominator,"is_public=true, equivalently is_internal=false and is_private=false",used_by_multiple_domains=true; direct project consumers occupy at least two audit-classified domains,all_project_environment; direct pairs require both endpoints project-owned,current_graph/metrics/declaration_metrics.csv.gz,"name,module,is_public,is_internal,is_private,authorship_class,is_confirmed_source_written,direct_project_dependency_count,direct_project_consumer_count,used_by_different_module,used_by_different_layer,used_by_multiple_modules,used_by_multiple_domains,no_incoming_project_edge,no_outgoing_project_edge,isolated_in_project_graph,dependency_depth_scc_condensation,downstream_depth_scc_condensation",current_graph/metrics/declaration_origins_and_authorship.csv,"name,module,is_public,is_internal,is_private,is_reserved_name,has_direct_selection_range,selection_source_token,authorship_class,classifier_evidence",raw/declarations.csv.gz; raw/direct_dependencies.csv.gz; raw/declaration_metadata.csv; raw/declaration_origins.csv; selected source files under the audited NumStability tree,"name,module,kind,is_internal,is_private,has_body; source,target,target_scope,source_module,target_module,occurs_in_type,occurs_in_body; name,range_start_line,range_start_column,range_end_line,range_end_column,selection_start_line,selection_start_column,selection_end_line,selection_end_column,is_reserved_name; name,is_reserved_name,equation_parent; exact selected source token","Directional formal-consumption metric; no-incoming is not redundancy, and multi-step participation is not source faithfulness or API quality."
environment_public,no_incoming_project_edge,19108,58120,32.876807,100 * numerator / denominator,"is_public=true, equivalently is_internal=false and is_private=false","no_incoming_project_edge=true, equivalently direct_project_consumer_count=0",all_project_environment; direct pairs require both endpoints project-owned,current_graph/metrics/declaration_metrics.csv.gz,"name,module,is_public,is_internal,is_private,authorship_class,is_confirmed_source_written,direct_project_dependency_count,direct_project_consumer_count,used_by_different_module,used_by_different_layer,used_by_multiple_modules,used_by_multiple_domains,no_incoming_project_edge,no_outgoing_project_edge,isolated_in_project_graph,dependency_depth_scc_condensation,downstream_depth_scc_condensation",current_graph/metrics/declaration_origins_and_authorship.csv,"name,module,is_public,is_internal,is_private,is_reserved_name,has_direct_selection_range,selection_source_token,authorship_class,classifier_evidence",raw/declarations.csv.gz; raw/direct_dependencies.csv.gz; raw/declaration_metadata.csv; raw/declaration_origins.csv; selected source files under the audited NumStability tree,"name,module,kind,is_internal,is_private,has_body; source,target,target_scope,source_module,target_module,occurs_in_type,occurs_in_body; name,range_start_line,range_start_column,range_end_line,range_end_column,selection_start_line,selection_start_column,selection_end_line,selection_end_column,is_reserved_name; name,is_reserved_name,equation_parent; exact selected source token","Directional formal-consumption metric; no-incoming is not redundancy, and multi-step participation is not source faithfulness or API quality."
environment_public,no_outgoing_project_edge,2763,58120,4.753957,100 * numerator / denominator,"is_public=true, equivalently is_internal=false and is_private=false","no_outgoing_project_edge=true, equivalently direct_project_dependency_count=0",all_project_environment; direct pairs require both endpoints project-owned,current_graph/metrics/declaration_metrics.csv.gz,"name,module,is_public,is_internal,is_private,authorship_class,is_confirmed_source_written,direct_project_dependency_count,direct_project_consumer_count,used_by_different_module,used_by_different_layer,used_by_multiple_modules,used_by_multiple_domains,no_incoming_project_edge,no_outgoing_project_edge,isolated_in_project_graph,dependency_depth_scc_condensation,downstream_depth_scc_condensation",current_graph/metrics/declaration_origins_and_authorship.csv,"name,module,is_public,is_internal,is_private,is_reserved_name,has_direct_selection_range,selection_source_token,authorship_class,classifier_evidence",raw/declarations.csv.gz; raw/direct_dependencies.csv.gz; raw/declaration_metadata.csv; raw/declaration_origins.csv; selected source files under the audited NumStability tree,"name,module,kind,is_internal,is_private,has_body; source,target,target_scope,source_module,target_module,occurs_in_type,occurs_in_body; name,range_start_line,range_start_column,range_end_line,range_end_column,selection_start_line,selection_start_column,selection_end_line,selection_end_column,is_reserved_name; name,is_reserved_name,equation_parent; exact selected source token","Directional formal-consumption metric; no-incoming is not redundancy, and multi-step participation is not source faithfulness or API quality."
environment_public,neither_incoming_nor_outgoing_project_edge,170,58120,0.292498,100 * numerator / denominator,"is_public=true, equivalently is_internal=false and is_private=false",isolated_in_project_graph=true; no incoming and no outgoing direct project pair,all_project_environment; direct pairs require both endpoints project-owned,current_graph/metrics/declaration_metrics.csv.gz,"name,module,is_public,is_internal,is_private,authorship_class,is_confirmed_source_written,direct_project_dependency_count,direct_project_consumer_count,used_by_different_module,used_by_different_layer,used_by_multiple_modules,used_by_multiple_domains,no_incoming_project_edge,no_outgoing_project_edge,isolated_in_project_graph,dependency_depth_scc_condensation,downstream_depth_scc_condensation",current_graph/metrics/declaration_origins_and_authorship.csv,"name,module,is_public,is_internal,is_private,is_reserved_name,has_direct_selection_range,selection_source_token,authorship_class,classifier_evidence",raw/declarations.csv.gz; raw/direct_dependencies.csv.gz; raw/declaration_metadata.csv; raw/declaration_origins.csv; selected source files under the audited NumStability tree,"name,module,kind,is_internal,is_private,has_body; source,target,target_scope,source_module,target_module,occurs_in_type,occurs_in_body; name,range_start_line,range_start_column,range_end_line,range_end_column,selection_start_line,selection_start_column,selection_end_line,selection_end_column,is_reserved_name; name,is_reserved_name,equation_parent; exact selected source token","Directional formal-consumption metric; no-incoming is not redundancy, and multi-step participation is not source faithfulness or API quality."
environment_public,participates_in_nontrivial_multistep_chain,56246,58120,96.775637,100 * numerator / denominator,"is_public=true, equivalently is_internal=false and is_private=false",dependency_depth_scc_condensation >= 2 OR downstream_depth_scc_condensation >= 2,all_project_environment; direct pairs require both endpoints project-owned,current_graph/metrics/declaration_metrics.csv.gz,"name,module,is_public,is_internal,is_private,authorship_class,is_confirmed_source_written,direct_project_dependency_count,direct_project_consumer_count,used_by_different_module,used_by_different_layer,used_by_multiple_modules,used_by_multiple_domains,no_incoming_project_edge,no_outgoing_project_edge,isolated_in_project_graph,dependency_depth_scc_condensation,downstream_depth_scc_condensation",current_graph/metrics/declaration_origins_and_authorship.csv,"name,module,is_public,is_internal,is_private,is_reserved_name,has_direct_selection_range,selection_source_token,authorship_class,classifier_evidence",raw/declarations.csv.gz; raw/direct_dependencies.csv.gz; raw/declaration_metadata.csv; raw/declaration_origins.csv; selected source files under the audited NumStability tree,"name,module,kind,is_internal,is_private,has_body; source,target,target_scope,source_module,target_module,occurs_in_type,occurs_in_body; name,range_start_line,range_start_column,range_end_line,range_end_column,selection_start_line,selection_start_column,selection_end_line,selection_end_column,is_reserved_name; name,is_reserved_name,equation_parent; exact selected source token","Directional formal-consumption metric; no-incoming is not redundancy, and multi-step participation is not source faithfulness or API quality."
confirmed_source_written_public,at_least_one_incoming_project_reference,35889,47890,74.940489,100 * numerator / denominator,"is_public=true and authorship_class=confirmed_source_written; the latter requires nonreserved name, direct Lean selection range, and exact selected source token matching the terminal name or namespace-qualified suffix",direct_project_consumer_count >= 1,all_project_environment; direct pairs require both endpoints project-owned,current_graph/metrics/declaration_metrics.csv.gz,"name,module,is_public,is_internal,is_private,authorship_class,is_confirmed_source_written,direct_project_dependency_count,direct_project_consumer_count,used_by_different_module,used_by_different_layer,used_by_multiple_modules,used_by_multiple_domains,no_incoming_project_edge,no_outgoing_project_edge,isolated_in_project_graph,dependency_depth_scc_condensation,downstream_depth_scc_condensation",current_graph/metrics/declaration_origins_and_authorship.csv,"name,module,is_public,is_internal,is_private,is_reserved_name,has_direct_selection_range,selection_source_token,authorship_class,classifier_evidence",raw/declarations.csv.gz; raw/direct_dependencies.csv.gz; raw/declaration_metadata.csv; raw/declaration_origins.csv; selected source files under the audited NumStability tree,"name,module,kind,is_internal,is_private,has_body; source,target,target_scope,source_module,target_module,occurs_in_type,occurs_in_body; name,range_start_line,range_start_column,range_end_line,range_end_column,selection_start_line,selection_start_column,selection_end_line,selection_end_column,is_reserved_name; name,is_reserved_name,equation_parent; exact selected source token","Directional formal-consumption metric; no-incoming is not redundancy, and multi-step participation is not source faithfulness or API quality."
confirmed_source_written_public,used_by_at_least_one_different_module,12584,47890,26.276885,100 * numerator / denominator,"is_public=true and authorship_class=confirmed_source_written; the latter requires nonreserved name, direct Lean selection range, and exact selected source token matching the terminal name or namespace-qualified suffix",used_by_different_module=true; at least one direct project consumer has a different owner module,all_project_environment; direct pairs require both endpoints project-owned,current_graph/metrics/declaration_metrics.csv.gz,"name,module,is_public,is_internal,is_private,authorship_class,is_confirmed_source_written,direct_project_dependency_count,direct_project_consumer_count,used_by_different_module,used_by_different_layer,used_by_multiple_modules,used_by_multiple_domains,no_incoming_project_edge,no_outgoing_project_edge,isolated_in_project_graph,dependency_depth_scc_condensation,downstream_depth_scc_condensation",current_graph/metrics/declaration_origins_and_authorship.csv,"name,module,is_public,is_internal,is_private,is_reserved_name,has_direct_selection_range,selection_source_token,authorship_class,classifier_evidence",raw/declarations.csv.gz; raw/direct_dependencies.csv.gz; raw/declaration_metadata.csv; raw/declaration_origins.csv; selected source files under the audited NumStability tree,"name,module,kind,is_internal,is_private,has_body; source,target,target_scope,source_module,target_module,occurs_in_type,occurs_in_body; name,range_start_line,range_start_column,range_end_line,range_end_column,selection_start_line,selection_start_column,selection_end_line,selection_end_column,is_reserved_name; name,is_reserved_name,equation_parent; exact selected source token","Directional formal-consumption metric; no-incoming is not redundancy, and multi-step participation is not source faithfulness or API quality."
confirmed_source_written_public,used_by_at_least_one_different_layer,5962,47890,12.449363,100 * numerator / denominator,"is_public=true and authorship_class=confirmed_source_written; the latter requires nonreserved name, direct Lean selection range, and exact selected source token matching the terminal name or namespace-qualified suffix",used_by_different_layer=true; at least one direct project consumer has a different path-derived layer,all_project_environment; direct pairs require both endpoints project-owned,current_graph/metrics/declaration_metrics.csv.gz,"name,module,is_public,is_internal,is_private,authorship_class,is_confirmed_source_written,direct_project_dependency_count,direct_project_consumer_count,used_by_different_module,used_by_different_layer,used_by_multiple_modules,used_by_multiple_domains,no_incoming_project_edge,no_outgoing_project_edge,isolated_in_project_graph,dependency_depth_scc_condensation,downstream_depth_scc_condensation",current_graph/metrics/declaration_origins_and_authorship.csv,"name,module,is_public,is_internal,is_private,is_reserved_name,has_direct_selection_range,selection_source_token,authorship_class,classifier_evidence",raw/declarations.csv.gz; raw/direct_dependencies.csv.gz; raw/declaration_metadata.csv; raw/declaration_origins.csv; selected source files under the audited NumStability tree,"name,module,kind,is_internal,is_private,has_body; source,target,target_scope,source_module,target_module,occurs_in_type,occurs_in_body; name,range_start_line,range_start_column,range_end_line,range_end_column,selection_start_line,selection_start_column,selection_end_line,selection_end_column,is_reserved_name; name,is_reserved_name,equation_parent; exact selected source token","Directional formal-consumption metric; no-incoming is not redundancy, and multi-step participation is not source faithfulness or API quality."
confirmed_source_written_public,used_by_multiple_consumer_modules,9260,47890,19.335978,100 * numerator / denominator,"is_public=true and authorship_class=confirmed_source_written; the latter requires nonreserved name, direct Lean selection range, and exact selected source token matching the terminal name or namespace-qualified suffix",used_by_multiple_modules=true; direct project consumers occupy at least two owner modules,all_project_environment; direct pairs require both endpoints project-owned,current_graph/metrics/declaration_metrics.csv.gz,"name,module,is_public,is_internal,is_private,authorship_class,is_confirmed_source_written,direct_project_dependency_count,direct_project_consumer_count,used_by_different_module,used_by_different_layer,used_by_multiple_modules,used_by_multiple_domains,no_incoming_project_edge,no_outgoing_project_edge,isolated_in_project_graph,dependency_depth_scc_condensation,downstream_depth_scc_condensation",current_graph/metrics/declaration_origins_and_authorship.csv,"name,module,is_public,is_internal,is_private,is_reserved_name,has_direct_selection_range,selection_source_token,authorship_class,classifier_evidence",raw/declarations.csv.gz; raw/direct_dependencies.csv.gz; raw/declaration_metadata.csv; raw/declaration_origins.csv; selected source files under the audited NumStability tree,"name,module,kind,is_internal,is_private,has_body; source,target,target_scope,source_module,target_module,occurs_in_type,occurs_in_body; name,range_start_line,range_start_column,range_end_line,range_end_column,selection_start_line,selection_start_column,selection_end_line,selection_end_column,is_reserved_name; name,is_reserved_name,equation_parent; exact selected source token","Directional formal-consumption metric; no-incoming is not redundancy, and multi-step participation is not source faithfulness or API quality."
confirmed_source_written_public,used_by_multiple_consumer_domains,5126,47890,10.703696,100 * numerator / denominator,"is_public=true and authorship_class=confirmed_source_written; the latter requires nonreserved name, direct Lean selection range, and exact selected source token matching the terminal name or namespace-qualified suffix",used_by_multiple_domains=true; direct project consumers occupy at least two audit-classified domains,all_project_environment; direct pairs require both endpoints project-owned,current_graph/metrics/declaration_metrics.csv.gz,"name,module,is_public,is_internal,is_private,authorship_class,is_confirmed_source_written,direct_project_dependency_count,direct_project_consumer_count,used_by_different_module,used_by_different_layer,used_by_multiple_modules,used_by_multiple_domains,no_incoming_project_edge,no_outgoing_project_edge,isolated_in_project_graph,dependency_depth_scc_condensation,downstream_depth_scc_condensation",current_graph/metrics/declaration_origins_and_authorship.csv,"name,module,is_public,is_internal,is_private,is_reserved_name,has_direct_selection_range,selection_source_token,authorship_class,classifier_evidence",raw/declarations.csv.gz; raw/direct_dependencies.csv.gz; raw/declaration_metadata.csv; raw/declaration_origins.csv; selected source files under the audited NumStability tree,"name,module,kind,is_internal,is_private,has_body; source,target,target_scope,source_module,target_module,occurs_in_type,occurs_in_body; name,range_start_line,range_start_column,range_end_line,range_end_column,selection_start_line,selection_start_column,selection_end_line,selection_end_column,is_reserved_name; name,is_reserved_name,equation_parent; exact selected source token","Directional formal-consumption metric; no-incoming is not redundancy, and multi-step participation is not source faithfulness or API quality."
confirmed_source_written_public,no_incoming_project_edge,12001,47890,25.059511,100 * numerator / denominator,"is_public=true and authorship_class=confirmed_source_written; the latter requires nonreserved name, direct Lean selection range, and exact selected source token matching the terminal name or namespace-qualified suffix","no_incoming_project_edge=true, equivalently direct_project_consumer_count=0",all_project_environment; direct pairs require both endpoints project-owned,current_graph/metrics/declaration_metrics.csv.gz,"name,module,is_public,is_internal,is_private,authorship_class,is_confirmed_source_written,direct_project_dependency_count,direct_project_consumer_count,used_by_different_module,used_by_different_layer,used_by_multiple_modules,used_by_multiple_domains,no_incoming_project_edge,no_outgoing_project_edge,isolated_in_project_graph,dependency_depth_scc_condensation,downstream_depth_scc_condensation",current_graph/metrics/declaration_origins_and_authorship.csv,"name,module,is_public,is_internal,is_private,is_reserved_name,has_direct_selection_range,selection_source_token,authorship_class,classifier_evidence",raw/declarations.csv.gz; raw/direct_dependencies.csv.gz; raw/declaration_metadata.csv; raw/declaration_origins.csv; selected source files under the audited NumStability tree,"name,module,kind,is_internal,is_private,has_body; source,target,target_scope,source_module,target_module,occurs_in_type,occurs_in_body; name,range_start_line,range_start_column,range_end_line,range_end_column,selection_start_line,selection_start_column,selection_end_line,selection_end_column,is_reserved_name; name,is_reserved_name,equation_parent; exact selected source token","Directional formal-consumption metric; no-incoming is not redundancy, and multi-step participation is not source faithfulness or API quality."
confirmed_source_written_public,no_outgoing_project_edge,2385,47890,4.980163,100 * numerator / denominator,"is_public=true and authorship_class=confirmed_source_written; the latter requires nonreserved name, direct Lean selection range, and exact selected source token matching the terminal name or namespace-qualified suffix","no_outgoing_project_edge=true, equivalently direct_project_dependency_count=0",all_project_environment; direct pairs require both endpoints project-owned,current_graph/metrics/declaration_metrics.csv.gz,"name,module,is_public,is_internal,is_private,authorship_class,is_confirmed_source_written,direct_project_dependency_count,direct_project_consumer_count,used_by_different_module,used_by_different_layer,used_by_multiple_modules,used_by_multiple_domains,no_incoming_project_edge,no_outgoing_project_edge,isolated_in_project_graph,dependency_depth_scc_condensation,downstream_depth_scc_condensation",current_graph/metrics/declaration_origins_and_authorship.csv,"name,module,is_public,is_internal,is_private,is_reserved_name,has_direct_selection_range,selection_source_token,authorship_class,classifier_evidence",raw/declarations.csv.gz; raw/direct_dependencies.csv.gz; raw/declaration_metadata.csv; raw/declaration_origins.csv; selected source files under the audited NumStability tree,"name,module,kind,is_internal,is_private,has_body; source,target,target_scope,source_module,target_module,occurs_in_type,occurs_in_body; name,range_start_line,range_start_column,range_end_line,range_end_column,selection_start_line,selection_start_column,selection_end_line,selection_end_column,is_reserved_name; name,is_reserved_name,equation_parent; exact selected source token","Directional formal-consumption metric; no-incoming is not redundancy, and multi-step participation is not source faithfulness or API quality."
confirmed_source_written_public,neither_incoming_nor_outgoing_project_edge,143,47890,0.298601,100 * numerator / denominator,"is_public=true and authorship_class=confirmed_source_written; the latter requires nonreserved name, direct Lean selection range, and exact selected source token matching the terminal name or namespace-qualified suffix",isolated_in_project_graph=true; no incoming and no outgoing direct project pair,all_project_environment; direct pairs require both endpoints project-owned,current_graph/metrics/declaration_metrics.csv.gz,"name,module,is_public,is_internal,is_private,authorship_class,is_confirmed_source_written,direct_project_dependency_count,direct_project_consumer_count,used_by_different_module,used_by_different_layer,used_by_multiple_modules,used_by_multiple_domains,no_incoming_project_edge,no_outgoing_project_edge,isolated_in_project_graph,dependency_depth_scc_condensation,downstream_depth_scc_condensation",current_graph/metrics/declaration_origins_and_authorship.csv,"name,module,is_public,is_internal,is_private,is_reserved_name,has_direct_selection_range,selection_source_token,authorship_class,classifier_evidence",raw/declarations.csv.gz; raw/direct_dependencies.csv.gz; raw/declaration_metadata.csv; raw/declaration_origins.csv; selected source files under the audited NumStability tree,"name,module,kind,is_internal,is_private,has_body; source,target,target_scope,source_module,target_module,occurs_in_type,occurs_in_body; name,range_start_line,range_start_column,range_end_line,range_end_column,selection_start_line,selection_start_column,selection_end_line,selection_end_column,is_reserved_name; name,is_reserved_name,equation_parent; exact selected source token","Directional formal-consumption metric; no-incoming is not redundancy, and multi-step participation is not source faithfulness or API quality."
confirmed_source_written_public,participates_in_nontrivial_multistep_chain,46811,47890,97.74692,100 * numerator / denominator,"is_public=true and authorship_class=confirmed_source_written; the latter requires nonreserved name, direct Lean selection range, and exact selected source token matching the terminal name or namespace-qualified suffix",dependency_depth_scc_condensation >= 2 OR downstream_depth_scc_condensation >= 2,all_project_environment; direct pairs require both endpoints project-owned,current_graph/metrics/declaration_metrics.csv.gz,"name,module,is_public,is_internal,is_private,authorship_class,is_confirmed_source_written,direct_project_dependency_count,direct_project_consumer_count,used_by_different_module,used_by_different_layer,used_by_multiple_modules,used_by_multiple_domains,no_incoming_project_edge,no_outgoing_project_edge,isolated_in_project_graph,dependency_depth_scc_condensation,downstream_depth_scc_condensation",current_graph/metrics/declaration_origins_and_authorship.csv,"name,module,is_public,is_internal,is_private,is_reserved_name,has_direct_selection_range,selection_source_token,authorship_class,classifier_evidence",raw/declarations.csv.gz; raw/direct_dependencies.csv.gz; raw/declaration_metadata.csv; raw/declaration_origins.csv; selected source files under the audited NumStability tree,"name,module,kind,is_internal,is_private,has_body; source,target,target_scope,source_module,target_module,occurs_in_type,occurs_in_body; name,range_start_line,range_start_column,range_end_line,range_end_column,selection_start_line,selection_start_column,selection_end_line,selection_end_column,is_reserved_name; name,is_reserved_name,equation_parent; exact selected source token","Directional formal-consumption metric; no-incoming is not redundancy, and multi-step participation is not source faithfulness or API quality."
