universe,metric,numerator,denominator,percent,filters,raw_artifact,raw_columns
all_project_environment,at_least_one_incoming_project_reference,50532,77246,65.41698,target declaration belongs to named universe; consumers may be any project declaration,raw/declarations.csv.gz; raw/direct_dependencies.csv.gz,"name,is_internal,is_private; source,target,target_scope,source_module,target_module"
all_project_environment,used_by_at_least_one_different_module,13549,77246,17.540067,target declaration belongs to named universe; consumers may be any project declaration,raw/declarations.csv.gz; raw/direct_dependencies.csv.gz,"name,is_internal,is_private; source,target,target_scope,source_module,target_module"
all_project_environment,used_by_at_least_one_different_layer,6276,77246,8.124693,target declaration belongs to named universe; consumers may be any project declaration,raw/declarations.csv.gz; raw/direct_dependencies.csv.gz,"name,is_internal,is_private; source,target,target_scope,source_module,target_module"
all_project_environment,used_by_multiple_consumer_modules,10143,77246,13.130777,target declaration belongs to named universe; consumers may be any project declaration,raw/declarations.csv.gz; raw/direct_dependencies.csv.gz,"name,is_internal,is_private; source,target,target_scope,source_module,target_module"
all_project_environment,used_by_multiple_consumer_domains,5520,77246,7.146001,target declaration belongs to named universe; consumers may be any project declaration,raw/declarations.csv.gz; raw/direct_dependencies.csv.gz,"name,is_internal,is_private; source,target,target_scope,source_module,target_module"
all_project_environment,no_incoming_project_edge,26714,77246,34.58302,target declaration belongs to named universe; consumers may be any project declaration,raw/declarations.csv.gz; raw/direct_dependencies.csv.gz,"name,is_internal,is_private; source,target,target_scope,source_module,target_module"
all_project_environment,no_outgoing_project_edge,15530,77246,20.104601,target declaration belongs to named universe; consumers may be any project declaration,raw/declarations.csv.gz; raw/direct_dependencies.csv.gz,"name,is_internal,is_private; source,target,target_scope,source_module,target_module"
all_project_environment,neither_incoming_nor_outgoing_project_edge,5450,77246,7.055382,target declaration belongs to named universe; consumers may be any project declaration,raw/declarations.csv.gz; raw/direct_dependencies.csv.gz,"name,is_internal,is_private; source,target,target_scope,source_module,target_module"
all_project_environment,participates_in_nontrivial_multistep_chain,68598,77246,88.804598,target declaration belongs to named universe; consumers may be any project declaration,raw/declarations.csv.gz; raw/direct_dependencies.csv.gz,"name,is_internal,is_private; source,target,target_scope,source_module,target_module"
environment_public,at_least_one_incoming_project_reference,39012,58120,67.123193,target declaration belongs to named universe; consumers may be any project declaration,raw/declarations.csv.gz; raw/direct_dependencies.csv.gz,"name,is_internal,is_private; source,target,target_scope,source_module,target_module"
environment_public,used_by_at_least_one_different_module,12966,58120,22.309016,target declaration belongs to named universe; consumers may be any project declaration,raw/declarations.csv.gz; raw/direct_dependencies.csv.gz,"name,is_internal,is_private; source,target,target_scope,source_module,target_module"
environment_public,used_by_at_least_one_different_layer,6103,58120,10.500688,target declaration belongs to named universe; consumers may be any project declaration,raw/declarations.csv.gz; raw/direct_dependencies.csv.gz,"name,is_internal,is_private; source,target,target_scope,source_module,target_module"
environment_public,used_by_multiple_consumer_modules,9565,58120,16.45733,target declaration belongs to named universe; consumers may be any project declaration,raw/declarations.csv.gz; raw/direct_dependencies.csv.gz,"name,is_internal,is_private; source,target,target_scope,source_module,target_module"
environment_public,used_by_multiple_consumer_domains,5264,58120,9.057123,target declaration belongs to named universe; consumers may be any project declaration,raw/declarations.csv.gz; raw/direct_dependencies.csv.gz,"name,is_internal,is_private; source,target,target_scope,source_module,target_module"
environment_public,no_incoming_project_edge,19108,58120,32.876807,target declaration belongs to named universe; consumers may be any project declaration,raw/declarations.csv.gz; raw/direct_dependencies.csv.gz,"name,is_internal,is_private; source,target,target_scope,source_module,target_module"
environment_public,no_outgoing_project_edge,2763,58120,4.753957,target declaration belongs to named universe; consumers may be any project declaration,raw/declarations.csv.gz; raw/direct_dependencies.csv.gz,"name,is_internal,is_private; source,target,target_scope,source_module,target_module"
environment_public,neither_incoming_nor_outgoing_project_edge,170,58120,0.292498,target declaration belongs to named universe; consumers may be any project declaration,raw/declarations.csv.gz; raw/direct_dependencies.csv.gz,"name,is_internal,is_private; source,target,target_scope,source_module,target_module"
environment_public,participates_in_nontrivial_multistep_chain,56246,58120,96.775637,target declaration belongs to named universe; consumers may be any project declaration,raw/declarations.csv.gz; raw/direct_dependencies.csv.gz,"name,is_internal,is_private; source,target,target_scope,source_module,target_module"
confirmed_source_written_public,at_least_one_incoming_project_reference,35889,47890,74.940489,target declaration belongs to named universe; consumers may be any project declaration,raw/declarations.csv.gz; raw/direct_dependencies.csv.gz,"name,is_internal,is_private; source,target,target_scope,source_module,target_module"
confirmed_source_written_public,used_by_at_least_one_different_module,12584,47890,26.276885,target declaration belongs to named universe; consumers may be any project declaration,raw/declarations.csv.gz; raw/direct_dependencies.csv.gz,"name,is_internal,is_private; source,target,target_scope,source_module,target_module"
confirmed_source_written_public,used_by_at_least_one_different_layer,5962,47890,12.449363,target declaration belongs to named universe; consumers may be any project declaration,raw/declarations.csv.gz; raw/direct_dependencies.csv.gz,"name,is_internal,is_private; source,target,target_scope,source_module,target_module"
confirmed_source_written_public,used_by_multiple_consumer_modules,9260,47890,19.335978,target declaration belongs to named universe; consumers may be any project declaration,raw/declarations.csv.gz; raw/direct_dependencies.csv.gz,"name,is_internal,is_private; source,target,target_scope,source_module,target_module"
confirmed_source_written_public,used_by_multiple_consumer_domains,5126,47890,10.703696,target declaration belongs to named universe; consumers may be any project declaration,raw/declarations.csv.gz; raw/direct_dependencies.csv.gz,"name,is_internal,is_private; source,target,target_scope,source_module,target_module"
confirmed_source_written_public,no_incoming_project_edge,12001,47890,25.059511,target declaration belongs to named universe; consumers may be any project declaration,raw/declarations.csv.gz; raw/direct_dependencies.csv.gz,"name,is_internal,is_private; source,target,target_scope,source_module,target_module"
confirmed_source_written_public,no_outgoing_project_edge,2385,47890,4.980163,target declaration belongs to named universe; consumers may be any project declaration,raw/declarations.csv.gz; raw/direct_dependencies.csv.gz,"name,is_internal,is_private; source,target,target_scope,source_module,target_module"
confirmed_source_written_public,neither_incoming_nor_outgoing_project_edge,143,47890,0.298601,target declaration belongs to named universe; consumers may be any project declaration,raw/declarations.csv.gz; raw/direct_dependencies.csv.gz,"name,is_internal,is_private; source,target,target_scope,source_module,target_module"
confirmed_source_written_public,participates_in_nontrivial_multistep_chain,46811,47890,97.74692,target declaration belongs to named universe; consumers may be any project declaration,raw/declarations.csv.gz; raw/direct_dependencies.csv.gz,"name,is_internal,is_private; source,target,target_scope,source_module,target_module"
