step,source,source_module,target,target_module,occurs_in_type,occurs_in_body,source_scc,target_scc
1,NumStability.kahanAbsoluteFiniteSquareSteps_ieeeDouble_predOne_thirtyFour_succ,NumStability.Source.Higham.Chapter03.Problem11.KahanAbsoluteValue.IeeeDoubleTrace.Results,NumStability.kahanAbsoluteFiniteSquareSteps_ieeeDouble_predOne_thirtyThree_succ,NumStability.Source.Higham.Chapter03.Problem11.KahanAbsoluteValue.IeeeDoubleTrace.Results,false,true,59701,59705
2,NumStability.kahanAbsoluteFiniteSquareSteps_ieeeDouble_predOne_thirtyThree_succ,NumStability.Source.Higham.Chapter03.Problem11.KahanAbsoluteValue.IeeeDoubleTrace.Results,NumStability.kahanAbsoluteFiniteSquareSteps_ieeeDouble_predOne_thirtyTwo_succ,NumStability.Source.Higham.Chapter03.Problem11.KahanAbsoluteValue.IeeeDoubleTrace.Results,false,true,59705,59707
3,NumStability.kahanAbsoluteFiniteSquareSteps_ieeeDouble_predOne_thirtyTwo_succ,NumStability.Source.Higham.Chapter03.Problem11.KahanAbsoluteValue.IeeeDoubleTrace.Results,NumStability.kahanAbsoluteFiniteSquareSteps_ieeeDouble_predOne_thirtyOne_succ,NumStability.Source.Higham.Chapter03.Problem11.KahanAbsoluteValue.IeeeDoubleTrace.Results,false,true,59707,59703
4,NumStability.kahanAbsoluteFiniteSquareSteps_ieeeDouble_predOne_thirtyOne_succ,NumStability.Source.Higham.Chapter03.Problem11.KahanAbsoluteValue.IeeeDoubleTrace.Results,NumStability.kahanAbsoluteFiniteSquareSteps_ieeeDouble_predOne_thirty_succ,NumStability.Source.Higham.Chapter03.Problem11.KahanAbsoluteValue.IeeeDoubleTrace.Results,false,true,59703,59709
5,NumStability.kahanAbsoluteFiniteSquareSteps_ieeeDouble_predOne_thirty_succ,NumStability.Source.Higham.Chapter03.Problem11.KahanAbsoluteValue.IeeeDoubleTrace.Results,NumStability.kahanAbsoluteFiniteSquareSteps_ieeeDouble_predOne_twentyNine_succ,NumStability.Source.Higham.Chapter03.Problem11.KahanAbsoluteValue.IeeeDoubleTrace.Results,false,true,59709,59721
6,NumStability.kahanAbsoluteFiniteSquareSteps_ieeeDouble_predOne_twentyNine_succ,NumStability.Source.Higham.Chapter03.Problem11.KahanAbsoluteValue.IeeeDoubleTrace.Results,NumStability.kahanAbsoluteFiniteSquareSteps_ieeeDouble_predOne_twentyEight_succ,NumStability.Source.Higham.Chapter03.Problem11.KahanAbsoluteValue.IeeeDoubleTrace.Results,false,true,59721,59715
7,NumStability.kahanAbsoluteFiniteSquareSteps_ieeeDouble_predOne_twentyEight_succ,NumStability.Source.Higham.Chapter03.Problem11.KahanAbsoluteValue.IeeeDoubleTrace.Results,NumStability.kahanAbsoluteFiniteSquareSteps_ieeeDouble_predOne_twentySeven_succ,NumStability.Source.Higham.Chapter03.Problem11.KahanAbsoluteValue.IeeeDoubleTrace.Results,false,true,59715,59725
8,NumStability.kahanAbsoluteFiniteSquareSteps_ieeeDouble_predOne_twentySeven_succ,NumStability.Source.Higham.Chapter03.Problem11.KahanAbsoluteValue.IeeeDoubleTrace.Results,NumStability.kahanAbsoluteFiniteSquareSteps_ieeeDouble_predOne_twentySix_succ,NumStability.Source.Higham.Chapter03.Problem11.KahanAbsoluteValue.IeeeDoubleTrace.Results,false,true,59725,59727
9,NumStability.kahanAbsoluteFiniteSquareSteps_ieeeDouble_predOne_twentySix_succ,NumStability.Source.Higham.Chapter03.Problem11.KahanAbsoluteValue.IeeeDoubleTrace.Results,NumStability.kahanAbsoluteFiniteSquareSteps_ieeeDouble_predOne_twentyFive_succ,NumStability.Source.Higham.Chapter03.Problem11.KahanAbsoluteValue.IeeeDoubleTrace.Results,false,true,59727,59717
10,NumStability.kahanAbsoluteFiniteSquareSteps_ieeeDouble_predOne_twentyFive_succ,NumStability.Source.Higham.Chapter03.Problem11.KahanAbsoluteValue.IeeeDoubleTrace.Results,NumStability.kahanAbsoluteFiniteSquareSteps_ieeeDouble_predOne_twentyFour_succ,NumStability.Source.Higham.Chapter03.Problem11.KahanAbsoluteValue.IeeeDoubleTrace.Results,false,true,59717,59719
11,NumStability.kahanAbsoluteFiniteSquareSteps_ieeeDouble_predOne_twentyFour_succ,NumStability.Source.Higham.Chapter03.Problem11.KahanAbsoluteValue.IeeeDoubleTrace.Results,NumStability.kahanAbsoluteFiniteSquareSteps_ieeeDouble_predOne_twentyThree_succ,NumStability.Source.Higham.Chapter03.Problem11.KahanAbsoluteValue.IeeeDoubleTrace.Results,false,true,59719,59729
12,NumStability.kahanAbsoluteFiniteSquareSteps_ieeeDouble_predOne_twentyThree_succ,NumStability.Source.Higham.Chapter03.Problem11.KahanAbsoluteValue.IeeeDoubleTrace.Results,NumStability.kahanAbsoluteFiniteSquareSteps_ieeeDouble_predOne_twentyTwo_succ,NumStability.Source.Higham.Chapter03.Problem11.KahanAbsoluteValue.IeeeDoubleTrace.Results,false,true,59729,59731
13,NumStability.kahanAbsoluteFiniteSquareSteps_ieeeDouble_predOne_twentyTwo_succ,NumStability.Source.Higham.Chapter03.Problem11.KahanAbsoluteValue.IeeeDoubleTrace.Results,NumStability.kahanAbsoluteFiniteSquareSteps_ieeeDouble_predOne_twentyOne_succ,NumStability.Source.Higham.Chapter03.Problem11.KahanAbsoluteValue.IeeeDoubleTrace.Results,false,true,59731,59723
14,NumStability.kahanAbsoluteFiniteSquareSteps_ieeeDouble_predOne_twentyOne_succ,NumStability.Source.Higham.Chapter03.Problem11.KahanAbsoluteValue.IeeeDoubleTrace.Results,NumStability.kahanAbsoluteFiniteSquareSteps_ieeeDouble_predOne_twenty_succ,NumStability.Source.Higham.Chapter03.Problem11.KahanAbsoluteValue.IeeeDoubleTrace.Results,false,true,59723,59733
15,NumStability.kahanAbsoluteFiniteSquareSteps_ieeeDouble_predOne_twenty_succ,NumStability.Source.Higham.Chapter03.Problem11.KahanAbsoluteValue.IeeeDoubleTrace.Results,NumStability.kahanAbsoluteFiniteSquareSteps_ieeeDouble_predOne_nineteen_succ,NumStability.Source.Higham.Chapter03.Problem11.KahanAbsoluteValue.IeeeDoubleTrace.Results,false,true,59733,59686
16,NumStability.kahanAbsoluteFiniteSquareSteps_ieeeDouble_predOne_nineteen_succ,NumStability.Source.Higham.Chapter03.Problem11.KahanAbsoluteValue.IeeeDoubleTrace.Results,NumStability.kahanAbsoluteFiniteSquareSteps_ieeeDouble_predOne_eighteen_succ,NumStability.Source.Higham.Chapter03.Problem11.KahanAbsoluteValue.IeeeDoubleTrace.Results,false,true,59686,59672
17,NumStability.kahanAbsoluteFiniteSquareSteps_ieeeDouble_predOne_eighteen_succ,NumStability.Source.Higham.Chapter03.Problem11.KahanAbsoluteValue.IeeeDoubleTrace.Results,NumStability.kahanAbsoluteFiniteSquareSteps_ieeeDouble_predOne_seventeen_succ,NumStability.Source.Higham.Chapter03.Problem11.KahanAbsoluteValue.IeeeDoubleTrace.Results,false,true,59672,59690
18,NumStability.kahanAbsoluteFiniteSquareSteps_ieeeDouble_predOne_seventeen_succ,NumStability.Source.Higham.Chapter03.Problem11.KahanAbsoluteValue.IeeeDoubleTrace.Results,NumStability.kahanAbsoluteFiniteSquareSteps_ieeeDouble_predOne_sixteen_succ,NumStability.Source.Higham.Chapter03.Problem11.KahanAbsoluteValue.IeeeDoubleTrace.Results,false,true,59690,59694
19,NumStability.kahanAbsoluteFiniteSquareSteps_ieeeDouble_predOne_sixteen_succ,NumStability.Source.Higham.Chapter03.Problem11.KahanAbsoluteValue.IeeeDoubleTrace.Results,NumStability.kahanAbsoluteFiniteSquareSteps_ieeeDouble_predOne_fifteen_succ,NumStability.Source.Higham.Chapter03.Problem11.KahanAbsoluteValue.IeeeDoubleTrace.Results,false,true,59694,59676
20,NumStability.kahanAbsoluteFiniteSquareSteps_ieeeDouble_predOne_fifteen_succ,NumStability.Source.Higham.Chapter03.Problem11.KahanAbsoluteValue.IeeeDoubleTrace.Results,NumStability.kahanAbsoluteFiniteSquareSteps_ieeeDouble_predOne_fourteen_succ,NumStability.Source.Higham.Chapter03.Problem11.KahanAbsoluteValue.IeeeDoubleTrace.Results,false,true,59676,59682
21,NumStability.kahanAbsoluteFiniteSquareSteps_ieeeDouble_predOne_fourteen_succ,NumStability.Source.Higham.Chapter03.Problem11.KahanAbsoluteValue.IeeeDoubleTrace.Results,NumStability.kahanAbsoluteFiniteSquareSteps_ieeeDouble_predOne_thirteen_succ,NumStability.Source.Higham.Chapter03.Problem11.KahanAbsoluteValue.IeeeDoubleTrace.Results,false,true,59682,59699
22,NumStability.kahanAbsoluteFiniteSquareSteps_ieeeDouble_predOne_thirteen_succ,NumStability.Source.Higham.Chapter03.Problem11.KahanAbsoluteValue.IeeeDoubleTrace.Results,NumStability.kahanAbsoluteFiniteSquareSteps_ieeeDouble_predOne_twelve_succ,NumStability.Source.Higham.Chapter03.Problem11.KahanAbsoluteValue.IeeeDoubleTrace.Results,false,true,59699,59713
23,NumStability.kahanAbsoluteFiniteSquareSteps_ieeeDouble_predOne_twelve_succ,NumStability.Source.Higham.Chapter03.Problem11.KahanAbsoluteValue.IeeeDoubleTrace.Results,NumStability.kahanAbsoluteFiniteSquareSteps_ieeeDouble_predOne_eleven_succ,NumStability.Source.Higham.Chapter03.Problem11.KahanAbsoluteValue.IeeeDoubleTrace.Results,false,true,59713,59674
24,NumStability.kahanAbsoluteFiniteSquareSteps_ieeeDouble_predOne_eleven_succ,NumStability.Source.Higham.Chapter03.Problem11.KahanAbsoluteValue.IeeeDoubleTrace.Results,NumStability.kahanAbsoluteFiniteSquareSteps_ieeeDouble_predOne_ten_succ,NumStability.Source.Higham.Chapter03.Problem11.KahanAbsoluteValue.IeeeDoubleTrace.Results,false,true,59674,59697
25,NumStability.kahanAbsoluteFiniteSquareSteps_ieeeDouble_predOne_ten_succ,NumStability.Source.Higham.Chapter03.Problem11.KahanAbsoluteValue.IeeeDoubleTrace.Results,NumStability.kahanAbsoluteFiniteSquareSteps_ieeeDouble_predOne_nine_succ,NumStability.Source.Higham.Chapter03.Problem11.KahanAbsoluteValue.IeeeDoubleTrace.Results,false,true,59697,59684
26,NumStability.kahanAbsoluteFiniteSquareSteps_ieeeDouble_predOne_nine_succ,NumStability.Source.Higham.Chapter03.Problem11.KahanAbsoluteValue.IeeeDoubleTrace.Results,NumStability.kahanAbsoluteFiniteSquareSteps_ieeeDouble_predOne_eight_succ,NumStability.Source.Higham.Chapter03.Problem11.KahanAbsoluteValue.IeeeDoubleTrace.Results,false,true,59684,59670
27,NumStability.kahanAbsoluteFiniteSquareSteps_ieeeDouble_predOne_eight_succ,NumStability.Source.Higham.Chapter03.Problem11.KahanAbsoluteValue.IeeeDoubleTrace.Results,NumStability.kahanAbsoluteFiniteSquareSteps_ieeeDouble_predOne_seven_succ,NumStability.Source.Higham.Chapter03.Problem11.KahanAbsoluteValue.IeeeDoubleTrace.Results,false,true,59670,59688
28,NumStability.kahanAbsoluteFiniteSquareSteps_ieeeDouble_predOne_seven_succ,NumStability.Source.Higham.Chapter03.Problem11.KahanAbsoluteValue.IeeeDoubleTrace.Results,NumStability.kahanAbsoluteFiniteSquareSteps_ieeeDouble_predOne_six_succ,NumStability.Source.Higham.Chapter03.Problem11.KahanAbsoluteValue.IeeeDoubleTrace.Results,false,true,59688,59692
29,NumStability.kahanAbsoluteFiniteSquareSteps_ieeeDouble_predOne_six_succ,NumStability.Source.Higham.Chapter03.Problem11.KahanAbsoluteValue.IeeeDoubleTrace.Results,NumStability.kahanAbsoluteFiniteSquareSteps_ieeeDouble_predOne_five_succ,NumStability.Source.Higham.Chapter03.Problem11.KahanAbsoluteValue.IeeeDoubleTrace.Results,false,true,59692,59678
30,NumStability.kahanAbsoluteFiniteSquareSteps_ieeeDouble_predOne_five_succ,NumStability.Source.Higham.Chapter03.Problem11.KahanAbsoluteValue.IeeeDoubleTrace.Results,NumStability.kahanAbsoluteFiniteSquareSteps_ieeeDouble_predOne_four_succ,NumStability.Source.Higham.Chapter03.Problem11.KahanAbsoluteValue.IeeeDoubleTrace.Results,false,true,59678,59680
31,NumStability.kahanAbsoluteFiniteSquareSteps_ieeeDouble_predOne_four_succ,NumStability.Source.Higham.Chapter03.Problem11.KahanAbsoluteValue.IeeeDoubleTrace.Results,NumStability.kahanAbsoluteFiniteSquareSteps_ieeeDouble_predOne_three_succ,NumStability.Source.Higham.Chapter03.Problem11.KahanAbsoluteValue.IeeeDoubleTrace.Results,false,true,59680,59711
32,NumStability.kahanAbsoluteFiniteSquareSteps_ieeeDouble_predOne_three_succ,NumStability.Source.Higham.Chapter03.Problem11.KahanAbsoluteValue.IeeeDoubleTrace.Results,NumStability.kahanAbsoluteFiniteSquareSteps_ieeeDouble_predOne_two_succ,NumStability.Source.Higham.Chapter03.Problem11.KahanAbsoluteValue.IeeeDoubleTrace.Results,false,true,59711,59735
33,NumStability.kahanAbsoluteFiniteSquareSteps_ieeeDouble_predOne_two_succ,NumStability.Source.Higham.Chapter03.Problem11.KahanAbsoluteValue.IeeeDoubleTrace.Results,NumStability.kahanAbsoluteFiniteSquareSteps_ieeeDouble_predOne_succ,NumStability.Source.Higham.Chapter03.Problem11.KahanAbsoluteValue.IeeeDoubleTrace.Results,false,true,59735,59696
34,NumStability.kahanAbsoluteFiniteSquareSteps_ieeeDouble_predOne_succ,NumStability.Source.Higham.Chapter03.Problem11.KahanAbsoluteValue.IeeeDoubleTrace.Results,NumStability.kahanAbsoluteIeeeDouble_square_predOne_eq_twoUlpsBelowOne,NumStability.Source.Higham.Chapter03.Problem11.KahanAbsoluteValue.IeeeDoubleTrace.Results,false,true,59696,59852
35,NumStability.kahanAbsoluteIeeeDouble_square_predOne_eq_twoUlpsBelowOne,NumStability.Source.Higham.Chapter03.Problem11.KahanAbsoluteValue.IeeeDoubleTrace.Results,NumStability.FloatingPointFormat.finiteRoundToEven_sourceRoundToEvenEvidence_of_finiteNormalRange,NumStability.Analysis.FloatingPointArithmetic.NearestRoundingError,false,true,59852,8723
36,NumStability.FloatingPointFormat.finiteRoundToEven_sourceRoundToEvenEvidence_of_finiteNormalRange,NumStability.Analysis.FloatingPointArithmetic.NearestRoundingError,NumStability.FloatingPointFormat.finiteNormalRoundToEven_sourceRoundToEvenEvidence,NumStability.Analysis.FloatingPointArithmetic.NearestRoundingError,false,true,8723,8291
37,NumStability.FloatingPointFormat.finiteNormalRoundToEven_sourceRoundToEvenEvidence,NumStability.Analysis.FloatingPointArithmetic.NearestRoundingError,NumStability.FloatingPointFormat.finiteNormalRoundToEven_spec,NumStability.Analysis.FloatingPointArithmetic.NearestRoundingError,false,true,8291,8292
38,NumStability.FloatingPointFormat.finiteNormalRoundToEven_spec,NumStability.Analysis.FloatingPointArithmetic.NearestRoundingError,NumStability.FloatingPointFormat.finiteNormalRoundToEven,NumStability.Analysis.FloatingPointArithmetic.NearestRoundingError,true,false,8292,8283
39,NumStability.FloatingPointFormat.finiteNormalRoundToEven,NumStability.Analysis.FloatingPointArithmetic.NearestRoundingError,NumStability.FloatingPointFormat.exists_finiteNormalRoundToEven_signedRelErrorWitness_lt_finiteNormalRange,NumStability.Analysis.FloatingPointArithmetic.NearestRoundingError,false,true,8283,8113
40,NumStability.FloatingPointFormat.exists_finiteNormalRoundToEven_signedRelErrorWitness_lt_finiteNormalRange,NumStability.Analysis.FloatingPointArithmetic.NearestRoundingError,NumStability.FloatingPointFormat.exists_finiteNormalRoundToEven_signedRelErrorWitness_lt_negative_finiteNormalRange,NumStability.Analysis.FloatingPointArithmetic.NearestRoundingError,false,true,8113,8114
41,NumStability.FloatingPointFormat.exists_finiteNormalRoundToEven_signedRelErrorWitness_lt_negative_finiteNormalRange,NumStability.Analysis.FloatingPointArithmetic.NearestRoundingError,NumStability.FloatingPointFormat.exists_nearestAdjacentRoundToEven_signedRelErrorWitness_lt_negative,NumStability.Analysis.FloatingPointArithmetic.NearestRoundingError,false,true,8114,8130
42,NumStability.FloatingPointFormat.exists_nearestAdjacentRoundToEven_signedRelErrorWitness_lt_negative,NumStability.Analysis.FloatingPointArithmetic.NearestRoundingError,NumStability.FloatingPointFormat.exists_nearestAdjacentRoundAway_signedRelErrorWitness_lt_negative,NumStability.Analysis.FloatingPointArithmetic.NearestRoundingError,false,true,8130,8119
43,NumStability.FloatingPointFormat.exists_nearestAdjacentRoundAway_signedRelErrorWitness_lt_negative,NumStability.Analysis.FloatingPointArithmetic.NearestRoundingError,NumStability.FloatingPointFormat.exists_nearestAdjacentRoundAway_signedRelErrorWitness_lt_powerSlice_negative,NumStability.Analysis.FloatingPointArithmetic.NearestRoundingError,false,true,8119,8126
44,NumStability.FloatingPointFormat.exists_nearestAdjacentRoundAway_signedRelErrorWitness_lt_powerSlice_negative,NumStability.Analysis.FloatingPointArithmetic.NearestRoundingError,NumStability.FloatingPointFormat.exists_nearestAdjacentRoundAway_signedRelErrorWitness_lt_powerInterval_negative,NumStability.Analysis.FloatingPointArithmetic.NearestRoundingError,false,true,8126,8124
45,NumStability.FloatingPointFormat.exists_nearestAdjacentRoundAway_signedRelErrorWitness_lt_powerInterval_negative,NumStability.Analysis.FloatingPointArithmetic.NearestRoundingError,NumStability.FloatingPointFormat.exists_nearestAdjacentRoundAway_signedRelErrorWitness_lt_sameExponent_negative,NumStability.Analysis.FloatingPointArithmetic.NearestRoundingError,false,true,8124,8128
46,NumStability.FloatingPointFormat.exists_nearestAdjacentRoundAway_signedRelErrorWitness_lt_sameExponent_negative,NumStability.Analysis.FloatingPointArithmetic.NearestRoundingError,NumStability.FloatingPointFormat.nearestAdjacentRoundAway_signedRelErrorWitness_lt_of_nonpos_between,NumStability.Analysis.FloatingPointArithmetic.NearestRoundingError,false,true,8128,9592
47,NumStability.FloatingPointFormat.nearestAdjacentRoundAway_signedRelErrorWitness_lt_of_nonpos_between,NumStability.Analysis.FloatingPointArithmetic.NearestRoundingError,NumStability.FloatingPointFormat.nearestRoundingToUnbounded_signedRelErrorWitness_lt_of_nonpos_between,NumStability.Analysis.FloatingPointArithmetic.NearestRoundingError,false,true,9592,9680
48,NumStability.FloatingPointFormat.nearestRoundingToUnbounded_signedRelErrorWitness_lt_of_nonpos_between,NumStability.Analysis.FloatingPointArithmetic.NearestRoundingError,NumStability.FloatingPointFormat.nearestRoundingToUnbounded_abs_sub_lt_unitRoundoff_mul_self_of_nonpos_between,NumStability.Analysis.FloatingPointArithmetic.NearestRoundingError,false,true,9680,9664
49,NumStability.FloatingPointFormat.nearestRoundingToUnbounded_abs_sub_lt_unitRoundoff_mul_self_of_nonpos_between,NumStability.Analysis.FloatingPointArithmetic.NearestRoundingError,NumStability.FloatingPointFormat.realOrderAdjacentNormalized_spacing_bounds_left,NumStability.Analysis.FloatingPointArithmetic.Rounding,false,true,9664,12252
50,NumStability.FloatingPointFormat.realOrderAdjacentNormalized_spacing_bounds_left,NumStability.Analysis.FloatingPointArithmetic.Rounding,NumStability.FloatingPointFormat.adjacentNormalized_of_realOrderAdjacentNormalized,NumStability.Analysis.FloatingPointArithmetic.Rounding,false,true,12252,7855
51,NumStability.FloatingPointFormat.adjacentNormalized_of_realOrderAdjacentNormalized,NumStability.Analysis.FloatingPointArithmetic.Rounding,NumStability.FloatingPointFormat.realOrderAdjacentNormalized_true_representations_adjacentNormalized,NumStability.Analysis.FloatingPointArithmetic.Rounding,false,true,7855,12254
52,NumStability.FloatingPointFormat.realOrderAdjacentNormalized_true_representations_adjacentNormalized,NumStability.Analysis.FloatingPointArithmetic.Rounding,NumStability.FloatingPointFormat.realOrderAdjacentNormalized_false_representations_adjacentNormalized,NumStability.Analysis.FloatingPointArithmetic.Rounding,false,true,12254,12235
53,NumStability.FloatingPointFormat.realOrderAdjacentNormalized_false_representations_adjacentNormalized,NumStability.Analysis.FloatingPointArithmetic.Rounding,NumStability.FloatingPointFormat.realOrderAdjacentNormalized_false_ordered_adjacentNormalized,NumStability.Analysis.FloatingPointArithmetic.Rounding,false,true,12235,12224
54,NumStability.FloatingPointFormat.realOrderAdjacentNormalized_false_ordered_adjacentNormalized,NumStability.Analysis.FloatingPointArithmetic.Rounding,NumStability.FloatingPointFormat.realOrderAdjacentNormalized_false_ordered_exp_eq_or_succ,NumStability.Analysis.FloatingPointArithmetic.Rounding,false,true,12224,12225
55,NumStability.FloatingPointFormat.realOrderAdjacentNormalized_false_ordered_exp_eq_or_succ,NumStability.Analysis.FloatingPointArithmetic.Rounding,NumStability.FloatingPointFormat.realOrderAdjacentNormalized_false_ordered_exp_ge,NumStability.Analysis.FloatingPointArithmetic.Rounding,false,true,12225,12227
56,NumStability.FloatingPointFormat.realOrderAdjacentNormalized_false_ordered_exp_ge,NumStability.Analysis.FloatingPointArithmetic.Rounding,NumStability.FloatingPointFormat.normalizedValue_false_lt_of_exp_lt,NumStability.Analysis.FloatingPointArithmetic.Rounding,false,true,12227,9789
57,NumStability.FloatingPointFormat.normalizedValue_false_lt_of_exp_lt,NumStability.Analysis.FloatingPointArithmetic.Rounding,NumStability.FloatingPointFormat.normalizedValue_false_lower_power,NumStability.Analysis.FloatingPointArithmetic.Rounding,false,true,9789,9785
58,NumStability.FloatingPointFormat.normalizedValue_false_lower_power,NumStability.Analysis.FloatingPointArithmetic.Rounding,NumStability.FloatingPointFormat.normalizedValue_abs_lower_power,NumStability.Analysis.FloatingPointArithmetic.Format,false,true,9785,9747
59,NumStability.FloatingPointFormat.normalizedValue_abs_lower_power,NumStability.Analysis.FloatingPointArithmetic.Format,NumStability.FloatingPointFormat.normalizedValue_abs_lower_mantissa,NumStability.Analysis.FloatingPointArithmetic.Format,false,true,9747,9744
60,NumStability.FloatingPointFormat.normalizedValue_abs_lower_mantissa,NumStability.Analysis.FloatingPointArithmetic.Format,NumStability.FloatingPointFormat.betaR_zpow_nonneg,NumStability.Analysis.FloatingPointArithmetic.Format,false,true,9744,7912
61,NumStability.FloatingPointFormat.betaR_zpow_nonneg,NumStability.Analysis.FloatingPointArithmetic.Format,NumStability.FloatingPointFormat.betaR_zpow_pos,NumStability.Analysis.FloatingPointArithmetic.Format,false,true,7912,7913
62,NumStability.FloatingPointFormat.betaR_zpow_pos,NumStability.Analysis.FloatingPointArithmetic.Format,NumStability.FloatingPointFormat.betaR_pos,NumStability.Analysis.FloatingPointArithmetic.Format,false,true,7913,7908
63,NumStability.FloatingPointFormat.betaR_pos,NumStability.Analysis.FloatingPointArithmetic.Format,NumStability.FloatingPointFormat.betaR,NumStability.Analysis.FloatingPointArithmetic.Format,true,true,7908,7904
64,NumStability.FloatingPointFormat.betaR,NumStability.Analysis.FloatingPointArithmetic.Format,NumStability.FloatingPointFormat.beta,NumStability.Analysis.FloatingPointArithmetic.Format,false,true,7904,7903
65,NumStability.FloatingPointFormat.beta,NumStability.Analysis.FloatingPointArithmetic.Format,NumStability.FloatingPointFormat,NumStability.Analysis.FloatingPointArithmetic.Format,true,true,7903,7776
