rank_metric,rank,name,module,kind,layer,domain,chapter,value,direct_fan_in,direct_fan_out,transitive_downstream_consumers,downstream_modules,downstream_depth,dependency_depth
direct_fan_in,1,NumStability.FPModel,NumStability.FloatingPoint.Model,inductive,FloatingPoint,FloatingPoint,Unassigned,13255,13255,0,13992,532,51,0
direct_fan_in,2,NumStability.gammaValid,NumStability.Analysis.Rounding,definition,Analysis,FloatingPoint,Unassigned,5114,5114,2,6976,430,49,2
direct_fan_in,3,NumStability.gamma,NumStability.Analysis.Rounding,definition,Analysis,FloatingPoint,Unassigned,4682,4682,2,7956,435,49,2
direct_fan_in,4,NumStability.infNorm,NumStability.Analysis.MatrixAlgebra,definition,Analysis,Other,Unassigned,3406,3406,0,4351,196,50,0
direct_fan_in,5,NumStability.FloatingPointFormat,NumStability.Analysis.FloatingPointArithmetic.Format,inductive,Analysis,FloatingPoint,Unassigned,3331,3331,0,6291,107,65,0
direct_fan_in,6,NumStability.FPModel.u,NumStability.FloatingPoint.Model,definition,FloatingPoint,FloatingPoint,Unassigned,3186,3186,1,9347,486,50,1
direct_fan_in,7,NumStability.rectMatMul,NumStability.Analysis.MatrixAlgebra,definition,Analysis,Other,Unassigned,2581,2581,0,4460,245,57,0
direct_fan_in,8,NumStability.vecNorm2,NumStability.Analysis.MatrixAlgebra,definition,Analysis,Other,Unassigned,2395,2395,1,5762,323,55,1
direct_fan_in,9,NumStability.fl_backSub,NumStability.Algorithms.LinearSystems.Triangular.BackSubstitution,definition,Algorithms,Other,Unassigned,2230,2230,2,2387,109,34,3
direct_fan_in,10,NumStability.matMul,NumStability.Analysis.MatrixAlgebra,definition,Analysis,Other,Unassigned,2218,2218,0,7511,422,50,0
direct_fan_in,11,NumStability.matMulVec,NumStability.Analysis.MatrixAlgebra,definition,Analysis,Other,Unassigned,2149,2149,0,5442,376,56,0
direct_fan_in,12,NumStability.fl_forwardSub,NumStability.Algorithms.LinearSystems.Triangular.ForwardSubstitution,definition,Algorithms,Other,Unassigned,2141,2141,2,2445,133,34,3
direct_fan_in,13,NumStability.maxEntryNorm,NumStability.Analysis.MatrixNorms.EntrywiseMaximum,definition,Analysis,Norms,Unassigned,2014,2014,1,2551,88,20,1
direct_fan_in,14,NumStability.matTranspose,NumStability.Analysis.MatrixAlgebra,definition,Analysis,Other,Unassigned,1993,1993,0,4741,243,40,0
direct_fan_in,15,NumStability.FloatingPointFormat.ieeeDoubleFormat,NumStability.Analysis.FloatingPointArithmetic.Format,definition,Analysis,FloatingPoint,Unassigned,1948,1948,5,2045,29,37,2
direct_fan_in,16,NumStability.PivotSize,NumStability.Algorithms.LinearSystems.SymmetricIndefinite.ErrorAnalysis.BlockLDLT,inductive,Algorithms,SymmetricIndefinite,Unassigned,1874,1874,0,2207,29,46,0
direct_fan_in,17,NumStability.FloatingPointFormat.t,NumStability.Analysis.FloatingPointArithmetic.Format,definition,Analysis,FloatingPoint,Unassigned,1768,1768,1,6026,106,62,1
direct_fan_in,18,NumStability.frobNormRect,NumStability.Analysis.MatrixAlgebra,definition,Analysis,Other,Unassigned,1744,1744,1,2608,128,41,1
direct_fan_in,19,NumStability.FPModel.fl_sub,NumStability.FloatingPoint.Model,definition,FloatingPoint,FloatingPoint,Unassigned,1733,1733,1,9987,399,41,1
direct_fan_in,20,NumStability.RMatFn,NumStability.Analysis.MatrixAlgebra,definition,Analysis,Other,Unassigned,1718,1718,0,4703,246,47,0
direct_fan_in,21,NumStability.FloatingPointFormat.finiteRoundToEvenOp,NumStability.Analysis.FloatingPointArithmetic.NearestRoundingError,definition,Analysis,FloatingPoint,Unassigned,1717,1717,4,2640,74,35,29
direct_fan_in,22,NumStability.frobNorm,NumStability.Analysis.MatrixAlgebra,definition,Analysis,Other,Unassigned,1647,1647,1,3127,194,46,1
direct_fan_in,23,NumStability.rectMatMulVec,NumStability.Analysis.MatrixAlgebra,definition,Analysis,Other,Unassigned,1642,1642,0,4788,227,57,0
direct_fan_in,24,NumStability.PivotSize.two,NumStability.Algorithms.LinearSystems.SymmetricIndefinite.ErrorAnalysis.BlockLDLT,constructor,Algorithms,SymmetricIndefinite,Unassigned,1575,1575,1,2205,29,45,1
direct_fan_in,25,NumStability.higham11_7_tridiagonalBranchAmbientDim,NumStability.Source.Higham.Chapter11.Section01.Tridiagonal,definition,Source,HighamSourceOther,Chapter11,1571,1571,2,1638,1,25,5
direct_fan_in,26,NumStability.FloatingPointFormat.normalizedValue,NumStability.Analysis.FloatingPointArithmetic.Format,definition,Analysis,FloatingPoint,Unassigned,1568,1568,4,5114,105,61,3
direct_fan_in,27,NumStability.FPModel.fl_div,NumStability.FloatingPoint.Model,definition,FloatingPoint,FloatingPoint,Unassigned,1557,1557,1,8152,324,40,1
direct_fan_in,28,NumStability.higham11_7_tridiagonalPathPivotSpan,NumStability.Source.Higham.Chapter11.Section01.Tridiagonal,definition,Source,HighamSourceOther,Chapter11,1552,1552,2,1566,1,29,6
direct_fan_in,29,NumStability.IsOrthogonal,NumStability.Analysis.MatrixAlgebra,definition,Analysis,Other,Unassigned,1527,1527,2,3229,188,39,2
direct_fan_in,30,NumStability.idMatrix,NumStability.Analysis.MatrixAlgebra,definition,Analysis,Other,Unassigned,1504,1504,0,7353,390,58,0
direct_fan_in,31,NumStability.FloatingPointFormat.beta,NumStability.Analysis.FloatingPointArithmetic.Format,definition,Analysis,FloatingPoint,Unassigned,1481,1481,1,5955,106,64,1
direct_fan_in,32,NumStability.higham11_7_tridiagonalPathTailDim,NumStability.Source.Higham.Chapter11.Section01.Tridiagonal,definition,Source,HighamSourceOther,Chapter11,1471,1471,4,1504,1,25,7
direct_fan_in,33,NumStability.LUFactSpec,NumStability.Algorithms.LU.GaussianElimination,inductive,Algorithms,LU,Unassigned,1428,1428,0,1670,38,19,0
direct_fan_in,34,NumStability.absMatrix,NumStability.Analysis.MatrixAlgebra,definition,Analysis,Other,Unassigned,1361,1361,0,3409,132,47,0
direct_fan_in,35,NumStability.higham11_7_tridiagonalPathPrefixSpan,NumStability.Source.Higham.Chapter11.Section01.Tridiagonal,definition,Source,HighamSourceOther,Chapter11,1341,1341,2,1563,1,30,6
direct_fan_in,36,NumStability.higham9_20_tridiag_lu_perturbation_model,NumStability.Source.Higham.Chapter09.Section06,definition,Source,HighamSourceOther,Chapter09,1281,1281,0,1743,9,30,0
direct_fan_in,37,NumStability.FloatingPointFormat.finiteSystem,NumStability.Analysis.FloatingPointArithmetic.Format,definition,Analysis,FloatingPoint,Unassigned,1227,1227,3,4168,100,43,5
direct_fan_in,38,NumStability.nonsingInv,NumStability.Analysis.MatrixAlgebra,definition,Analysis,Other,Unassigned,1226,1226,0,2599,163,53,0
direct_fan_in,39,NumStability.IsRightInverse,NumStability.Analysis.MatrixAlgebra,definition,Analysis,Other,Unassigned,1222,1222,0,5923,422,53,0
direct_fan_in,40,NumStability.BasicOp.div,NumStability.FloatingPoint.Model,constructor,FloatingPoint,FloatingPoint,Unassigned,1220,1220,1,3833,89,40,1
direct_fan_in,41,NumStability.IsSymmetricFiniteMatrix,NumStability.Analysis.MatrixAlgebra,definition,Analysis,Other,Unassigned,1204,1204,0,2295,160,51,0
direct_fan_in,42,NumStability.higham11_7_tridiagonalLiftLocalBlockPerturbation,NumStability.Source.Higham.Chapter11.Section01.Tridiagonal,definition,Source,HighamSourceOther,Chapter11,1186,1186,0,1467,1,24,0
direct_fan_in,43,NumStability.higham11_15_aasenChainDeltaABound,NumStability.Source.Higham.Chapter11.Section02.Aasen,definition,Source,SymmetricIndefinite,Chapter11,1149,1149,1,1180,19,28,1
direct_fan_in,44,NumStability.higham11_7_tridiagonalPathBranchMatrix,NumStability.Source.Higham.Chapter11.Section01.Tridiagonal,definition,Source,HighamSourceOther,Chapter11,1149,1149,6,1295,1,17,15
direct_fan_in,45,NumStability.higham11_15_aasenMiddleSolveBudget,NumStability.Source.Higham.Chapter11.Section02.Aasen,definition,Source,SymmetricIndefinite,Chapter11,1143,1143,3,1143,3,26,3
direct_fan_in,46,NumStability.PivotSize.one,NumStability.Algorithms.LinearSystems.SymmetricIndefinite.ErrorAnalysis.BlockLDLT,constructor,Algorithms,SymmetricIndefinite,Unassigned,1121,1121,1,2205,29,45,1
direct_fan_in,47,NumStability.FloatingPointFormat.normalizedMantissa,NumStability.Analysis.FloatingPointArithmetic.Format,definition,Analysis,FloatingPoint,Unassigned,1114,1114,3,4725,103,60,3
direct_fan_in,48,NumStability.higham11_1_bunchParlettAlpha,NumStability.Source.Higham.Chapter11.Section01.CompletePivoting,definition,Source,LU,Chapter11,1114,1114,1,1379,27,26,2
direct_fan_in,49,NumStability.matMulRect,NumStability.Analysis.MatrixAlgebra,definition,Analysis,Other,Unassigned,1085,1085,0,3694,166,36,0
direct_fan_in,50,NumStability.higham11_14_fl_aasenSourcePrefixDot,NumStability.Source.Higham.Chapter11.Section02.Aasen,definition,Source,SymmetricIndefinite,Chapter11,1076,1076,3,1076,1,25,3
direct_fan_in,51,NumStability.gamma_nonneg,NumStability.Analysis.Rounding,theorem,Analysis,FloatingPoint,Unassigned,1063,1063,5,6237,382,45,3
direct_fan_in,52,NumStability.CMatrix,NumStability.Analysis.MatrixNorms.Basic,definition,Analysis,Norms,Unassigned,1061,1061,0,2901,210,42,0
direct_fan_in,53,NumStability.higham11_7_TridiagonalBranchPathResidualWitnesses,NumStability.Source.Higham.Chapter11.Section01.Tridiagonal,definition,Source,HighamSourceOther,Chapter11,1018,1018,5,1018,1,21,9
direct_fan_in,54,NumStability.IeeeOperationResult,NumStability.Analysis.FloatingPointArithmetic.IeeeValue,inductive,Analysis,FloatingPoint,Unassigned,1007,1007,0,1284,10,12,0
direct_fan_in,55,NumStability.FloatingPointFormat.mk,NumStability.Analysis.FloatingPointArithmetic.Format,constructor,Analysis,FloatingPoint,Unassigned,1003,1003,1,3508,60,38,1
direct_fan_in,56,NumStability.FloatingPointFormat.betaR,NumStability.Analysis.FloatingPointArithmetic.Format,definition,Analysis,FloatingPoint,Unassigned,999,999,2,5662,106,63,2
direct_fan_in,57,NumStability.higham11_8_AasenSpec,NumStability.Source.Higham.Chapter11.Section02.Aasen,definition,Source,SymmetricIndefinite,Chapter11,971,971,1,1033,3,14,1
direct_fan_in,58,NumStability.householderTrailingActiveVector,NumStability.Algorithms.LinearSystems.QR.Householder.TrailingPanels,definition,Algorithms,QR,Unassigned,968,968,2,1877,22,34,1
direct_fan_in,59,NumStability.realRectToCMatrix,NumStability.Analysis.SingularValues.Realification,definition,Analysis,Spectral,Unassigned,937,937,1,1747,147,39,1
direct_fan_in,60,NumStability.IeeeValue,NumStability.Analysis.FloatingPointArithmetic.IeeeValue,inductive,Analysis,FloatingPoint,Unassigned,934,934,0,1798,11,18,0
direct_fan_in,61,NumStability.BasicOp.mul,NumStability.FloatingPoint.Model,constructor,FloatingPoint,FloatingPoint,Unassigned,921,921,1,3833,89,40,1
direct_fan_in,62,NumStability.FloatingPointFormat.finiteRoundToEven,NumStability.Analysis.FloatingPointArithmetic.NearestRoundingError,definition,Analysis,FloatingPoint,Unassigned,913,913,7,3650,89,36,28
direct_fan_in,63,NumStability.sylvesterVecCoeff,NumStability.Algorithms.MatrixEquations.Sylvester.Equation.Vectorization,definition,Algorithms,MatrixEquations,Unassigned,903,903,1,1550,56,17,1
direct_fan_in,64,NumStability.higham11_7_tridiagonalBranchSupportOffset,NumStability.Source.Higham.Chapter11.Section01.Tridiagonal,definition,Source,HighamSourceOther,Chapter11,895,895,2,1722,1,31,5
direct_fan_in,65,NumStability.FloatingPointFormat.ieeeSingleFormat._proof_1,NumStability.Analysis.FloatingPointArithmetic.Format,theorem,Analysis,FloatingPoint,Unassigned,892,892,0,3266,40,38,0
direct_fan_in,66,NumStability.higham11_7_tridiagonalPathLocalBlockIndex,NumStability.Source.Higham.Chapter11.Section01.Tridiagonal,definition,Source,HighamSourceOther,Chapter11,890,890,6,1437,1,22,14
direct_fan_in,67,NumStability.FloatingPointFormat.minNormalMantissa,NumStability.Analysis.FloatingPointArithmetic.Format,definition,Analysis,FloatingPoint,Unassigned,885,885,3,4884,104,61,2
direct_fan_in,68,NumStability.higham9_14_f,NumStability.Source.Higham.Chapter09.Section06,definition,Source,HighamSourceOther,Chapter09,883,883,2,1788,8,31,1
direct_fan_in,69,NumStability.IsTridiagonal,NumStability.Algorithms.LU.Tridiagonal,definition,Algorithms,LU,Unassigned,881,881,0,1710,14,16,0
direct_fan_in,70,NumStability.higham11_7_tridiagonalBranchFirstTrailingIndex,NumStability.Source.Higham.Chapter11.Section01.Tridiagonal,definition,Source,HighamSourceOther,Chapter11,874,874,5,1177,1,24,6
direct_fan_in,71,NumStability.higham11_7_tridiagonalPathFirstTrailingIndex_one,NumStability.Source.Higham.Chapter11.Section01.Tridiagonal,definition,Source,HighamSourceOther,Chapter11,862,862,9,862,1,21,13
direct_fan_in,72,NumStability.higham11_7_TridiagonalBranchLocalAssumptions,NumStability.Source.Higham.Chapter11.Section01.Tridiagonal,definition,Source,HighamSourceOther,Chapter11,855,855,16,926,1,19,8
direct_fan_in,73,NumStability.householderBetaSpec,NumStability.Algorithms.LinearSystems.QR.Householder.TrailingPanels,definition,Algorithms,QR,Unassigned,855,855,1,1822,27,34,1
direct_fan_in,74,NumStability.higham11_7_TridiagonalBranchTerminalAssumptions,NumStability.Source.Higham.Chapter11.Section01.Tridiagonal,definition,Source,HighamSourceOther,Chapter11,853,853,15,890,1,16,8
direct_fan_in,75,NumStability.fl_householderStoredPanelStep,NumStability.Algorithms.LinearSystems.QR.Householder.PanelApplication,definition,Algorithms,QR,Unassigned,852,852,2,1382,19,31,5
direct_fan_in,76,NumStability.BasicOp.add,NumStability.FloatingPoint.Model,constructor,FloatingPoint,FloatingPoint,Unassigned,851,851,1,3833,89,40,1
direct_fan_in,77,NumStability.CVec,NumStability.Analysis.VectorNorms.Basic,definition,Analysis,Norms,Unassigned,843,843,0,2419,209,41,0
direct_fan_in,78,NumStability.FloatingPointFormat.finiteNormalRange,NumStability.Analysis.FloatingPointArithmetic.Format,definition,Analysis,FloatingPoint,Unassigned,832,832,3,4031,92,43,4
direct_fan_in,79,NumStability.qrLeadingBlock,NumStability.Algorithms.LinearSystems.QR.Householder.StoredQR,definition,Algorithms,QR,Unassigned,826,826,2,942,9,30,2
direct_fan_in,80,NumStability.IeeeValue.finite,NumStability.Analysis.FloatingPointArithmetic.IeeeValue,constructor,Analysis,FloatingPoint,Unassigned,825,825,1,1718,11,17,1
direct_fan_in,81,NumStability.higham11_7_tridiagonalPathFirstTrailingIndex_two,NumStability.Source.Higham.Chapter11.Section01.Tridiagonal,definition,Source,HighamSourceOther,Chapter11,823,823,9,862,1,21,13
direct_fan_in,82,NumStability.IsLeftInverse,NumStability.Analysis.MatrixAlgebra,definition,Analysis,Other,Unassigned,819,819,0,5897,430,53,0
direct_fan_in,83,NumStability.growthFactorEntry,NumStability.Algorithms.LU.GrowthFactor,definition,Algorithms,LU,Unassigned,810,810,1,1126,46,13,2
direct_fan_in,84,NumStability.IsSylvesterSolutionRect,NumStability.Algorithms.MatrixEquations.Sylvester.Equation.Rectangular,definition,Algorithms,MatrixEquations,Unassigned,808,808,2,1057,22,17,2
direct_fan_in,85,NumStability.maxEntryNormRect,NumStability.Analysis.MatrixNorms.EntrywiseMaximum,definition,Analysis,Norms,Unassigned,803,803,1,1000,53,19,1
direct_fan_in,86,NumStability.finiteTranspose,NumStability.Analysis.MatrixAlgebra,definition,Analysis,Other,Unassigned,801,801,0,2684,161,57,0
direct_fan_in,87,NumStability.LSEFullRowRank,NumStability.Algorithms.LinearSystems.LeastSquares.Equality.Basic,definition,Algorithms,LeastSquares,Unassigned,783,783,1,824,11,29,3
direct_fan_in,88,NumStability.FloatingPointFormat.ieeeSingleFormat,NumStability.Analysis.FloatingPointArithmetic.Format,definition,Analysis,FloatingPoint,Unassigned,772,772,5,1273,24,21,2
direct_fan_in,89,NumStability.higham9_27_GMatrix,NumStability.Source.Higham.Chapter09.Section10,definition,Source,HighamSourceOther,Chapter09,765,765,1,785,2,12,1
direct_fan_in,90,NumStability.higham11_10_aasenH,NumStability.Source.Higham.Chapter11.Section02.Aasen,definition,Source,SymmetricIndefinite,Chapter11,755,755,0,815,2,14,0
direct_fan_in,91,NumStability.FPModel.fl_mul,NumStability.FloatingPoint.Model,definition,FloatingPoint,FloatingPoint,Unassigned,749,749,1,10543,428,48,1
direct_fan_in,92,NumStability.vecNorm2Sq,NumStability.Analysis.MatrixAlgebra,definition,Analysis,Other,Unassigned,745,745,0,7084,343,59,0
direct_fan_in,93,NumStability.FloatingPointFormat.signValue,NumStability.Analysis.FloatingPointArithmetic.Format,definition,Analysis,FloatingPoint,Unassigned,738,738,1,5199,106,62,1
direct_fan_in,94,NumStability.sylvesterPracticalBudgetVec,NumStability.Algorithms.MatrixEquations.Sylvester.Conditioning.PracticalErrorBounds,definition,Algorithms,MatrixEquations,Unassigned,738,738,1,739,12,13,1
direct_fan_in,95,NumStability.sylvesterMaxEntryNormRect,NumStability.Algorithms.MatrixEquations.Sylvester.Conditioning.PracticalErrorBounds,definition,Algorithms,MatrixEquations,Unassigned,736,736,2,736,12,13,1
direct_fan_in,96,NumStability.opNorm2,NumStability.Analysis.MatrixAlgebra,definition,Analysis,Other,Unassigned,735,735,0,855,75,18,0
direct_fan_in,97,NumStability.householderTrailingNorm2Sq,NumStability.Algorithms.LinearSystems.QR.Householder.TrailingPanels,definition,Algorithms,QR,Unassigned,708,708,2,1640,31,34,1
direct_fan_in,98,NumStability.complexMatrixOp2,NumStability.Analysis.SingularValues.Basic,definition,Analysis,Spectral,Unassigned,703,703,12,1169,117,38,1
direct_fan_in,99,NumStability.higham11_7_tridiagonalPathSecondPivotIndex_two,NumStability.Source.Higham.Chapter11.Section01.Tridiagonal,definition,Source,HighamSourceOther,Chapter11,693,693,8,1333,1,21,15
direct_fan_in,100,NumStability.higham11_4_BunchKaufmanActiveBranch,NumStability.Source.Higham.Chapter11.Section01.PartialPivoting,inductive,Source,LU,Chapter11,688,688,0,696,1,28,0
transitive_downstream_consumers,1,NumStability.FPModel,NumStability.FloatingPoint.Model,inductive,FloatingPoint,FloatingPoint,Unassigned,13992,13255,0,13992,532,51,0
transitive_downstream_consumers,2,NumStability.FPModel.fl_mul,NumStability.FloatingPoint.Model,definition,FloatingPoint,FloatingPoint,Unassigned,10543,749,1,10543,428,48,1
transitive_downstream_consumers,3,NumStability.FPModel.fl_sub,NumStability.FloatingPoint.Model,definition,FloatingPoint,FloatingPoint,Unassigned,9987,1733,1,9987,399,41,1
transitive_downstream_consumers,4,NumStability.FPModel.u,NumStability.FloatingPoint.Model,definition,FloatingPoint,FloatingPoint,Unassigned,9347,3186,1,9347,486,50,1
transitive_downstream_consumers,5,NumStability.FPModel.fl_div,NumStability.FloatingPoint.Model,definition,FloatingPoint,FloatingPoint,Unassigned,8152,1557,1,8152,324,40,1
transitive_downstream_consumers,6,NumStability.gamma,NumStability.Analysis.Rounding,definition,Analysis,FloatingPoint,Unassigned,7956,4682,2,7956,435,49,2
transitive_downstream_consumers,7,NumStability.FPModel.fl_add,NumStability.FloatingPoint.Model,definition,FloatingPoint,FloatingPoint,Unassigned,7545,540,1,7545,344,49,1
transitive_downstream_consumers,8,NumStability.matMul,NumStability.Analysis.MatrixAlgebra,definition,Analysis,Other,Unassigned,7511,2218,0,7511,422,50,0
transitive_downstream_consumers,9,NumStability.idMatrix,NumStability.Analysis.MatrixAlgebra,definition,Analysis,Other,Unassigned,7353,1504,0,7353,390,58,0
transitive_downstream_consumers,10,NumStability.vecNorm2Sq,NumStability.Analysis.MatrixAlgebra,definition,Analysis,Other,Unassigned,7084,745,0,7084,343,59,0
transitive_downstream_consumers,11,NumStability.FPModel.u_nonneg,NumStability.FloatingPoint.Model,theorem,FloatingPoint,FloatingPoint,Unassigned,7072,484,2,7072,439,49,2
transitive_downstream_consumers,12,NumStability.gammaValid,NumStability.Analysis.Rounding,definition,Analysis,FloatingPoint,Unassigned,6976,5114,2,6976,430,49,2
transitive_downstream_consumers,13,NumStability.FloatingPointFormat,NumStability.Analysis.FloatingPointArithmetic.Format,inductive,Analysis,FloatingPoint,Unassigned,6291,3331,0,6291,107,65,0
transitive_downstream_consumers,14,NumStability.gamma_nonneg,NumStability.Analysis.Rounding,theorem,Analysis,FloatingPoint,Unassigned,6237,1063,5,6237,382,45,3
transitive_downstream_consumers,15,NumStability.FPModel.model_mul,NumStability.FloatingPoint.Model,theorem,FloatingPoint,FloatingPoint,Unassigned,6236,137,3,6236,376,47,2
transitive_downstream_consumers,16,NumStability.FloatingPointFormat.t,NumStability.Analysis.FloatingPointArithmetic.Format,definition,Analysis,FloatingPoint,Unassigned,6026,1768,1,6026,106,62,1
transitive_downstream_consumers,17,NumStability.FloatingPointFormat.beta,NumStability.Analysis.FloatingPointArithmetic.Format,definition,Analysis,FloatingPoint,Unassigned,5955,1481,1,5955,106,64,1
transitive_downstream_consumers,18,NumStability.IsRightInverse,NumStability.Analysis.MatrixAlgebra,definition,Analysis,Other,Unassigned,5923,1222,0,5923,422,53,0
transitive_downstream_consumers,19,NumStability.IsLeftInverse,NumStability.Analysis.MatrixAlgebra,definition,Analysis,Other,Unassigned,5897,819,0,5897,430,53,0
transitive_downstream_consumers,20,NumStability.u_le_gamma,NumStability.Analysis.Rounding,theorem,Analysis,FloatingPoint,Unassigned,5804,95,5,5804,380,48,3
transitive_downstream_consumers,21,NumStability.vecNorm2,NumStability.Analysis.MatrixAlgebra,definition,Analysis,Other,Unassigned,5762,2395,1,5762,323,55,1
transitive_downstream_consumers,22,NumStability.FPModel.model_sub,NumStability.FloatingPoint.Model,theorem,FloatingPoint,FloatingPoint,Unassigned,5743,104,3,5743,328,40,2
transitive_downstream_consumers,23,NumStability.FloatingPointFormat.betaR,NumStability.Analysis.FloatingPointArithmetic.Format,definition,Analysis,FloatingPoint,Unassigned,5662,999,2,5662,106,63,2
transitive_downstream_consumers,24,NumStability.matMulVec,NumStability.Analysis.MatrixAlgebra,definition,Analysis,Other,Unassigned,5442,2149,0,5442,376,56,0
transitive_downstream_consumers,25,NumStability.fl_dotProduct._proof_1,NumStability.Algorithms.DotProduct,theorem,Algorithms,DotProduct,Unassigned,5283,57,0,5283,208,48,0
transitive_downstream_consumers,26,NumStability.fl_dotProduct.match_1,NumStability.Algorithms.DotProduct,definition,Algorithms,DotProduct,Unassigned,5283,5,0,5283,208,48,0
transitive_downstream_consumers,27,NumStability.fl_dotProduct,NumStability.Algorithms.DotProduct,definition,Algorithms,DotProduct,Unassigned,5279,206,5,5279,208,47,2
transitive_downstream_consumers,28,NumStability.FloatingPointFormat.signValue,NumStability.Analysis.FloatingPointArithmetic.Format,definition,Analysis,FloatingPoint,Unassigned,5199,738,1,5199,106,62,1
transitive_downstream_consumers,29,NumStability.FloatingPointFormat.normalizedValue,NumStability.Analysis.FloatingPointArithmetic.Format,definition,Analysis,FloatingPoint,Unassigned,5114,1568,4,5114,105,61,3
transitive_downstream_consumers,30,NumStability.FPModel.model_div,NumStability.FloatingPoint.Model,theorem,FloatingPoint,FloatingPoint,Unassigned,4989,95,3,4989,285,39,2
transitive_downstream_consumers,31,NumStability.gammaValid_mono,NumStability.Analysis.Rounding,theorem,Analysis,FloatingPoint,Unassigned,4989,493,4,4989,380,48,3
transitive_downstream_consumers,32,NumStability.FloatingPointFormat.emin,NumStability.Analysis.FloatingPointArithmetic.Format,definition,Analysis,FloatingPoint,Unassigned,4943,629,1,4943,103,47,1
transitive_downstream_consumers,33,NumStability.FloatingPointFormat.minNormalMantissa,NumStability.Analysis.FloatingPointArithmetic.Format,definition,Analysis,FloatingPoint,Unassigned,4884,885,3,4884,104,61,2
transitive_downstream_consumers,34,NumStability.rectMatMulVec,NumStability.Analysis.MatrixAlgebra,definition,Analysis,Other,Unassigned,4788,1642,0,4788,227,57,0
transitive_downstream_consumers,35,NumStability.FloatingPointFormat.emax,NumStability.Analysis.FloatingPointArithmetic.Format,definition,Analysis,FloatingPoint,Unassigned,4753,352,1,4753,103,47,1
transitive_downstream_consumers,36,NumStability.matTranspose,NumStability.Analysis.MatrixAlgebra,definition,Analysis,Other,Unassigned,4741,1993,0,4741,243,40,0
transitive_downstream_consumers,37,NumStability.gamma_mul,NumStability.Analysis.Rounding,theorem,Analysis,FloatingPoint,Unassigned,4739,81,5,4739,362,48,3
transitive_downstream_consumers,38,NumStability.FloatingPointFormat.mantissaInRange,NumStability.Analysis.FloatingPointArithmetic.Format,definition,Analysis,FloatingPoint,Unassigned,4730,478,3,4730,103,61,2
transitive_downstream_consumers,39,NumStability.FloatingPointFormat.normalizedMantissa,NumStability.Analysis.FloatingPointArithmetic.Format,definition,Analysis,FloatingPoint,Unassigned,4725,1114,3,4725,103,60,3
transitive_downstream_consumers,40,NumStability.RMatFn,NumStability.Analysis.MatrixAlgebra,definition,Analysis,Other,Unassigned,4703,1718,0,4703,246,47,0
transitive_downstream_consumers,41,NumStability.IsInverse,NumStability.Analysis.MatrixAlgebra,definition,Analysis,Other,Unassigned,4644,459,2,4644,337,52,1
transitive_downstream_consumers,42,NumStability.gamma_mono,NumStability.Analysis.Rounding,theorem,Analysis,FloatingPoint,Unassigned,4577,117,5,4577,341,48,3
transitive_downstream_consumers,43,NumStability.rectMatMul,NumStability.Analysis.MatrixAlgebra,definition,Analysis,Other,Unassigned,4460,2581,0,4460,245,57,0
transitive_downstream_consumers,44,NumStability.FloatingPointFormat.beta_ge_two,NumStability.Analysis.FloatingPointArithmetic.Format,theorem,Analysis,FloatingPoint,Unassigned,4451,17,2,4451,98,63,2
transitive_downstream_consumers,45,NumStability.FloatingPointFormat.exponentInRange,NumStability.Analysis.FloatingPointArithmetic.Format,definition,Analysis,FloatingPoint,Unassigned,4416,621,3,4416,101,46,2
transitive_downstream_consumers,46,NumStability.FloatingPointFormat.betaR_pos,NumStability.Analysis.FloatingPointArithmetic.Format,theorem,Analysis,FloatingPoint,Unassigned,4387,27,4,4387,98,62,3
transitive_downstream_consumers,47,NumStability.infNorm,NumStability.Analysis.MatrixAlgebra,definition,Analysis,Other,Unassigned,4351,3406,0,4351,196,50,0
transitive_downstream_consumers,48,NumStability.FloatingPointFormat.betaR_zpow_pos,NumStability.Analysis.FloatingPointArithmetic.Format,theorem,Analysis,FloatingPoint,Unassigned,4324,37,3,4324,98,61,4
transitive_downstream_consumers,49,NumStability.FloatingPointFormat.subnormalValue,NumStability.Analysis.FloatingPointArithmetic.Format,definition,Analysis,FloatingPoint,Unassigned,4314,254,5,4314,102,46,3
transitive_downstream_consumers,50,NumStability.FloatingPointFormat.t_pos,NumStability.Analysis.FloatingPointArithmetic.Format,theorem,Analysis,FloatingPoint,Unassigned,4298,10,2,4298,98,60,2
transitive_downstream_consumers,51,NumStability.vecNorm2Sq_nonneg,NumStability.Analysis.MatrixAlgebra,theorem,Analysis,Other,Unassigned,4291,70,1,4291,278,54,1
transitive_downstream_consumers,52,NumStability.FloatingPointFormat.minNormalMagnitude,NumStability.Analysis.FloatingPointArithmetic.Format,definition,Analysis,FloatingPoint,Unassigned,4249,517,3,4249,96,45,3
transitive_downstream_consumers,53,NumStability.FloatingPointFormat.normalizedSystem,NumStability.Analysis.FloatingPointArithmetic.Format,definition,Analysis,FloatingPoint,Unassigned,4241,328,4,4241,101,45,4
transitive_downstream_consumers,54,NumStability.FloatingPointFormat.subnormalMantissa,NumStability.Analysis.FloatingPointArithmetic.Format,definition,Analysis,FloatingPoint,Unassigned,4220,284,2,4220,101,45,3
transitive_downstream_consumers,55,NumStability.FloatingPointFormat.signValue_abs,NumStability.Analysis.FloatingPointArithmetic.Format,theorem,Analysis,FloatingPoint,Unassigned,4212,5,2,4212,97,61,2
transitive_downstream_consumers,56,NumStability.FloatingPointFormat.maxNormalMantissa,NumStability.Analysis.FloatingPointArithmetic.Format,definition,Analysis,FloatingPoint,Unassigned,4211,347,3,4211,98,57,2
transitive_downstream_consumers,57,NumStability.FloatingPointFormat.minNormalMantissa_scale_eq,NumStability.Analysis.FloatingPointArithmetic.Format,theorem,Analysis,FloatingPoint,Unassigned,4211,12,7,4211,97,59,4
transitive_downstream_consumers,58,NumStability.FloatingPointFormat.subnormalSystem,NumStability.Analysis.FloatingPointArithmetic.Format,definition,Analysis,FloatingPoint,Unassigned,4179,270,3,4179,100,44,4
transitive_downstream_consumers,59,NumStability.FloatingPointFormat.normalizedValue_abs,NumStability.Analysis.FloatingPointArithmetic.Format,theorem,Analysis,FloatingPoint,Unassigned,4178,7,7,4178,97,60,5
transitive_downstream_consumers,60,NumStability.FloatingPointFormat.betaR_zpow_nonneg,NumStability.Analysis.FloatingPointArithmetic.Format,theorem,Analysis,FloatingPoint,Unassigned,4177,20,3,4177,97,60,5
transitive_downstream_consumers,61,NumStability.FloatingPointFormat.mantissaBound_scale_eq,NumStability.Analysis.FloatingPointArithmetic.Format,theorem,Analysis,FloatingPoint,Unassigned,4175,6,4,4175,96,59,4
transitive_downstream_consumers,62,NumStability.FloatingPointFormat.one_lt_beta,NumStability.Analysis.FloatingPointArithmetic.Format,theorem,Analysis,FloatingPoint,Unassigned,4173,31,3,4173,97,58,3
transitive_downstream_consumers,63,NumStability.FloatingPointFormat.finiteSystem,NumStability.Analysis.FloatingPointArithmetic.Format,definition,Analysis,FloatingPoint,Unassigned,4168,1227,3,4168,100,43,5
transitive_downstream_consumers,64,NumStability.FloatingPointFormat.minNormalMantissa_lt_mantissaBound,NumStability.Analysis.FloatingPointArithmetic.Format,theorem,Analysis,FloatingPoint,Unassigned,4153,10,6,4153,97,57,4
transitive_downstream_consumers,65,NumStability.FloatingPointFormat.normalizedValue_abs_lt_mantissaBound,NumStability.Analysis.FloatingPointArithmetic.Format,theorem,Analysis,FloatingPoint,Unassigned,4153,1,10,4153,96,59,6
transitive_downstream_consumers,66,NumStability.FloatingPointFormat.normalizedValue_abs_lt_beta_pow,NumStability.Analysis.FloatingPointArithmetic.Format,theorem,Analysis,FloatingPoint,Unassigned,4152,10,7,4152,96,58,7
transitive_downstream_consumers,67,NumStability.FloatingPointFormat.normalizedValue_abs_lower_mantissa,NumStability.Analysis.FloatingPointArithmetic.Format,theorem,Analysis,FloatingPoint,Unassigned,4127,1,9,4127,96,59,6
transitive_downstream_consumers,68,NumStability.FloatingPointFormat.normalizedValue_abs_lower_power,NumStability.Analysis.FloatingPointArithmetic.Format,theorem,Analysis,FloatingPoint,Unassigned,4126,7,8,4126,96,58,7
transitive_downstream_consumers,69,NumStability.FloatingPointFormat.mantissaBound_pos,NumStability.Analysis.FloatingPointArithmetic.Format,theorem,Analysis,FloatingPoint,Unassigned,4125,3,4,4125,97,57,3
transitive_downstream_consumers,70,NumStability.FloatingPointFormat.maxFiniteMagnitude,NumStability.Analysis.FloatingPointArithmetic.Format,definition,Analysis,FloatingPoint,Unassigned,4117,420,4,4117,93,44,3
transitive_downstream_consumers,71,NumStability.FloatingPointFormat.minNormalMantissa_normalized,NumStability.Analysis.FloatingPointArithmetic.Format,theorem,Analysis,FloatingPoint,Unassigned,4105,59,5,4105,96,56,5
transitive_downstream_consumers,72,NumStability.FloatingPointFormat.minNormalMantissa_pos,NumStability.Analysis.FloatingPointArithmetic.Format,theorem,Analysis,FloatingPoint,Unassigned,4094,3,5,4094,96,60,3
transitive_downstream_consumers,73,NumStability.FloatingPointFormat.normalizedMantissa_pos,NumStability.Analysis.FloatingPointArithmetic.Format,theorem,Analysis,FloatingPoint,Unassigned,4091,16,5,4091,96,59,4
transitive_downstream_consumers,74,NumStability.FloatingPointFormat.normalizedValue_false_pos,NumStability.Analysis.FloatingPointArithmetic.Format,theorem,Analysis,FloatingPoint,Unassigned,4082,64,8,4082,96,58,5
transitive_downstream_consumers,75,NumStability.FloatingPointFormat.normalizedValue_true_eq_neg_false,NumStability.Analysis.FloatingPointArithmetic.Format,theorem,Analysis,FloatingPoint,Unassigned,4081,59,5,4081,96,54,4
transitive_downstream_consumers,76,NumStability.FloatingPointFormat.maxNormalMantissa_cast,NumStability.Analysis.FloatingPointArithmetic.Format,theorem,Analysis,FloatingPoint,Unassigned,4079,1,6,4079,96,56,4
transitive_downstream_consumers,77,NumStability.FloatingPointFormat.maxNormalMantissa_scale_eq,NumStability.Analysis.FloatingPointArithmetic.Format,theorem,Analysis,FloatingPoint,Unassigned,4078,3,6,4078,96,55,5
transitive_downstream_consumers,78,NumStability.FloatingPointFormat.unboundedNormalizedSystem,NumStability.Analysis.FloatingPointArithmetic.Format,definition,Analysis,FloatingPoint,Unassigned,4072,115,3,4072,95,57,4
transitive_downstream_consumers,79,NumStability.FloatingPointFormat.normalizedValue_true_neg,NumStability.Analysis.FloatingPointArithmetic.Format,theorem,Analysis,FloatingPoint,Unassigned,4051,26,5,4051,95,52,6
transitive_downstream_consumers,80,NumStability.FloatingPointFormat.maxNormalMantissa_add_one,NumStability.Analysis.FloatingPointArithmetic.Format,theorem,Analysis,FloatingPoint,Unassigned,4050,14,5,4050,96,56,4
transitive_downstream_consumers,81,NumStability.FloatingPointFormat.realOrderAdjacentNormalized,NumStability.Analysis.FloatingPointArithmetic.Format,definition,Analysis,FloatingPoint,Unassigned,4041,480,2,4041,94,56,5
transitive_downstream_consumers,82,NumStability.FloatingPointFormat.maxNormalMantissa_lt_mantissaBound,NumStability.Analysis.FloatingPointArithmetic.Format,theorem,Analysis,FloatingPoint,Unassigned,4034,4,5,4034,95,55,5
transitive_downstream_consumers,83,NumStability.FloatingPointFormat.normalizedValue_false_lower_power,NumStability.Analysis.FloatingPointArithmetic.Rounding,theorem,Analysis,FloatingPoint,Unassigned,4034,3,6,4034,95,57,8
transitive_downstream_consumers,84,NumStability.FloatingPointFormat.normalizedValue_false_lt_beta_pow,NumStability.Analysis.FloatingPointArithmetic.Rounding,theorem,Analysis,FloatingPoint,Unassigned,4032,2,6,4032,94,57,8
transitive_downstream_consumers,85,NumStability.FloatingPointFormat.normalizedValue_false_lt_of_exp_lt._proof_1_1,NumStability.Analysis.FloatingPointArithmetic.Rounding,theorem,Analysis,FloatingPoint,Unassigned,4032,1,0,4032,94,57,0
transitive_downstream_consumers,86,NumStability.FloatingPointFormat.finiteNormalRange,NumStability.Analysis.FloatingPointArithmetic.Format,definition,Analysis,FloatingPoint,Unassigned,4031,832,3,4031,92,43,4
transitive_downstream_consumers,87,NumStability.FloatingPointFormat.minNormalMantissa_le_maxNormalMantissa,NumStability.Analysis.FloatingPointArithmetic.Format,theorem,Analysis,FloatingPoint,Unassigned,4031,2,7,4031,96,53,5
transitive_downstream_consumers,88,NumStability.FloatingPointFormat.normalizedValue_false_lt_of_exp_lt,NumStability.Analysis.FloatingPointArithmetic.Rounding,theorem,Analysis,FloatingPoint,Unassigned,4031,17,9,4031,94,56,9
transitive_downstream_consumers,89,NumStability.FloatingPointFormat.maxNormalMantissa_normalized,NumStability.Analysis.FloatingPointArithmetic.Format,theorem,Analysis,FloatingPoint,Unassigned,4028,97,7,4028,95,52,6
transitive_downstream_consumers,90,NumStability.FloatingPointFormat.normalizedValue_sameExponent_lt_iff_false,NumStability.Analysis.FloatingPointArithmetic.Format,theorem,Analysis,FloatingPoint,Unassigned,4027,9,7,4027,95,55,6
transitive_downstream_consumers,91,NumStability.FloatingPointFormat.boundaryAdjacentNormalized,NumStability.Analysis.FloatingPointArithmetic.Format,definition,Analysis,FloatingPoint,Unassigned,4009,56,4,4009,95,55,4
transitive_downstream_consumers,92,NumStability.FloatingPointFormat.sameExponentAdjacentNormalized,NumStability.Analysis.FloatingPointArithmetic.Format,definition,Analysis,FloatingPoint,Unassigned,4009,90,3,4009,95,55,4
transitive_downstream_consumers,93,NumStability.FloatingPointFormat.adjacentNormalized,NumStability.Analysis.FloatingPointArithmetic.Format,definition,Analysis,FloatingPoint,Unassigned,4000,19,3,4000,94,54,5
transitive_downstream_consumers,94,NumStability.FloatingPointFormat.nearestRoundingIn,NumStability.Analysis.FloatingPointArithmetic.Format,definition,Analysis,FloatingPoint,Unassigned,3999,8,0,3999,92,53,0
transitive_downstream_consumers,95,NumStability.FloatingPointFormat.normalizedValue_boundary_sub,NumStability.Analysis.FloatingPointArithmetic.Rounding,theorem,Analysis,FloatingPoint,Unassigned,3993,20,9,3993,93,54,6
transitive_downstream_consumers,96,NumStability.FloatingPointFormat.normalizedValue_succ_sub_sameExponent,NumStability.Analysis.FloatingPointArithmetic.Rounding,theorem,Analysis,FloatingPoint,Unassigned,3993,20,5,3993,93,54,4
transitive_downstream_consumers,97,NumStability.FloatingPointFormat.normalizedValue_boundary_spacing,NumStability.Analysis.FloatingPointArithmetic.Rounding,theorem,Analysis,FloatingPoint,Unassigned,3991,3,10,3991,93,53,7
transitive_downstream_consumers,98,NumStability.FloatingPointFormat.normalizedValue_succ_spacing,NumStability.Analysis.FloatingPointArithmetic.Rounding,theorem,Analysis,FloatingPoint,Unassigned,3991,3,8,3991,93,53,5
transitive_downstream_consumers,99,NumStability.FloatingPointFormat.boundaryAdjacentNormalized_abs_sub,NumStability.Analysis.FloatingPointArithmetic.Rounding,theorem,Analysis,FloatingPoint,Unassigned,3961,2,8,3961,92,52,8
transitive_downstream_consumers,100,NumStability.FloatingPointFormat.sameExponentAdjacentNormalized_abs_sub,NumStability.Analysis.FloatingPointArithmetic.Rounding,theorem,Analysis,FloatingPoint,Unassigned,3961,2,7,3961,92,52,6
downstream_consumer_modules,1,NumStability.FPModel,NumStability.FloatingPoint.Model,inductive,FloatingPoint,FloatingPoint,Unassigned,532,13255,0,13992,532,51,0
downstream_consumer_modules,2,NumStability.FPModel.u,NumStability.FloatingPoint.Model,definition,FloatingPoint,FloatingPoint,Unassigned,486,3186,1,9347,486,50,1
downstream_consumer_modules,3,NumStability.FPModel.u_nonneg,NumStability.FloatingPoint.Model,theorem,FloatingPoint,FloatingPoint,Unassigned,439,484,2,7072,439,49,2
downstream_consumer_modules,4,NumStability.gamma,NumStability.Analysis.Rounding,definition,Analysis,FloatingPoint,Unassigned,435,4682,2,7956,435,49,2
downstream_consumer_modules,5,NumStability.IsLeftInverse,NumStability.Analysis.MatrixAlgebra,definition,Analysis,Other,Unassigned,430,819,0,5897,430,53,0
downstream_consumer_modules,6,NumStability.gammaValid,NumStability.Analysis.Rounding,definition,Analysis,FloatingPoint,Unassigned,430,5114,2,6976,430,49,2
downstream_consumer_modules,7,NumStability.FPModel.fl_mul,NumStability.FloatingPoint.Model,definition,FloatingPoint,FloatingPoint,Unassigned,428,749,1,10543,428,48,1
downstream_consumer_modules,8,NumStability.IsRightInverse,NumStability.Analysis.MatrixAlgebra,definition,Analysis,Other,Unassigned,422,1222,0,5923,422,53,0
downstream_consumer_modules,9,NumStability.matMul,NumStability.Analysis.MatrixAlgebra,definition,Analysis,Other,Unassigned,422,2218,0,7511,422,50,0
downstream_consumer_modules,10,NumStability.FPModel.fl_sub,NumStability.FloatingPoint.Model,definition,FloatingPoint,FloatingPoint,Unassigned,399,1733,1,9987,399,41,1
downstream_consumer_modules,11,NumStability.idMatrix,NumStability.Analysis.MatrixAlgebra,definition,Analysis,Other,Unassigned,390,1504,0,7353,390,58,0
downstream_consumer_modules,12,NumStability.gamma_nonneg,NumStability.Analysis.Rounding,theorem,Analysis,FloatingPoint,Unassigned,382,1063,5,6237,382,45,3
downstream_consumer_modules,13,NumStability.gammaValid_mono,NumStability.Analysis.Rounding,theorem,Analysis,FloatingPoint,Unassigned,380,493,4,4989,380,48,3
downstream_consumer_modules,14,NumStability.u_le_gamma,NumStability.Analysis.Rounding,theorem,Analysis,FloatingPoint,Unassigned,380,95,5,5804,380,48,3
downstream_consumer_modules,15,NumStability.FPModel.model_mul,NumStability.FloatingPoint.Model,theorem,FloatingPoint,FloatingPoint,Unassigned,376,137,3,6236,376,47,2
downstream_consumer_modules,16,NumStability.matMulVec,NumStability.Analysis.MatrixAlgebra,definition,Analysis,Other,Unassigned,376,2149,0,5442,376,56,0
downstream_consumer_modules,17,NumStability.gamma_mul,NumStability.Analysis.Rounding,theorem,Analysis,FloatingPoint,Unassigned,362,81,5,4739,362,48,3
downstream_consumer_modules,18,NumStability.FPModel.fl_add,NumStability.FloatingPoint.Model,definition,FloatingPoint,FloatingPoint,Unassigned,344,540,1,7545,344,49,1
downstream_consumer_modules,19,NumStability.vecNorm2Sq,NumStability.Analysis.MatrixAlgebra,definition,Analysis,Other,Unassigned,343,745,0,7084,343,59,0
downstream_consumer_modules,20,NumStability.gamma_mono,NumStability.Analysis.Rounding,theorem,Analysis,FloatingPoint,Unassigned,341,117,5,4577,341,48,3
downstream_consumer_modules,21,NumStability.IsInverse,NumStability.Analysis.MatrixAlgebra,definition,Analysis,Other,Unassigned,337,459,2,4644,337,52,1
downstream_consumer_modules,22,NumStability.FPModel.model_sub,NumStability.FloatingPoint.Model,theorem,FloatingPoint,FloatingPoint,Unassigned,328,104,3,5743,328,40,2
downstream_consumer_modules,23,NumStability.FPModel.fl_div,NumStability.FloatingPoint.Model,definition,FloatingPoint,FloatingPoint,Unassigned,324,1557,1,8152,324,40,1
downstream_consumer_modules,24,NumStability.vecNorm2,NumStability.Analysis.MatrixAlgebra,definition,Analysis,Other,Unassigned,323,2395,1,5762,323,55,1
downstream_consumer_modules,25,NumStability.FPModel.model_div,NumStability.FloatingPoint.Model,theorem,FloatingPoint,FloatingPoint,Unassigned,285,95,3,4989,285,39,2
downstream_consumer_modules,26,NumStability.FPModel.model_add,NumStability.FloatingPoint.Model,theorem,FloatingPoint,FloatingPoint,Unassigned,279,76,3,3722,279,48,2
downstream_consumer_modules,27,NumStability.vecNorm2Sq_nonneg,NumStability.Analysis.MatrixAlgebra,theorem,Analysis,Other,Unassigned,278,70,1,4291,278,54,1
downstream_consumer_modules,28,NumStability.vecNorm2_nonneg,NumStability.Analysis.MatrixAlgebra,theorem,Analysis,Other,Unassigned,276,335,2,3782,276,51,2
downstream_consumer_modules,29,NumStability.vecNorm2_sq,NumStability.Analysis.MatrixAlgebra,theorem,Analysis,Other,Unassigned,264,132,3,3618,264,51,2
downstream_consumer_modules,30,NumStability.RMatFn,NumStability.Analysis.MatrixAlgebra,definition,Analysis,Other,Unassigned,246,1718,0,4703,246,47,0
downstream_consumer_modules,31,NumStability.rectMatMul,NumStability.Analysis.MatrixAlgebra,definition,Analysis,Other,Unassigned,245,2581,0,4460,245,57,0
downstream_consumer_modules,32,NumStability.matTranspose,NumStability.Analysis.MatrixAlgebra,definition,Analysis,Other,Unassigned,243,1993,0,4741,243,40,0
downstream_consumer_modules,33,NumStability.rectMatMulVec,NumStability.Analysis.MatrixAlgebra,definition,Analysis,Other,Unassigned,227,1642,0,4788,227,57,0
downstream_consumer_modules,34,NumStability.CMatrix,NumStability.Analysis.MatrixNorms.Basic,definition,Analysis,Norms,Unassigned,210,1061,0,2901,210,42,0
downstream_consumer_modules,35,NumStability.CVec,NumStability.Analysis.VectorNorms.Basic,definition,Analysis,Norms,Unassigned,209,843,0,2419,209,41,0
downstream_consumer_modules,36,NumStability.fl_dotProduct,NumStability.Algorithms.DotProduct,definition,Algorithms,DotProduct,Unassigned,208,206,5,5279,208,47,2
downstream_consumer_modules,37,NumStability.fl_dotProduct._proof_1,NumStability.Algorithms.DotProduct,theorem,Algorithms,DotProduct,Unassigned,208,57,0,5283,208,48,0
downstream_consumer_modules,38,NumStability.fl_dotProduct.match_1,NumStability.Algorithms.DotProduct,definition,Algorithms,DotProduct,Unassigned,208,5,0,5283,208,48,0
downstream_consumer_modules,39,NumStability.frobNormSq,NumStability.Analysis.MatrixAlgebra,definition,Analysis,Other,Unassigned,196,320,1,2772,196,46,1
downstream_consumer_modules,40,NumStability.infNorm,NumStability.Analysis.MatrixAlgebra,definition,Analysis,Other,Unassigned,196,3406,0,4351,196,50,0
downstream_consumer_modules,41,NumStability.fl_sum_error_init,NumStability.Analysis.Summation.ErrorBounds,theorem,Analysis,Summation,Unassigned,194,6,11,3043,194,47,4
downstream_consumer_modules,42,NumStability.fl_sum_error_init._proof_1_1,NumStability.Analysis.Summation.ErrorBounds,theorem,Analysis,Summation,Unassigned,194,1,0,3044,194,48,0
downstream_consumer_modules,43,NumStability.frobNorm,NumStability.Analysis.MatrixAlgebra,definition,Analysis,Other,Unassigned,194,1647,1,3127,194,46,1
downstream_consumer_modules,44,NumStability.IsOrthogonal,NumStability.Analysis.MatrixAlgebra,definition,Analysis,Other,Unassigned,188,1527,2,3229,188,39,2
downstream_consumer_modules,45,NumStability.frobNorm_eq_sqrt_frobNormSq,NumStability.Analysis.MatrixAlgebra,theorem,Analysis,Other,Unassigned,185,55,3,2595,185,45,2
downstream_consumer_modules,46,NumStability.vecInnerProduct_sq_le,NumStability.Analysis.MatrixAlgebra,theorem,Analysis,Other,Unassigned,183,7,1,2470,183,51,1
downstream_consumer_modules,47,NumStability.vecNorm2Sq_smul,NumStability.Analysis.MatrixAlgebra,theorem,Analysis,Other,Unassigned,183,19,1,2143,183,52,1
downstream_consumer_modules,48,NumStability.matMulVec_matMul,NumStability.Analysis.MatrixAlgebra,theorem,Analysis,Other,Unassigned,179,115,2,1570,179,49,1
downstream_consumer_modules,49,NumStability.ComplexVectorMap,NumStability.Analysis.LinearOperators.Basic,definition,Analysis,Other,Unassigned,178,197,1,1802,178,40,1
downstream_consumer_modules,50,NumStability.vecNorm2_smul,NumStability.Analysis.MatrixAlgebra,theorem,Analysis,Other,Unassigned,176,87,3,1945,176,51,2
downstream_consumer_modules,51,NumStability.complexMatrixVecMul,NumStability.Analysis.MatrixNorms.Basic,definition,Analysis,Norms,Unassigned,174,302,3,1607,174,39,2
downstream_consumer_modules,52,NumStability.row_sum_le_infNorm,NumStability.Analysis.MatrixAlgebra,theorem,Analysis,Other,Unassigned,167,100,1,3396,167,49,1
downstream_consumer_modules,53,NumStability.matMulRect,NumStability.Analysis.MatrixAlgebra,definition,Analysis,Other,Unassigned,166,1085,0,3694,166,36,0
downstream_consumer_modules,54,NumStability.nonsingInv,NumStability.Analysis.MatrixAlgebra,definition,Analysis,Other,Unassigned,163,1226,0,2599,163,53,0
downstream_consumer_modules,55,NumStability.finiteTranspose,NumStability.Analysis.MatrixAlgebra,definition,Analysis,Other,Unassigned,161,801,0,2684,161,57,0
downstream_consumer_modules,56,NumStability.frobNormSq_nonneg,NumStability.Analysis.MatrixAlgebra,theorem,Analysis,Other,Unassigned,161,19,2,2278,161,45,2
downstream_consumer_modules,57,NumStability.IsSymmetricFiniteMatrix,NumStability.Analysis.MatrixAlgebra,definition,Analysis,Other,Unassigned,160,1204,0,2295,160,51,0
downstream_consumer_modules,58,NumStability.finiteVecNorm2Sq,NumStability.Analysis.MatrixAlgebra,definition,Analysis,Other,Unassigned,160,135,0,2440,160,55,0
downstream_consumer_modules,59,NumStability.IsOrthogonal.col_orthonormal,NumStability.Analysis.MatrixAlgebra,theorem,Analysis,Other,Unassigned,159,30,4,2223,159,37,3
downstream_consumer_modules,60,NumStability.infNorm_nonneg,NumStability.Analysis.MatrixAlgebra,theorem,Analysis,Other,Unassigned,154,215,1,3238,154,42,1
downstream_consumer_modules,61,NumStability.finiteMatVec,NumStability.Analysis.MatrixAlgebra,definition,Analysis,Other,Unassigned,153,139,0,1886,153,51,0
downstream_consumer_modules,62,NumStability.inv_prod_error_bound._proof_1_1,NumStability.Analysis.SubtractionFold,theorem,Analysis,Other,Unassigned,152,1,0,2610,152,34,0
downstream_consumer_modules,63,NumStability.idMatrix_mulVec,NumStability.Analysis.MatrixAlgebra,theorem,Analysis,Other,Unassigned,151,17,1,2264,151,57,1
downstream_consumer_modules,64,NumStability.inv_prod_error_bound,NumStability.Analysis.SubtractionFold,theorem,Analysis,Other,Unassigned,151,7,8,2609,151,33,4
downstream_consumer_modules,65,NumStability.prod_pos_of_u_bound,NumStability.Analysis.SubtractionFold,theorem,Analysis,Other,Unassigned,151,6,2,2609,151,33,2
downstream_consumer_modules,66,NumStability.abs_vecInnerProduct_le_vecNorm2_mul,NumStability.Analysis.MatrixAlgebra,theorem,Analysis,Other,Unassigned,149,36,5,1788,149,50,3
downstream_consumer_modules,67,NumStability.matMul_assoc,NumStability.Analysis.MatrixAlgebra,theorem,Analysis,Other,Unassigned,148,116,1,1240,148,45,1
downstream_consumer_modules,68,NumStability.fl_sub_fold_unroll._proof_1_1,NumStability.Analysis.SubtractionFold,theorem,Analysis,Other,Unassigned,147,1,0,2602,147,34,0
downstream_consumer_modules,69,NumStability.fl_sub_fold_unroll._proof_1_2,NumStability.Analysis.SubtractionFold,theorem,Analysis,Other,Unassigned,147,1,0,2602,147,34,0
downstream_consumer_modules,70,NumStability.fl_sub_fold_unroll._simp_1_3,NumStability.Analysis.SubtractionFold,theorem,Analysis,Other,Unassigned,147,1,0,2602,147,34,0
downstream_consumer_modules,71,NumStability.frobNormSqRect,NumStability.Analysis.MatrixAlgebra,definition,Analysis,Other,Unassigned,147,202,0,2882,147,42,0
downstream_consumer_modules,72,NumStability.realRectToCMatrix,NumStability.Analysis.SingularValues.Realification,definition,Analysis,Spectral,Unassigned,147,937,1,1747,147,39,1
downstream_consumer_modules,73,NumStability.fl_sub_fold_unroll,NumStability.Analysis.SubtractionFold,theorem,Analysis,Other,Unassigned,146,5,7,2601,146,33,3
downstream_consumer_modules,74,NumStability.frobNorm_nonneg,NumStability.Analysis.MatrixAlgebra,theorem,Analysis,Other,Unassigned,146,145,2,2015,146,41,2
downstream_consumer_modules,75,NumStability.infNormVec,NumStability.Analysis.MatrixAlgebra,definition,Analysis,Other,Unassigned,143,413,0,813,143,38,0
downstream_consumer_modules,76,NumStability.IsOrthogonal.right_inv,NumStability.Analysis.MatrixAlgebra,theorem,Analysis,Other,Unassigned,139,65,4,2072,139,34,3
downstream_consumer_modules,77,NumStability.infNorm_le_of_row_sum_le,NumStability.Analysis.MatrixAlgebra,theorem,Analysis,Other,Unassigned,139,107,1,3368,139,42,1
downstream_consumer_modules,78,NumStability.matMul_id_left,NumStability.Analysis.MatrixAlgebra,theorem,Analysis,Other,Unassigned,139,87,2,1322,139,45,1
downstream_consumer_modules,79,NumStability.opNorm2Le,NumStability.Analysis.MatrixAlgebra,definition,Analysis,Other,Unassigned,138,571,2,1503,138,44,2
downstream_consumer_modules,80,NumStability.matMul_id_right,NumStability.Analysis.MatrixAlgebra,theorem,Analysis,Other,Unassigned,136,49,2,820,136,29,1
downstream_consumer_modules,81,NumStability.fl_forwardSub,NumStability.Algorithms.LinearSystems.Triangular.ForwardSubstitution,definition,Algorithms,Other,Unassigned,133,2141,2,2445,133,34,3
downstream_consumer_modules,82,NumStability.fl_forwardSub_steps,NumStability.Algorithms.LinearSystems.Triangular.ForwardSubstitution,definition,Algorithms,Other,Unassigned,133,10,7,2454,133,37,2
downstream_consumer_modules,83,NumStability.fl_forwardSub_steps._proof_1,NumStability.Algorithms.LinearSystems.Triangular.ForwardSubstitution,theorem,Algorithms,Other,Unassigned,133,9,1,2457,133,38,1
downstream_consumer_modules,84,NumStability.fl_forwardSub_steps._proof_2,NumStability.Algorithms.LinearSystems.Triangular.ForwardSubstitution,theorem,Algorithms,Other,Unassigned,133,7,1,2455,133,38,1
downstream_consumer_modules,85,NumStability.fl_forwardSub_steps._proof_3,NumStability.Algorithms.LinearSystems.Triangular.ForwardSubstitution,theorem,Algorithms,Other,Unassigned,133,3,0,2458,133,39,0
downstream_consumer_modules,86,NumStability.fl_forwardSub_steps._proof_4,NumStability.Algorithms.LinearSystems.Triangular.ForwardSubstitution,theorem,Algorithms,Other,Unassigned,133,1,0,2456,133,39,0
downstream_consumer_modules,87,NumStability.fl_forwardSub_steps.match_1,NumStability.Algorithms.LinearSystems.Triangular.ForwardSubstitution,definition,Algorithms,Other,Unassigned,133,7,0,2458,133,38,0
downstream_consumer_modules,88,NumStability.absMatrix,NumStability.Analysis.MatrixAlgebra,definition,Analysis,Other,Unassigned,132,1361,0,3409,132,47,0
downstream_consumer_modules,89,NumStability.complexMatrixEuclideanLin._proof_1,NumStability.Analysis.SingularValues.Basic,theorem,Analysis,Spectral,Unassigned,132,29,0,1680,132,42,0
downstream_consumer_modules,90,NumStability.complexMatrixEuclideanLin._proof_2,NumStability.Analysis.SingularValues.Basic,theorem,Analysis,Spectral,Unassigned,132,19,0,1680,132,42,0
downstream_consumer_modules,91,NumStability.isLeftInverse_nonsingInv_of_det_isUnit,NumStability.Analysis.MatrixAlgebra,theorem,Analysis,Other,Unassigned,132,3,2,2015,132,52,1
downstream_consumer_modules,92,NumStability.vecNorm2_eq_zero_iff,NumStability.Analysis.MatrixAlgebra,theorem,Analysis,Other,Unassigned,132,84,3,2320,132,40,2
downstream_consumer_modules,93,NumStability.IsOrthogonal.left_inv,NumStability.Analysis.MatrixAlgebra,theorem,Analysis,Other,Unassigned,131,55,4,2031,131,34,3
downstream_consumer_modules,94,NumStability.rectOpNorm2Le,NumStability.Analysis.MatrixAlgebra,definition,Analysis,Other,Unassigned,130,684,2,1853,130,50,2
downstream_consumer_modules,95,NumStability.frobNormRect,NumStability.Analysis.MatrixAlgebra,definition,Analysis,Other,Unassigned,128,1744,1,2608,128,41,1
downstream_consumer_modules,96,NumStability.isInverse_nonsingInv_of_det_isUnit,NumStability.Analysis.MatrixAlgebra,theorem,Analysis,Other,Unassigned,126,2,6,1742,126,51,2
downstream_consumer_modules,97,NumStability.isRightInverse_nonsingInv_of_det_isUnit,NumStability.Analysis.MatrixAlgebra,theorem,Analysis,Other,Unassigned,126,1,2,1743,126,52,1
downstream_consumer_modules,98,NumStability.IsOrthogonal.row_orthonormal,NumStability.Analysis.MatrixAlgebra,theorem,Analysis,Other,Unassigned,125,13,4,1487,125,35,3
downstream_consumer_modules,99,NumStability.isInverse_nonsingInv_of_det_ne_zero,NumStability.Analysis.MatrixAlgebra,theorem,Analysis,Other,Unassigned,123,159,3,1540,123,50,3
downstream_consumer_modules,100,NumStability.FPModel.fl_sqrt,NumStability.FloatingPoint.Model,definition,FloatingPoint,FloatingPoint,Unassigned,122,160,1,2322,122,45,1
downstream_depth,1,NumStability.FloatingPointFormat,NumStability.Analysis.FloatingPointArithmetic.Format,inductive,Analysis,FloatingPoint,Unassigned,65,3331,0,6291,107,65,0
downstream_depth,2,NumStability.FloatingPointFormat.beta,NumStability.Analysis.FloatingPointArithmetic.Format,definition,Analysis,FloatingPoint,Unassigned,64,1481,1,5955,106,64,1
downstream_depth,3,NumStability.FloatingPointFormat.betaR,NumStability.Analysis.FloatingPointArithmetic.Format,definition,Analysis,FloatingPoint,Unassigned,63,999,2,5662,106,63,2
downstream_depth,4,NumStability.FloatingPointFormat.beta_ge_two,NumStability.Analysis.FloatingPointArithmetic.Format,theorem,Analysis,FloatingPoint,Unassigned,63,17,2,4451,98,63,2
downstream_depth,5,NumStability.FloatingPointFormat.betaR_pos,NumStability.Analysis.FloatingPointArithmetic.Format,theorem,Analysis,FloatingPoint,Unassigned,62,27,4,4387,98,62,3
downstream_depth,6,NumStability.FloatingPointFormat.signValue,NumStability.Analysis.FloatingPointArithmetic.Format,definition,Analysis,FloatingPoint,Unassigned,62,738,1,5199,106,62,1
downstream_depth,7,NumStability.FloatingPointFormat.t,NumStability.Analysis.FloatingPointArithmetic.Format,definition,Analysis,FloatingPoint,Unassigned,62,1768,1,6026,106,62,1
downstream_depth,8,NumStability.FloatingPointFormat.betaR_zpow_pos,NumStability.Analysis.FloatingPointArithmetic.Format,theorem,Analysis,FloatingPoint,Unassigned,61,37,3,4324,98,61,4
downstream_depth,9,NumStability.FloatingPointFormat.mantissaInRange,NumStability.Analysis.FloatingPointArithmetic.Format,definition,Analysis,FloatingPoint,Unassigned,61,478,3,4730,103,61,2
downstream_depth,10,NumStability.FloatingPointFormat.minNormalMantissa,NumStability.Analysis.FloatingPointArithmetic.Format,definition,Analysis,FloatingPoint,Unassigned,61,885,3,4884,104,61,2
downstream_depth,11,NumStability.FloatingPointFormat.normalizedValue,NumStability.Analysis.FloatingPointArithmetic.Format,definition,Analysis,FloatingPoint,Unassigned,61,1568,4,5114,105,61,3
downstream_depth,12,NumStability.FloatingPointFormat.signValue_abs,NumStability.Analysis.FloatingPointArithmetic.Format,theorem,Analysis,FloatingPoint,Unassigned,61,5,2,4212,97,61,2
downstream_depth,13,NumStability.FloatingPointFormat.betaR_zpow_nonneg,NumStability.Analysis.FloatingPointArithmetic.Format,theorem,Analysis,FloatingPoint,Unassigned,60,20,3,4177,97,60,5
downstream_depth,14,NumStability.FloatingPointFormat.minNormalMantissa_pos,NumStability.Analysis.FloatingPointArithmetic.Format,theorem,Analysis,FloatingPoint,Unassigned,60,3,5,4094,96,60,3
downstream_depth,15,NumStability.FloatingPointFormat.normalizedMantissa,NumStability.Analysis.FloatingPointArithmetic.Format,definition,Analysis,FloatingPoint,Unassigned,60,1114,3,4725,103,60,3
downstream_depth,16,NumStability.FloatingPointFormat.normalizedValue_abs,NumStability.Analysis.FloatingPointArithmetic.Format,theorem,Analysis,FloatingPoint,Unassigned,60,7,7,4178,97,60,5
downstream_depth,17,NumStability.FloatingPointFormat.t_pos,NumStability.Analysis.FloatingPointArithmetic.Format,theorem,Analysis,FloatingPoint,Unassigned,60,10,2,4298,98,60,2
downstream_depth,18,NumStability.FloatingPointFormat.mantissaBound_scale_eq,NumStability.Analysis.FloatingPointArithmetic.Format,theorem,Analysis,FloatingPoint,Unassigned,59,6,4,4175,96,59,4
downstream_depth,19,NumStability.FloatingPointFormat.minNormalMantissa_scale_eq,NumStability.Analysis.FloatingPointArithmetic.Format,theorem,Analysis,FloatingPoint,Unassigned,59,12,7,4211,97,59,4
downstream_depth,20,NumStability.FloatingPointFormat.normalizedMantissa_pos,NumStability.Analysis.FloatingPointArithmetic.Format,theorem,Analysis,FloatingPoint,Unassigned,59,16,5,4091,96,59,4
downstream_depth,21,NumStability.FloatingPointFormat.normalizedValue_abs_lower_mantissa,NumStability.Analysis.FloatingPointArithmetic.Format,theorem,Analysis,FloatingPoint,Unassigned,59,1,9,4127,96,59,6
downstream_depth,22,NumStability.FloatingPointFormat.normalizedValue_abs_lt_mantissaBound,NumStability.Analysis.FloatingPointArithmetic.Format,theorem,Analysis,FloatingPoint,Unassigned,59,1,10,4153,96,59,6
downstream_depth,23,NumStability.vecNorm2Sq,NumStability.Analysis.MatrixAlgebra,definition,Analysis,Other,Unassigned,59,745,0,7084,343,59,0
downstream_depth,24,NumStability.FloatingPointFormat.normalizedValue_abs_lower_power,NumStability.Analysis.FloatingPointArithmetic.Format,theorem,Analysis,FloatingPoint,Unassigned,58,7,8,4126,96,58,7
downstream_depth,25,NumStability.FloatingPointFormat.normalizedValue_abs_lt_beta_pow,NumStability.Analysis.FloatingPointArithmetic.Format,theorem,Analysis,FloatingPoint,Unassigned,58,10,7,4152,96,58,7
downstream_depth,26,NumStability.FloatingPointFormat.normalizedValue_false_pos,NumStability.Analysis.FloatingPointArithmetic.Format,theorem,Analysis,FloatingPoint,Unassigned,58,64,8,4082,96,58,5
downstream_depth,27,NumStability.FloatingPointFormat.one_lt_beta,NumStability.Analysis.FloatingPointArithmetic.Format,theorem,Analysis,FloatingPoint,Unassigned,58,31,3,4173,97,58,3
downstream_depth,28,NumStability.idMatrix,NumStability.Analysis.MatrixAlgebra,definition,Analysis,Other,Unassigned,58,1504,0,7353,390,58,0
downstream_depth,29,NumStability.lsLemma20_6Projector,NumStability.Source.Higham.Chapter20.Theorem03.QRSolve,definition,Source,QR,Chapter20,58,50,1,403,14,58,1
downstream_depth,30,NumStability.matMulRectLeft,NumStability.Analysis.MatrixAlgebra,definition,Analysis,Other,Unassigned,58,306,0,1506,102,58,0
downstream_depth,31,NumStability.FloatingPointFormat.mantissaBound_pos,NumStability.Analysis.FloatingPointArithmetic.Format,theorem,Analysis,FloatingPoint,Unassigned,57,3,4,4125,97,57,3
downstream_depth,32,NumStability.FloatingPointFormat.maxNormalMantissa,NumStability.Analysis.FloatingPointArithmetic.Format,definition,Analysis,FloatingPoint,Unassigned,57,347,3,4211,98,57,2
downstream_depth,33,NumStability.FloatingPointFormat.minNormalMantissa_lt_mantissaBound,NumStability.Analysis.FloatingPointArithmetic.Format,theorem,Analysis,FloatingPoint,Unassigned,57,10,6,4153,97,57,4
downstream_depth,34,NumStability.FloatingPointFormat.normalizedValue_false_lower_power,NumStability.Analysis.FloatingPointArithmetic.Rounding,theorem,Analysis,FloatingPoint,Unassigned,57,3,6,4034,95,57,8
downstream_depth,35,NumStability.FloatingPointFormat.normalizedValue_false_lt_beta_pow,NumStability.Analysis.FloatingPointArithmetic.Rounding,theorem,Analysis,FloatingPoint,Unassigned,57,2,6,4032,94,57,8
downstream_depth,36,NumStability.FloatingPointFormat.normalizedValue_false_lt_of_exp_lt._proof_1_1,NumStability.Analysis.FloatingPointArithmetic.Rounding,theorem,Analysis,FloatingPoint,Unassigned,57,1,0,4032,94,57,0
downstream_depth,37,NumStability.FloatingPointFormat.unboundedNormalizedSystem,NumStability.Analysis.FloatingPointArithmetic.Format,definition,Analysis,FloatingPoint,Unassigned,57,115,3,4072,95,57,4
downstream_depth,38,NumStability.finiteTranspose,NumStability.Analysis.MatrixAlgebra,definition,Analysis,Other,Unassigned,57,801,0,2684,161,57,0
downstream_depth,39,NumStability.idMatrix_mulVec,NumStability.Analysis.MatrixAlgebra,theorem,Analysis,Other,Unassigned,57,17,1,2264,151,57,1
downstream_depth,40,NumStability.lsLemma20_6Perturbation,NumStability.Source.Higham.Chapter20.Theorem03.QRSolve,definition,Source,QR,Chapter20,57,16,2,151,12,57,2
downstream_depth,41,NumStability.lsLemma20_6ProjectorComplement,NumStability.Source.Higham.Chapter20.Theorem03.QRSolve,definition,Source,QR,Chapter20,57,54,2,368,14,57,2
downstream_depth,42,NumStability.lsLemma20_6Projector_apply_self,NumStability.Source.Higham.Chapter20.Theorem03.QRSolve,theorem,Source,QR,Chapter20,57,3,2,246,14,57,2
downstream_depth,43,NumStability.lsLemma20_6Projector_symmetric,NumStability.Source.Higham.Chapter20.Theorem03.QRSolve,theorem,Source,QR,Chapter20,57,5,2,257,14,57,2
downstream_depth,44,NumStability.matMulRectLeft_id,NumStability.Analysis.MatrixAlgebra,theorem,Analysis,Other,Unassigned,57,13,2,503,26,57,1
downstream_depth,45,NumStability.rectMatMul,NumStability.Analysis.MatrixAlgebra,definition,Analysis,Other,Unassigned,57,2581,0,4460,245,57,0
downstream_depth,46,NumStability.rectMatMulVec,NumStability.Analysis.MatrixAlgebra,definition,Analysis,Other,Unassigned,57,1642,0,4788,227,57,0
downstream_depth,47,NumStability.FloatingPointFormat.maxNormalMantissa_add_one,NumStability.Analysis.FloatingPointArithmetic.Format,theorem,Analysis,FloatingPoint,Unassigned,56,14,5,4050,96,56,4
downstream_depth,48,NumStability.FloatingPointFormat.maxNormalMantissa_cast,NumStability.Analysis.FloatingPointArithmetic.Format,theorem,Analysis,FloatingPoint,Unassigned,56,1,6,4079,96,56,4
downstream_depth,49,NumStability.FloatingPointFormat.minNormalMantissa_normalized,NumStability.Analysis.FloatingPointArithmetic.Format,theorem,Analysis,FloatingPoint,Unassigned,56,59,5,4105,96,56,5
downstream_depth,50,NumStability.FloatingPointFormat.normalizedValue_false_lt_of_exp_lt,NumStability.Analysis.FloatingPointArithmetic.Rounding,theorem,Analysis,FloatingPoint,Unassigned,56,17,9,4031,94,56,9
downstream_depth,51,NumStability.FloatingPointFormat.normalizedValue_false_minNormalMantissa_succ_eq_beta_pow,NumStability.Analysis.FloatingPointArithmetic.Rounding,theorem,Analysis,FloatingPoint,Unassigned,56,10,7,3886,93,56,5
downstream_depth,52,NumStability.FloatingPointFormat.realOrderAdjacentNormalized,NumStability.Analysis.FloatingPointArithmetic.Format,definition,Analysis,FloatingPoint,Unassigned,56,480,2,4041,94,56,5
downstream_depth,53,NumStability.FloatingPointFormat.realOrderAdjacentNormalized_false_ordered_exp_ge._proof_1_1,NumStability.Analysis.FloatingPointArithmetic.Rounding,theorem,Analysis,FloatingPoint,Unassigned,56,1,0,3884,93,56,0
downstream_depth,54,NumStability.FloatingPointFormat.realOrderAdjacentNormalized_false_ordered_exp_le_succ._proof_1_1,NumStability.Analysis.FloatingPointArithmetic.Rounding,theorem,Analysis,FloatingPoint,Unassigned,56,1,0,3884,93,56,0
downstream_depth,55,NumStability.lsLemma20_6Perturbation_eq_projector_mixture,NumStability.Source.Higham.Chapter20.Theorem03.QRSolve,theorem,Source,QR,Chapter20,56,3,6,131,12,56,3
downstream_depth,56,NumStability.lsLemma20_6ProjectorComplement_symmetric,NumStability.Source.Higham.Chapter20.Theorem03.QRSolve,theorem,Source,QR,Chapter20,56,4,4,218,13,56,3
downstream_depth,57,NumStability.lsLemma20_6Projector_sub_id_apply_self,NumStability.Source.Higham.Chapter20.Theorem03.QRSolve,theorem,Source,QR,Chapter20,56,3,5,244,14,56,3
downstream_depth,58,NumStability.matMulRectRight,NumStability.Analysis.MatrixAlgebra,definition,Analysis,Other,Unassigned,56,35,0,355,25,56,0
downstream_depth,59,NumStability.matMulVec,NumStability.Analysis.MatrixAlgebra,definition,Analysis,Other,Unassigned,56,2149,0,5442,376,56,0
downstream_depth,60,NumStability.rectMatMulVec_rectMatMul,NumStability.Analysis.MatrixAlgebra,theorem,Analysis,Other,Unassigned,56,115,2,1684,95,56,1
downstream_depth,61,NumStability.undetLemma21_2SymmetrizedPerturbation,NumStability.Source.Higham.Chapter21.Lemma02.Symmetrization.UnderdeterminedSolve,definition,Source,LeastSquares,Chapter21,56,43,2,139,10,56,3
downstream_depth,62,NumStability.FloatingPointFormat.boundaryAdjacentNormalized,NumStability.Analysis.FloatingPointArithmetic.Format,definition,Analysis,FloatingPoint,Unassigned,55,56,4,4009,95,55,4
downstream_depth,63,NumStability.FloatingPointFormat.maxNormalMantissa_lt_mantissaBound,NumStability.Analysis.FloatingPointArithmetic.Format,theorem,Analysis,FloatingPoint,Unassigned,55,4,5,4034,95,55,5
downstream_depth,64,NumStability.FloatingPointFormat.maxNormalMantissa_scale_eq,NumStability.Analysis.FloatingPointArithmetic.Format,theorem,Analysis,FloatingPoint,Unassigned,55,3,6,4078,96,55,5
downstream_depth,65,NumStability.FloatingPointFormat.normalizedValue_sameExponent_lt_iff_false,NumStability.Analysis.FloatingPointArithmetic.Format,theorem,Analysis,FloatingPoint,Unassigned,55,9,7,4027,95,55,6
downstream_depth,66,NumStability.FloatingPointFormat.realOrderAdjacentNormalized_false_ordered_exp_eq_or_succ._proof_1_1,NumStability.Analysis.FloatingPointArithmetic.Rounding,theorem,Analysis,FloatingPoint,Unassigned,55,1,0,3883,93,55,0
downstream_depth,67,NumStability.FloatingPointFormat.realOrderAdjacentNormalized_false_ordered_exp_ge,NumStability.Analysis.FloatingPointArithmetic.Rounding,theorem,Analysis,FloatingPoint,Unassigned,55,1,6,3883,93,55,10
downstream_depth,68,NumStability.FloatingPointFormat.realOrderAdjacentNormalized_false_ordered_exp_le_succ,NumStability.Analysis.FloatingPointArithmetic.Rounding,theorem,Analysis,FloatingPoint,Unassigned,55,1,12,3883,93,55,10
downstream_depth,69,NumStability.FloatingPointFormat.realOrderAdjacentNormalized_false_ordered_same_exp_mantissa_succ._proof_1_1,NumStability.Analysis.FloatingPointArithmetic.Rounding,theorem,Analysis,FloatingPoint,Unassigned,55,1,0,3883,93,55,0
downstream_depth,70,NumStability.FloatingPointFormat.realOrderAdjacentNormalized_false_ordered_succ_exp_mantissa_boundary._proof_1_1,NumStability.Analysis.FloatingPointArithmetic.Rounding,theorem,Analysis,FloatingPoint,Unassigned,55,1,2,3883,93,55,3
downstream_depth,71,NumStability.FloatingPointFormat.sameExponentAdjacentNormalized,NumStability.Analysis.FloatingPointArithmetic.Format,definition,Analysis,FloatingPoint,Unassigned,55,90,3,4009,95,55,4
downstream_depth,72,NumStability.RectMinNormSolution,NumStability.Algorithms.LinearSystems.Underdetermined.MinimumNorm.Specifications.UnderdeterminedSpec,inductive,Algorithms,LeastSquares,Unassigned,55,143,0,221,27,55,0
downstream_depth,73,NumStability.finiteVecNorm2Sq,NumStability.Analysis.MatrixAlgebra,definition,Analysis,Other,Unassigned,55,135,0,2440,160,55,0
downstream_depth,74,NumStability.higham21_lemma21_2_symmetrized_perturbation_eq_right_projector_mixture,NumStability.Source.Higham.Chapter21.Lemma02.Symmetrization.UnderdeterminedSolve,theorem,Source,LeastSquares,Chapter21,55,4,10,113,10,55,4
downstream_depth,75,NumStability.lsLemma20_6ProjectorComplement_mulVec_self,NumStability.Source.Higham.Chapter20.Theorem03.QRSolve,theorem,Source,QR,Chapter20,55,3,6,140,10,55,4
downstream_depth,76,NumStability.vecNorm2,NumStability.Analysis.MatrixAlgebra,definition,Analysis,Other,Unassigned,55,2395,1,5762,323,55,1
downstream_depth,77,_private.NumStability.Algorithms.LinearSystems.Underdetermined.MinimumNorm.Solvers.Executor.Core.0.NumStability.higham21_rectMatMulVec_matMulRectRight,NumStability.Algorithms.LinearSystems.Underdetermined.MinimumNorm.Solvers.Executor.Core,theorem,Algorithms,LeastSquares,Unassigned,55,1,4,108,9,55,2
downstream_depth,78,NumStability.FloatingPointFormat.adjacentNormalized,NumStability.Analysis.FloatingPointArithmetic.Format,definition,Analysis,FloatingPoint,Unassigned,54,19,3,4000,94,54,5
downstream_depth,79,NumStability.FloatingPointFormat.boundaryAdjacentNormalized_symm,NumStability.Analysis.FloatingPointArithmetic.Rounding,theorem,Analysis,FloatingPoint,Unassigned,54,1,5,3882,93,54,5
downstream_depth,80,NumStability.FloatingPointFormat.machineEpsilon,NumStability.Analysis.FloatingPointArithmetic.Format,definition,Analysis,FloatingPoint,Unassigned,54,49,3,3925,94,54,3
downstream_depth,81,NumStability.FloatingPointFormat.normalizedValue_boundary_sub,NumStability.Analysis.FloatingPointArithmetic.Rounding,theorem,Analysis,FloatingPoint,Unassigned,54,20,9,3993,93,54,6
downstream_depth,82,NumStability.FloatingPointFormat.normalizedValue_not_eq_neg,NumStability.Analysis.FloatingPointArithmetic.Format,theorem,Analysis,FloatingPoint,Unassigned,54,7,5,3941,94,54,4
downstream_depth,83,NumStability.FloatingPointFormat.normalizedValue_succ_sub_sameExponent,NumStability.Analysis.FloatingPointArithmetic.Rounding,theorem,Analysis,FloatingPoint,Unassigned,54,20,5,3993,93,54,4
downstream_depth,84,NumStability.FloatingPointFormat.normalizedValue_true_eq_neg_false,NumStability.Analysis.FloatingPointArithmetic.Format,theorem,Analysis,FloatingPoint,Unassigned,54,59,5,4081,96,54,4
downstream_depth,85,NumStability.FloatingPointFormat.realOrderAdjacentNormalized_false_ordered_exp_eq_or_succ,NumStability.Analysis.FloatingPointArithmetic.Rounding,theorem,Analysis,FloatingPoint,Unassigned,54,1,7,3882,93,54,11
downstream_depth,86,NumStability.FloatingPointFormat.realOrderAdjacentNormalized_false_ordered_same_exp_mantissa_succ,NumStability.Analysis.FloatingPointArithmetic.Rounding,theorem,Analysis,FloatingPoint,Unassigned,54,1,11,3882,93,54,7
downstream_depth,87,NumStability.FloatingPointFormat.realOrderAdjacentNormalized_false_ordered_succ_exp_mantissa_boundary,NumStability.Analysis.FloatingPointArithmetic.Rounding,theorem,Analysis,FloatingPoint,Unassigned,54,1,15,3882,93,54,10
downstream_depth,88,NumStability.FloatingPointFormat.sameExponentAdjacentNormalized_symm,NumStability.Analysis.FloatingPointArithmetic.Rounding,theorem,Analysis,FloatingPoint,Unassigned,54,1,4,3882,93,54,5
downstream_depth,89,NumStability.RectMinNormSolution.mk,NumStability.Algorithms.LinearSystems.Underdetermined.MinimumNorm.Specifications.UnderdeterminedSpec,constructor,Algorithms,LeastSquares,Unassigned,54,8,3,166,25,54,2
downstream_depth,90,NumStability.finiteVecNorm2Sq_add_of_inner_eq_zero,NumStability.Analysis.MatrixAlgebra,theorem,Analysis,Other,Unassigned,54,7,1,288,39,54,1
downstream_depth,91,NumStability.higham21_lemma21_2_symmetrized_perturbation_mulVec_self_eq,NumStability.Algorithms.LinearSystems.Underdetermined.MinimumNorm.Solvers.Executor.Core,theorem,Algorithms,LeastSquares,Unassigned,54,1,11,107,9,54,5
downstream_depth,92,NumStability.rectMatMulVec_sub,NumStability.Analysis.MatrixAlgebra,theorem,Analysis,Other,Unassigned,54,40,1,987,67,54,1
downstream_depth,93,NumStability.rectMatMul_id_right,NumStability.Analysis.MatrixAlgebra,theorem,Analysis,Other,Unassigned,54,44,2,1880,66,54,1
downstream_depth,94,NumStability.rectTransposeMulVec,NumStability.Algorithms.LinearSystems.Underdetermined.MinimumNorm.Pseudoinverse.UnderdeterminedSpec,definition,Algorithms,LeastSquares,Unassigned,54,258,0,492,57,54,0
downstream_depth,95,NumStability.vecNorm2Sq_nonneg,NumStability.Analysis.MatrixAlgebra,theorem,Analysis,Other,Unassigned,54,70,1,4291,278,54,1
downstream_depth,96,NumStability.FloatingPointFormat.adjacentNormalized_symm,NumStability.Analysis.FloatingPointArithmetic.Rounding,theorem,Analysis,FloatingPoint,Unassigned,53,1,6,3881,93,53,6
downstream_depth,97,NumStability.FloatingPointFormat.beta_inv_machineEpsilon_mul_upper_power_eq,NumStability.Analysis.FloatingPointArithmetic.Rounding,theorem,Analysis,FloatingPoint,Unassigned,53,3,5,3857,92,53,4
downstream_depth,98,NumStability.FloatingPointFormat.boundaryAdjacentNormalized_neg,NumStability.Analysis.FloatingPointArithmetic.Rounding,theorem,Analysis,FloatingPoint,Unassigned,53,1,6,3881,93,53,5
downstream_depth,99,NumStability.FloatingPointFormat.machineEpsilon_mul_lower_power_eq,NumStability.Analysis.FloatingPointArithmetic.Rounding,theorem,Analysis,FloatingPoint,Unassigned,53,3,5,3857,92,53,4
downstream_depth,100,NumStability.FloatingPointFormat.minNormalMantissa_le_maxNormalMantissa,NumStability.Analysis.FloatingPointArithmetic.Format,theorem,Analysis,FloatingPoint,Unassigned,53,2,7,4031,96,53,5
reused_low_in_hierarchy_product,1,NumStability.FPModel,NumStability.FloatingPoint.Model,inductive,FloatingPoint,FloatingPoint,Unassigned,727584,13255,0,13992,532,51,0
reused_low_in_hierarchy_product,2,NumStability.FPModel.fl_mul,NumStability.FloatingPoint.Model,definition,FloatingPoint,FloatingPoint,Unassigned,516607,749,1,10543,428,48,1
reused_low_in_hierarchy_product,3,NumStability.FPModel.u,NumStability.FloatingPoint.Model,definition,FloatingPoint,FloatingPoint,Unassigned,476697,3186,1,9347,486,50,1
reused_low_in_hierarchy_product,4,NumStability.idMatrix,NumStability.Analysis.MatrixAlgebra,definition,Analysis,Other,Unassigned,433827,1504,0,7353,390,58,0
reused_low_in_hierarchy_product,5,NumStability.vecNorm2Sq,NumStability.Analysis.MatrixAlgebra,definition,Analysis,Other,Unassigned,425040,745,0,7084,343,59,0
reused_low_in_hierarchy_product,6,NumStability.FPModel.fl_sub,NumStability.FloatingPoint.Model,definition,FloatingPoint,FloatingPoint,Unassigned,419454,1733,1,9987,399,41,1
reused_low_in_hierarchy_product,7,NumStability.FloatingPointFormat,NumStability.Analysis.FloatingPointArithmetic.Format,inductive,Analysis,FloatingPoint,Unassigned,415206,3331,0,6291,107,65,0
reused_low_in_hierarchy_product,8,NumStability.gamma,NumStability.Analysis.Rounding,definition,Analysis,FloatingPoint,Unassigned,397800,4682,2,7956,435,49,2
reused_low_in_hierarchy_product,9,NumStability.FloatingPointFormat.beta,NumStability.Analysis.FloatingPointArithmetic.Format,definition,Analysis,FloatingPoint,Unassigned,387075,1481,1,5955,106,64,1
reused_low_in_hierarchy_product,10,NumStability.matMul,NumStability.Analysis.MatrixAlgebra,definition,Analysis,Other,Unassigned,383061,2218,0,7511,422,50,0
reused_low_in_hierarchy_product,11,NumStability.FloatingPointFormat.t,NumStability.Analysis.FloatingPointArithmetic.Format,definition,Analysis,FloatingPoint,Unassigned,379638,1768,1,6026,106,62,1
reused_low_in_hierarchy_product,12,NumStability.FPModel.fl_add,NumStability.FloatingPoint.Model,definition,FloatingPoint,FloatingPoint,Unassigned,377250,540,1,7545,344,49,1
reused_low_in_hierarchy_product,13,NumStability.FloatingPointFormat.betaR,NumStability.Analysis.FloatingPointArithmetic.Format,definition,Analysis,FloatingPoint,Unassigned,362368,999,2,5662,106,63,2
reused_low_in_hierarchy_product,14,NumStability.FPModel.u_nonneg,NumStability.FloatingPoint.Model,theorem,FloatingPoint,FloatingPoint,Unassigned,353600,484,2,7072,439,49,2
reused_low_in_hierarchy_product,15,NumStability.gammaValid,NumStability.Analysis.Rounding,definition,Analysis,FloatingPoint,Unassigned,348800,5114,2,6976,430,49,2
reused_low_in_hierarchy_product,16,NumStability.FPModel.fl_div,NumStability.FloatingPoint.Model,definition,FloatingPoint,FloatingPoint,Unassigned,334232,1557,1,8152,324,40,1
reused_low_in_hierarchy_product,17,NumStability.FloatingPointFormat.signValue,NumStability.Analysis.FloatingPointArithmetic.Format,definition,Analysis,FloatingPoint,Unassigned,327537,738,1,5199,106,62,1
reused_low_in_hierarchy_product,18,NumStability.vecNorm2,NumStability.Analysis.MatrixAlgebra,definition,Analysis,Other,Unassigned,322672,2395,1,5762,323,55,1
reused_low_in_hierarchy_product,19,NumStability.IsRightInverse,NumStability.Analysis.MatrixAlgebra,definition,Analysis,Other,Unassigned,319842,1222,0,5923,422,53,0
reused_low_in_hierarchy_product,20,NumStability.IsLeftInverse,NumStability.Analysis.MatrixAlgebra,definition,Analysis,Other,Unassigned,318438,819,0,5897,430,53,0
reused_low_in_hierarchy_product,21,NumStability.FloatingPointFormat.normalizedValue,NumStability.Analysis.FloatingPointArithmetic.Format,definition,Analysis,FloatingPoint,Unassigned,317068,1568,4,5114,105,61,3
reused_low_in_hierarchy_product,22,NumStability.matMulVec,NumStability.Analysis.MatrixAlgebra,definition,Analysis,Other,Unassigned,310194,2149,0,5442,376,56,0
reused_low_in_hierarchy_product,23,NumStability.FloatingPointFormat.minNormalMantissa,NumStability.Analysis.FloatingPointArithmetic.Format,definition,Analysis,FloatingPoint,Unassigned,302808,885,3,4884,104,61,2
reused_low_in_hierarchy_product,24,NumStability.FPModel.model_mul,NumStability.FloatingPoint.Model,theorem,FloatingPoint,FloatingPoint,Unassigned,299328,137,3,6236,376,47,2
reused_low_in_hierarchy_product,25,NumStability.FloatingPointFormat.mantissaInRange,NumStability.Analysis.FloatingPointArithmetic.Format,definition,Analysis,FloatingPoint,Unassigned,293260,478,3,4730,103,61,2
reused_low_in_hierarchy_product,26,NumStability.FloatingPointFormat.normalizedMantissa,NumStability.Analysis.FloatingPointArithmetic.Format,definition,Analysis,FloatingPoint,Unassigned,288225,1114,3,4725,103,60,3
reused_low_in_hierarchy_product,27,NumStability.gamma_nonneg,NumStability.Analysis.Rounding,theorem,Analysis,FloatingPoint,Unassigned,286902,1063,5,6237,382,45,3
reused_low_in_hierarchy_product,28,NumStability.FloatingPointFormat.beta_ge_two,NumStability.Analysis.FloatingPointArithmetic.Format,theorem,Analysis,FloatingPoint,Unassigned,284864,17,2,4451,98,63,2
reused_low_in_hierarchy_product,29,NumStability.u_le_gamma,NumStability.Analysis.Rounding,theorem,Analysis,FloatingPoint,Unassigned,284396,95,5,5804,380,48,3
reused_low_in_hierarchy_product,30,NumStability.rectMatMulVec,NumStability.Analysis.MatrixAlgebra,definition,Analysis,Other,Unassigned,277704,1642,0,4788,227,57,0
reused_low_in_hierarchy_product,31,NumStability.FloatingPointFormat.betaR_pos,NumStability.Analysis.FloatingPointArithmetic.Format,theorem,Analysis,FloatingPoint,Unassigned,276381,27,4,4387,98,62,3
reused_low_in_hierarchy_product,32,NumStability.FloatingPointFormat.betaR_zpow_pos,NumStability.Analysis.FloatingPointArithmetic.Format,theorem,Analysis,FloatingPoint,Unassigned,268088,37,3,4324,98,61,4
reused_low_in_hierarchy_product,33,NumStability.FloatingPointFormat.t_pos,NumStability.Analysis.FloatingPointArithmetic.Format,theorem,Analysis,FloatingPoint,Unassigned,262178,10,2,4298,98,60,2
reused_low_in_hierarchy_product,34,NumStability.FloatingPointFormat.signValue_abs,NumStability.Analysis.FloatingPointArithmetic.Format,theorem,Analysis,FloatingPoint,Unassigned,261144,5,2,4212,97,61,2
reused_low_in_hierarchy_product,35,NumStability.fl_dotProduct._proof_1,NumStability.Algorithms.DotProduct,theorem,Algorithms,DotProduct,Unassigned,258867,57,0,5283,208,48,0
reused_low_in_hierarchy_product,36,NumStability.fl_dotProduct.match_1,NumStability.Algorithms.DotProduct,definition,Algorithms,DotProduct,Unassigned,258867,5,0,5283,208,48,0
reused_low_in_hierarchy_product,37,NumStability.rectMatMul,NumStability.Analysis.MatrixAlgebra,definition,Analysis,Other,Unassigned,258680,2581,0,4460,245,57,0
reused_low_in_hierarchy_product,38,NumStability.FloatingPointFormat.normalizedValue_abs,NumStability.Analysis.FloatingPointArithmetic.Format,theorem,Analysis,FloatingPoint,Unassigned,254858,7,7,4178,97,60,5
reused_low_in_hierarchy_product,39,NumStability.FloatingPointFormat.betaR_zpow_nonneg,NumStability.Analysis.FloatingPointArithmetic.Format,theorem,Analysis,FloatingPoint,Unassigned,254797,20,3,4177,97,60,5
reused_low_in_hierarchy_product,40,NumStability.fl_dotProduct,NumStability.Algorithms.DotProduct,definition,Algorithms,DotProduct,Unassigned,253392,206,5,5279,208,47,2
reused_low_in_hierarchy_product,41,NumStability.FloatingPointFormat.minNormalMantissa_scale_eq,NumStability.Analysis.FloatingPointArithmetic.Format,theorem,Analysis,FloatingPoint,Unassigned,252660,12,7,4211,97,59,4
reused_low_in_hierarchy_product,42,NumStability.FloatingPointFormat.mantissaBound_scale_eq,NumStability.Analysis.FloatingPointArithmetic.Format,theorem,Analysis,FloatingPoint,Unassigned,250500,6,4,4175,96,59,4
reused_low_in_hierarchy_product,43,NumStability.FloatingPointFormat.minNormalMantissa_pos,NumStability.Analysis.FloatingPointArithmetic.Format,theorem,Analysis,FloatingPoint,Unassigned,249734,3,5,4094,96,60,3
reused_low_in_hierarchy_product,44,NumStability.FloatingPointFormat.normalizedValue_abs_lt_mantissaBound,NumStability.Analysis.FloatingPointArithmetic.Format,theorem,Analysis,FloatingPoint,Unassigned,249180,1,10,4153,96,59,6
reused_low_in_hierarchy_product,45,NumStability.FloatingPointFormat.normalizedValue_abs_lower_mantissa,NumStability.Analysis.FloatingPointArithmetic.Format,theorem,Analysis,FloatingPoint,Unassigned,247620,1,9,4127,96,59,6
reused_low_in_hierarchy_product,46,NumStability.FloatingPointFormat.one_lt_beta,NumStability.Analysis.FloatingPointArithmetic.Format,theorem,Analysis,FloatingPoint,Unassigned,246207,31,3,4173,97,58,3
reused_low_in_hierarchy_product,47,NumStability.IsInverse,NumStability.Analysis.MatrixAlgebra,definition,Analysis,Other,Unassigned,246132,459,2,4644,337,52,1
reused_low_in_hierarchy_product,48,NumStability.FloatingPointFormat.normalizedMantissa_pos,NumStability.Analysis.FloatingPointArithmetic.Format,theorem,Analysis,FloatingPoint,Unassigned,245460,16,5,4091,96,59,4
reused_low_in_hierarchy_product,49,NumStability.FloatingPointFormat.normalizedValue_abs_lt_beta_pow,NumStability.Analysis.FloatingPointArithmetic.Format,theorem,Analysis,FloatingPoint,Unassigned,244968,10,7,4152,96,58,7
reused_low_in_hierarchy_product,50,NumStability.gammaValid_mono,NumStability.Analysis.Rounding,theorem,Analysis,FloatingPoint,Unassigned,244461,493,4,4989,380,48,3
reused_low_in_hierarchy_product,51,NumStability.FloatingPointFormat.maxNormalMantissa,NumStability.Analysis.FloatingPointArithmetic.Format,definition,Analysis,FloatingPoint,Unassigned,244238,347,3,4211,98,57,2
reused_low_in_hierarchy_product,52,NumStability.FloatingPointFormat.normalizedValue_abs_lower_power,NumStability.Analysis.FloatingPointArithmetic.Format,theorem,Analysis,FloatingPoint,Unassigned,243434,7,8,4126,96,58,7
reused_low_in_hierarchy_product,53,NumStability.FloatingPointFormat.minNormalMantissa_lt_mantissaBound,NumStability.Analysis.FloatingPointArithmetic.Format,theorem,Analysis,FloatingPoint,Unassigned,240874,10,6,4153,97,57,4
reused_low_in_hierarchy_product,54,NumStability.FloatingPointFormat.normalizedValue_false_pos,NumStability.Analysis.FloatingPointArithmetic.Format,theorem,Analysis,FloatingPoint,Unassigned,240838,64,8,4082,96,58,5
reused_low_in_hierarchy_product,55,NumStability.FloatingPointFormat.mantissaBound_pos,NumStability.Analysis.FloatingPointArithmetic.Format,theorem,Analysis,FloatingPoint,Unassigned,239250,3,4,4125,97,57,3
reused_low_in_hierarchy_product,56,NumStability.FloatingPointFormat.emin,NumStability.Analysis.FloatingPointArithmetic.Format,definition,Analysis,FloatingPoint,Unassigned,237264,629,1,4943,103,47,1
reused_low_in_hierarchy_product,57,NumStability.FloatingPointFormat.unboundedNormalizedSystem,NumStability.Analysis.FloatingPointArithmetic.Format,definition,Analysis,FloatingPoint,Unassigned,236176,115,3,4072,95,57,4
reused_low_in_hierarchy_product,58,NumStability.vecNorm2Sq_nonneg,NumStability.Analysis.MatrixAlgebra,theorem,Analysis,Other,Unassigned,236005,70,1,4291,278,54,1
reused_low_in_hierarchy_product,59,NumStability.FPModel.model_sub,NumStability.FloatingPoint.Model,theorem,FloatingPoint,FloatingPoint,Unassigned,235463,104,3,5743,328,40,2
reused_low_in_hierarchy_product,60,NumStability.FloatingPointFormat.minNormalMantissa_normalized,NumStability.Analysis.FloatingPointArithmetic.Format,theorem,Analysis,FloatingPoint,Unassigned,233985,59,5,4105,96,56,5
reused_low_in_hierarchy_product,61,NumStability.FloatingPointFormat.normalizedValue_false_lower_power,NumStability.Analysis.FloatingPointArithmetic.Rounding,theorem,Analysis,FloatingPoint,Unassigned,233972,3,6,4034,95,57,8
reused_low_in_hierarchy_product,62,NumStability.FloatingPointFormat.normalizedValue_false_lt_beta_pow,NumStability.Analysis.FloatingPointArithmetic.Rounding,theorem,Analysis,FloatingPoint,Unassigned,233856,2,6,4032,94,57,8
reused_low_in_hierarchy_product,63,NumStability.FloatingPointFormat.normalizedValue_false_lt_of_exp_lt._proof_1_1,NumStability.Analysis.FloatingPointArithmetic.Rounding,theorem,Analysis,FloatingPoint,Unassigned,233856,1,0,4032,94,57,0
reused_low_in_hierarchy_product,64,NumStability.FloatingPointFormat.maxNormalMantissa_cast,NumStability.Analysis.FloatingPointArithmetic.Format,theorem,Analysis,FloatingPoint,Unassigned,232503,1,6,4079,96,56,4
reused_low_in_hierarchy_product,65,NumStability.gamma_mul,NumStability.Analysis.Rounding,theorem,Analysis,FloatingPoint,Unassigned,232211,81,5,4739,362,48,3
reused_low_in_hierarchy_product,66,NumStability.FloatingPointFormat.maxNormalMantissa_add_one,NumStability.Analysis.FloatingPointArithmetic.Format,theorem,Analysis,FloatingPoint,Unassigned,230850,14,5,4050,96,56,4
reused_low_in_hierarchy_product,67,NumStability.FloatingPointFormat.realOrderAdjacentNormalized,NumStability.Analysis.FloatingPointArithmetic.Format,definition,Analysis,FloatingPoint,Unassigned,230337,480,2,4041,94,56,5
reused_low_in_hierarchy_product,68,NumStability.FloatingPointFormat.normalizedValue_false_lt_of_exp_lt,NumStability.Analysis.FloatingPointArithmetic.Rounding,theorem,Analysis,FloatingPoint,Unassigned,229767,17,9,4031,94,56,9
reused_low_in_hierarchy_product,69,NumStability.FloatingPointFormat.maxNormalMantissa_scale_eq,NumStability.Analysis.FloatingPointArithmetic.Format,theorem,Analysis,FloatingPoint,Unassigned,228368,3,6,4078,96,55,5
reused_low_in_hierarchy_product,70,NumStability.FloatingPointFormat.emax,NumStability.Analysis.FloatingPointArithmetic.Format,definition,Analysis,FloatingPoint,Unassigned,228144,352,1,4753,103,47,1
reused_low_in_hierarchy_product,71,NumStability.FloatingPointFormat.maxNormalMantissa_lt_mantissaBound,NumStability.Analysis.FloatingPointArithmetic.Format,theorem,Analysis,FloatingPoint,Unassigned,225904,4,5,4034,95,55,5
reused_low_in_hierarchy_product,72,NumStability.RMatFn,NumStability.Analysis.MatrixAlgebra,definition,Analysis,Other,Unassigned,225744,1718,0,4703,246,47,0
reused_low_in_hierarchy_product,73,NumStability.FloatingPointFormat.normalizedValue_sameExponent_lt_iff_false,NumStability.Analysis.FloatingPointArithmetic.Format,theorem,Analysis,FloatingPoint,Unassigned,225512,9,7,4027,95,55,6
reused_low_in_hierarchy_product,74,NumStability.FloatingPointFormat.boundaryAdjacentNormalized,NumStability.Analysis.FloatingPointArithmetic.Format,definition,Analysis,FloatingPoint,Unassigned,224504,56,4,4009,95,55,4
reused_low_in_hierarchy_product,75,NumStability.FloatingPointFormat.sameExponentAdjacentNormalized,NumStability.Analysis.FloatingPointArithmetic.Format,definition,Analysis,FloatingPoint,Unassigned,224504,90,3,4009,95,55,4
reused_low_in_hierarchy_product,76,NumStability.FloatingPointFormat.normalizedValue_true_eq_neg_false,NumStability.Analysis.FloatingPointArithmetic.Format,theorem,Analysis,FloatingPoint,Unassigned,224455,59,5,4081,96,54,4
reused_low_in_hierarchy_product,77,NumStability.gamma_mono,NumStability.Analysis.Rounding,theorem,Analysis,FloatingPoint,Unassigned,224273,117,5,4577,341,48,3
reused_low_in_hierarchy_product,78,NumStability.infNorm,NumStability.Analysis.MatrixAlgebra,definition,Analysis,Other,Unassigned,221901,3406,0,4351,196,50,0
reused_low_in_hierarchy_product,79,NumStability.FloatingPointFormat.normalizedValue_false_minNormalMantissa_succ_eq_beta_pow,NumStability.Analysis.FloatingPointArithmetic.Rounding,theorem,Analysis,FloatingPoint,Unassigned,221502,10,7,3886,93,56,5
reused_low_in_hierarchy_product,80,NumStability.FloatingPointFormat.realOrderAdjacentNormalized_false_ordered_exp_ge._proof_1_1,NumStability.Analysis.FloatingPointArithmetic.Rounding,theorem,Analysis,FloatingPoint,Unassigned,221388,1,0,3884,93,56,0
reused_low_in_hierarchy_product,81,NumStability.FloatingPointFormat.realOrderAdjacentNormalized_false_ordered_exp_le_succ._proof_1_1,NumStability.Analysis.FloatingPointArithmetic.Rounding,theorem,Analysis,FloatingPoint,Unassigned,221388,1,0,3884,93,56,0
reused_low_in_hierarchy_product,82,NumStability.FloatingPointFormat.adjacentNormalized,NumStability.Analysis.FloatingPointArithmetic.Format,definition,Analysis,FloatingPoint,Unassigned,220000,19,3,4000,94,54,5
reused_low_in_hierarchy_product,83,NumStability.FloatingPointFormat.normalizedValue_boundary_sub,NumStability.Analysis.FloatingPointArithmetic.Rounding,theorem,Analysis,FloatingPoint,Unassigned,219615,20,9,3993,93,54,6
reused_low_in_hierarchy_product,84,NumStability.FloatingPointFormat.normalizedValue_succ_sub_sameExponent,NumStability.Analysis.FloatingPointArithmetic.Rounding,theorem,Analysis,FloatingPoint,Unassigned,219615,20,5,3993,93,54,4
reused_low_in_hierarchy_product,85,NumStability.FloatingPointFormat.minNormalMantissa_le_maxNormalMantissa,NumStability.Analysis.FloatingPointArithmetic.Format,theorem,Analysis,FloatingPoint,Unassigned,217674,2,7,4031,96,53,5
reused_low_in_hierarchy_product,86,NumStability.FloatingPointFormat.realOrderAdjacentNormalized_false_ordered_exp_eq_or_succ._proof_1_1,NumStability.Analysis.FloatingPointArithmetic.Rounding,theorem,Analysis,FloatingPoint,Unassigned,217448,1,0,3883,93,55,0
reused_low_in_hierarchy_product,87,NumStability.FloatingPointFormat.realOrderAdjacentNormalized_false_ordered_exp_ge,NumStability.Analysis.FloatingPointArithmetic.Rounding,theorem,Analysis,FloatingPoint,Unassigned,217448,1,6,3883,93,55,10
reused_low_in_hierarchy_product,88,NumStability.FloatingPointFormat.realOrderAdjacentNormalized_false_ordered_exp_le_succ,NumStability.Analysis.FloatingPointArithmetic.Rounding,theorem,Analysis,FloatingPoint,Unassigned,217448,1,12,3883,93,55,10
reused_low_in_hierarchy_product,89,NumStability.FloatingPointFormat.realOrderAdjacentNormalized_false_ordered_same_exp_mantissa_succ._proof_1_1,NumStability.Analysis.FloatingPointArithmetic.Rounding,theorem,Analysis,FloatingPoint,Unassigned,217448,1,0,3883,93,55,0
reused_low_in_hierarchy_product,90,NumStability.FloatingPointFormat.realOrderAdjacentNormalized_false_ordered_succ_exp_mantissa_boundary._proof_1_1,NumStability.Analysis.FloatingPointArithmetic.Rounding,theorem,Analysis,FloatingPoint,Unassigned,217448,1,2,3883,93,55,3
reused_low_in_hierarchy_product,91,NumStability.FloatingPointFormat.normalizedValue_not_eq_neg,NumStability.Analysis.FloatingPointArithmetic.Format,theorem,Analysis,FloatingPoint,Unassigned,216755,7,5,3941,94,54,4
reused_low_in_hierarchy_product,92,NumStability.FloatingPointFormat.nearestRoundingIn,NumStability.Analysis.FloatingPointArithmetic.Format,definition,Analysis,FloatingPoint,Unassigned,215946,8,0,3999,92,53,0
reused_low_in_hierarchy_product,93,NumStability.FloatingPointFormat.machineEpsilon,NumStability.Analysis.FloatingPointArithmetic.Format,definition,Analysis,FloatingPoint,Unassigned,215875,49,3,3925,94,54,3
reused_low_in_hierarchy_product,94,NumStability.FloatingPointFormat.normalizedValue_boundary_spacing,NumStability.Analysis.FloatingPointArithmetic.Rounding,theorem,Analysis,FloatingPoint,Unassigned,215514,3,10,3991,93,53,7
reused_low_in_hierarchy_product,95,NumStability.FloatingPointFormat.normalizedValue_succ_spacing,NumStability.Analysis.FloatingPointArithmetic.Rounding,theorem,Analysis,FloatingPoint,Unassigned,215514,3,8,3991,93,53,5
reused_low_in_hierarchy_product,96,NumStability.FloatingPointFormat.normalizedValue_true_neg,NumStability.Analysis.FloatingPointArithmetic.Format,theorem,Analysis,FloatingPoint,Unassigned,214703,26,5,4051,95,52,6
reused_low_in_hierarchy_product,97,NumStability.FloatingPointFormat.boundaryAdjacentNormalized_symm,NumStability.Analysis.FloatingPointArithmetic.Rounding,theorem,Analysis,FloatingPoint,Unassigned,213510,1,5,3882,93,54,5
reused_low_in_hierarchy_product,98,NumStability.FloatingPointFormat.realOrderAdjacentNormalized_false_ordered_exp_eq_or_succ,NumStability.Analysis.FloatingPointArithmetic.Rounding,theorem,Analysis,FloatingPoint,Unassigned,213510,1,7,3882,93,54,11
reused_low_in_hierarchy_product,99,NumStability.FloatingPointFormat.realOrderAdjacentNormalized_false_ordered_same_exp_mantissa_succ,NumStability.Analysis.FloatingPointArithmetic.Rounding,theorem,Analysis,FloatingPoint,Unassigned,213510,1,11,3882,93,54,7
reused_low_in_hierarchy_product,100,NumStability.FloatingPointFormat.realOrderAdjacentNormalized_false_ordered_succ_exp_mantissa_boundary,NumStability.Analysis.FloatingPointArithmetic.Rounding,theorem,Analysis,FloatingPoint,Unassigned,213510,1,15,3882,93,54,10
