snapshot_commit,name,module,kind,incoming_project_reference_count,direct_project_dependency_count,exact_statement_group_id,exact_statement_group_key,is_reserved_name,equation_parent,authorship_signal,generated_name_signal,explicit_source_declaration_signal,source_paths,source_anchor,pdf_file,printed_page,book_statement_match,isolate_role,disposition,review_status,review_notes
045daf28056a6e4358d5de7c22c7a9d7acc2e80e,NumStability.complexDotProduct,NumStability.Algorithms.ComplexBackwardError,definition,0,0,,,false,,explicit_source_text_match,false,true,_worktree/NumStability/Algorithms/ComplexBackwardError.lean,,,,,,,unreviewed,
045daf28056a6e4358d5de7c22c7a9d7acc2e80e,NumStability.complexMatVec,NumStability.Algorithms.ComplexBackwardError,definition,0,0,,,false,,explicit_source_text_match,false,true,_worktree/NumStability/Algorithms/ComplexBackwardError.lean,,,,,,,unreviewed,
045daf28056a6e4358d5de7c22c7a9d7acc2e80e,NumStability.conventional_componentwise_implies_cubic,NumStability.Algorithms.FastMatMul.Internal.LegacyBounds,theorem,0,0,,,false,,explicit_source_text_match,false,true,_worktree/NumStability/Algorithms/FastMatMul/Internal/LegacyBounds.lean,,,,,,,unreviewed,
045daf28056a6e4358d5de7c22c7a9d7acc2e80e,NumStability.absLU_product_nonneg,NumStability.Algorithms.LU.GaussianElimination,theorem,0,0,,,false,,explicit_source_text_match,false,true,_worktree/NumStability/Algorithms/LU/GaussianElimination.lean,,,,,,,unreviewed,
045daf28056a6e4358d5de7c22c7a9d7acc2e80e,NumStability.lu_solve_to_solver_bound,NumStability.Algorithms.LinearSystems.IterativeRefinement.Core,theorem,0,0,,,false,,explicit_source_text_match,false,true,_worktree/NumStability/Algorithms/LinearSystems/IterativeRefinement/Core.lean,,,,,,,unreviewed,
045daf28056a6e4358d5de7c22c7a9d7acc2e80e,NumStability.matLe,NumStability.Algorithms.LinearSystems.IterativeRefinement.Core,definition,0,0,,,false,,explicit_source_text_match,false,true,_worktree/NumStability/Algorithms/LinearSystems/IterativeRefinement/Core.lean,,,,,,,unreviewed,
045daf28056a6e4358d5de7c22c7a9d7acc2e80e,NumStability.r_hat_abs_bound,NumStability.Algorithms.LinearSystems.IterativeRefinement.Core,theorem,0,0,,,false,,explicit_source_text_match,false,true,_worktree/NumStability/Algorithms/LinearSystems/IterativeRefinement/Core.lean,,,,,,,unreviewed,
045daf28056a6e4358d5de7c22c7a9d7acc2e80e,NumStability.vecLe,NumStability.Algorithms.LinearSystems.IterativeRefinement.Core,definition,0,0,,,false,,explicit_source_text_match,false,true,_worktree/NumStability/Algorithms/LinearSystems/IterativeRefinement/Core.lean,,,,,,,unreviewed,
045daf28056a6e4358d5de7c22c7a9d7acc2e80e,NumStability.blockMul,NumStability.Algorithms.LinearSystems.LU.BlockLU.BlockMatrices,definition,0,0,,,false,,explicit_source_text_match,false,true,_worktree/NumStability/Algorithms/LinearSystems/LU/BlockLU/BlockMatrices.lean,,,,,,,unreviewed,
045daf28056a6e4358d5de7c22c7a9d7acc2e80e,NumStability.chiFactor,NumStability.Algorithms.LinearSystems.LU.NonsymmetricPositiveDefinite.Basic,definition,0,0,,,false,,explicit_source_text_match,false,true,_worktree/NumStability/Algorithms/LinearSystems/LU/NonsymmetricPositiveDefinite/Basic.lean,,,,,,,unreviewed,
045daf28056a6e4358d5de7c22c7a9d7acc2e80e,NumStability.gsScale,NumStability.Algorithms.LinearSystems.QR.GramSchmidt,definition,0,0,,,false,,explicit_source_text_match,false,true,_worktree/NumStability/Algorithms/LinearSystems/QR/GramSchmidt.lean,,,,,,,unreviewed,
045daf28056a6e4358d5de7c22c7a9d7acc2e80e,NumStability.gsSub,NumStability.Algorithms.LinearSystems.QR.GramSchmidt,definition,0,0,,,false,,explicit_source_text_match,false,true,_worktree/NumStability/Algorithms/LinearSystems/QR/GramSchmidt.lean,,,,,,,unreviewed,
045daf28056a6e4358d5de7c22c7a9d7acc2e80e,NumStability.not_forall_pos_implies_two_mul_mul_sq_lt_one,NumStability.Algorithms.LinearSystems.Triangular.InverseBounds,theorem,0,0,,,false,,explicit_source_text_match,false,true,_worktree/NumStability/Algorithms/LinearSystems/Triangular/InverseBounds.lean,,,,,,,unreviewed,
045daf28056a6e4358d5de7c22c7a9d7acc2e80e,NumStability.matMulMixedBackwardForwardFeasible,NumStability.Algorithms.MatMulBackwardError,definition,0,0,,,false,,explicit_source_text_match,false,true,_worktree/NumStability/Algorithms/MatMulBackwardError.lean,,,,,,,unreviewed,
045daf28056a6e4358d5de7c22c7a9d7acc2e80e,NumStability.ideal_left_residual,NumStability.Algorithms.MatrixInversion.Residuals.MatrixInversion,theorem,0,0,,,false,,explicit_source_text_match,false,true,_worktree/NumStability/Algorithms/MatrixInversion/Residuals/MatrixInversion.lean,,,,,,,unreviewed,
045daf28056a6e4358d5de7c22c7a9d7acc2e80e,NumStability.ideal_right_residual,NumStability.Algorithms.MatrixInversion.Residuals.MatrixInversion,theorem,0,0,,,false,,explicit_source_text_match,false,true,_worktree/NumStability/Algorithms/MatrixInversion/Residuals/MatrixInversion.lean,,,,,,,unreviewed,
045daf28056a6e4358d5de7c22c7a9d7acc2e80e,NumStability.norm_toLp_two_eq_sqrt_dotProduct,NumStability.Algorithms.Norm2,theorem,0,0,,,false,,explicit_source_text_match,false,true,_worktree/NumStability/Algorithms/Norm2.lean,,,,,,,unreviewed,
045daf28056a6e4358d5de7c22c7a9d7acc2e80e,NumStability.norm_toLp_two_nonneg,NumStability.Algorithms.Norm2,theorem,0,0,,,false,,explicit_source_text_match,false,true,_worktree/NumStability/Algorithms/Norm2.lean,,,,,,,unreviewed,
045daf28056a6e4358d5de7c22c7a9d7acc2e80e,NumStability.Ch15.rpow_one_sub_mul_rpow_sub_one,NumStability.Algorithms.NormEstimation.PNorm.Duality.BoydUniqueness,theorem,0,0,,,false,,explicit_source_text_match,false,true,_worktree/NumStability/Algorithms/NormEstimation/PNorm/Duality/BoydUniqueness.lean,,,,,,,unreviewed,
045daf28056a6e4358d5de7c22c7a9d7acc2e80e,NumStability.beneficialPowerEigenvalueDominant_display_accuracy,NumStability.Analysis.BeneficialRounding,theorem,0,0,,,false,,explicit_source_text_match,false,true,_worktree/NumStability/Analysis/BeneficialRounding.lean,,,,,,,unreviewed,
045daf28056a6e4358d5de7c22c7a9d7acc2e80e,NumStability.beneficialPowerEigenvalueSmall_display_accuracy,NumStability.Analysis.BeneficialRounding,theorem,0,0,,,false,,explicit_source_text_match,false,true,_worktree/NumStability/Analysis/BeneficialRounding.lean,,,,,,,unreviewed,
045daf28056a6e4358d5de7c22c7a9d7acc2e80e,NumStability.inverseIteration_shiftedInverse_amplification_abs_eq,NumStability.Analysis.BeneficialRounding,theorem,0,0,,,false,,explicit_source_text_match,false,true,_worktree/NumStability/Analysis/BeneficialRounding.lean,,,,,,,unreviewed,
045daf28056a6e4358d5de7c22c7a9d7acc2e80e,NumStability.inverseIteration_shiftedInverse_amplification_strict_of_abs_shift_lt,NumStability.Analysis.BeneficialRounding,theorem,0,0,,,false,,explicit_source_text_match,false,true,_worktree/NumStability/Analysis/BeneficialRounding.lean,,,,,,,unreviewed,
045daf28056a6e4358d5de7c22c7a9d7acc2e80e,NumStability.problem_1_3_sqrt_one_add_sub_one,NumStability.Analysis.FloatingPointArithmetic.TrigonometricCancellation.Core,theorem,0,0,,,false,,explicit_source_text_match,false,true,_worktree/NumStability/Analysis/FloatingPointArithmetic/TrigonometricCancellation/Core.lean,,,,,,,unreviewed,
045daf28056a6e4358d5de7c22c7a9d7acc2e80e,NumStability.problem2_11_decimalLeadingDigit_digit_between,NumStability.Analysis.LeadingDigits.Decimal,theorem,0,0,,,false,,explicit_source_text_match,false,true,_worktree/NumStability/Analysis/LeadingDigits/Decimal.lean,,,,,,,unreviewed,
045daf28056a6e4358d5de7c22c7a9d7acc2e80e,NumStability.norm_diag_schur_eq_rho,NumStability.Analysis.LinearOperators.MatrixPowers.Henrici.BinomialPowerBound,theorem,0,0,,,false,,explicit_source_text_match,false,true,_worktree/NumStability/Analysis/LinearOperators/MatrixPowers/Henrici/BinomialPowerBound.lean,,,,,,,unreviewed,
045daf28056a6e4358d5de7c22c7a9d7acc2e80e,NumStability.twoByTwo_max_rowSum_ge_of_trace_det,NumStability.Analysis.LinearOperators.MatrixPowers.Semiconvergence.PrimarySplitting,theorem,0,0,,,false,,explicit_source_text_match,false,true,_worktree/NumStability/Analysis/LinearOperators/MatrixPowers/Semiconvergence/PrimarySplitting.lean,,,,,,,unreviewed,
045daf28056a6e4358d5de7c22c7a9d7acc2e80e,NumStability.abs_sum_eq_sum_abs_of_nonpos_terms,NumStability.Analysis.MatrixAlgebra,theorem,0,0,,,false,,explicit_source_text_match,false,true,_worktree/NumStability/Analysis/MatrixAlgebra.lean,,,,,,,unreviewed,
045daf28056a6e4358d5de7c22c7a9d7acc2e80e,NumStability.fintype_card_product_grid_index,NumStability.Analysis.MatrixAlgebra,theorem,0,0,,,false,,explicit_source_text_match,false,true,_worktree/NumStability/Analysis/MatrixAlgebra.lean,,,,,,,unreviewed,
045daf28056a6e4358d5de7c22c7a9d7acc2e80e,NumStability.rectMatMul_entry_abs_sub_computed_le_of_component_sums,NumStability.Analysis.MatrixAlgebra,theorem,0,0,,,false,,explicit_source_text_match,false,true,_worktree/NumStability/Analysis/MatrixAlgebra.lean,,,,,,,unreviewed,
045daf28056a6e4358d5de7c22c7a9d7acc2e80e,NumStability.ne_forward_error_kappa_squared,NumStability.Analysis.Perturbation.LeastSquares.NormalEquations,theorem,0,0,,,false,,explicit_source_text_match,false,true,_worktree/NumStability/Analysis/Perturbation/LeastSquares/NormalEquations.lean,,,,,,,unreviewed,
045daf28056a6e4358d5de7c22c7a9d7acc2e80e,NumStability.higham20_wedin_solution_data_domain_null_decomposition,NumStability.Analysis.Perturbation.LeastSquares.Wedin,theorem,0,0,,,false,,explicit_source_text_match,false,true,_worktree/NumStability/Analysis/Perturbation/LeastSquares/Wedin.lean,,,,,,,unreviewed,
045daf28056a6e4358d5de7c22c7a9d7acc2e80e,NumStability.condComp,NumStability.Analysis.PerturbationTheory,definition,0,0,,,false,,explicit_source_text_match,false,true,_worktree/NumStability/Analysis/PerturbationTheory.lean,,,,,,,unreviewed,
045daf28056a6e4358d5de7c22c7a9d7acc2e80e,MeasureTheory.measure_eq_of_right_fiber_average,NumStability.Analysis.Probability.Haar.HomogeneousSpaceUniqueness,theorem,0,0,,,false,,explicit_source_text_match,false,true,_worktree/NumStability/Analysis/Probability/Haar/HomogeneousSpaceUniqueness.lean,,,,,,,unreviewed,
045daf28056a6e4358d5de7c22c7a9d7acc2e80e,NumStability.maxGenEigenspace_eq_eigenspace_of_isFinitelySemisimple,NumStability.Analysis.SemiconvergentSpectral,theorem,0,0,,,false,,explicit_source_text_match,false,true,_worktree/NumStability/Analysis/SemiconvergentSpectral.lean,,,,,,,unreviewed,
045daf28056a6e4358d5de7c22c7a9d7acc2e80e,NumStability.maxGenEigenspace_one_eq_eigenspace_of_isFinitelySemisimple,NumStability.Analysis.SemiconvergentSpectral,theorem,0,0,,,false,,explicit_source_text_match,false,true,_worktree/NumStability/Analysis/SemiconvergentSpectral.lean,,,,,,,unreviewed,
045daf28056a6e4358d5de7c22c7a9d7acc2e80e,NumStability.orbit_norm_tendsto_atTop_of_eigenvalue_norm_gt_one,NumStability.Analysis.SemiconvergentSpectral,theorem,0,0,,,false,,explicit_source_text_match,false,true,_worktree/NumStability/Analysis/SemiconvergentSpectral.lean,,,,,,,unreviewed,
045daf28056a6e4358d5de7c22c7a9d7acc2e80e,NumStability.prod_Ioi_succ_fin,NumStability.Analysis.TestMatrices.Cauchy.Cauchy,theorem,0,0,,,false,,explicit_source_text_match,false,true,_worktree/NumStability/Analysis/TestMatrices/Cauchy/Cauchy.lean,,,,,,,unreviewed,
045daf28056a6e4358d5de7c22c7a9d7acc2e80e,NumStability.cauchy_firstPivot_schur_entry,NumStability.Analysis.TestMatrices.Cauchy.Contracts,theorem,0,0,,,false,,explicit_source_text_match,false,true,_worktree/NumStability/Analysis/TestMatrices/Cauchy/Contracts.lean,,,,,,,unreviewed,
045daf28056a6e4358d5de7c22c7a9d7acc2e80e,NumStability.expm1Algorithm2_yhat_eq_one_implies_x_eq_neg_log_one_add_delta,NumStability.Source.Higham.Chapter01.FloatingPointArithmetic.CancellationOfRoundingErrors,theorem,0,0,,,false,,explicit_source_text_match,false,true,_worktree/NumStability/Source/Higham/Chapter01/FloatingPointArithmetic/CancellationOfRoundingErrors.lean,,,,,,,unreviewed,
045daf28056a6e4358d5de7c22c7a9d7acc2e80e,NumStability.expm1Page23_displayed_exact_arithmetic_ratio,NumStability.Source.Higham.Chapter01.FloatingPointArithmetic.CancellationOfRoundingErrors,theorem,0,0,,,false,,explicit_source_text_match,false,true,_worktree/NumStability/Source/Higham/Chapter01/FloatingPointArithmetic/CancellationOfRoundingErrors.lean,,,,,,,unreviewed,
045daf28056a6e4358d5de7c22c7a9d7acc2e80e,NumStability.expm1Page23_displayed_single_precision_ratio,NumStability.Source.Higham.Chapter01.FloatingPointArithmetic.CancellationOfRoundingErrors,theorem,0,0,,,false,,explicit_source_text_match,false,true,_worktree/NumStability/Source/Higham/Chapter01/FloatingPointArithmetic/CancellationOfRoundingErrors.lean,,,,,,,unreviewed,
045daf28056a6e4358d5de7c22c7a9d7acc2e80e,NumStability.problem_1_3_lawOfCosines_radicand_sub_rewrite,NumStability.Source.Higham.Chapter01.Problem03.CancellationRewrites.Algebra,theorem,0,0,,,false,,explicit_source_text_match,false,true,_worktree/NumStability/Source/Higham/Chapter01/Problem03/CancellationRewrites/Algebra.lean,,,,,,,unreviewed,
045daf28056a6e4358d5de7c22c7a9d7acc2e80e,NumStability.problem_1_3_one_sub_cos_div_sin,NumStability.Source.Higham.Chapter01.Problem03.CancellationRewrites.Algebra,theorem,0,0,,,false,,explicit_source_text_match,false,true,_worktree/NumStability/Source/Higham/Chapter01/Problem03/CancellationRewrites/Algebra.lean,,,,,,,unreviewed,
045daf28056a6e4358d5de7c22c7a9d7acc2e80e,NumStability.problem_1_3_sin_sub_sin,NumStability.Source.Higham.Chapter01.Problem03.CancellationRewrites.Algebra,theorem,0,0,,,false,,explicit_source_text_match,false,true,_worktree/NumStability/Source/Higham/Chapter01/Problem03/CancellationRewrites/Algebra.lean,,,,,,,unreviewed,
045daf28056a6e4358d5de7c22c7a9d7acc2e80e,NumStability.problem_1_3_sq_sub_sq,NumStability.Source.Higham.Chapter01.Problem03.CancellationRewrites.Algebra,theorem,0,0,,,false,,explicit_source_text_match,false,true,_worktree/NumStability/Source/Higham/Chapter01/Problem03/CancellationRewrites/Algebra.lean,,,,,,,unreviewed,
045daf28056a6e4358d5de7c22c7a9d7acc2e80e,NumStability.problem_1_6_5607_sq,NumStability.Source.Higham.Chapter01.Problem06.CalculatorWords.Basic,theorem,0,0,,,false,,explicit_source_text_match,false,true,_worktree/NumStability/Source/Higham/Chapter01/Problem06/CalculatorWords/Basic.lean,,,,,,,unreviewed,
045daf28056a6e4358d5de7c22c7a9d7acc2e80e,NumStability.problem_1_6_real_sqrt_31438449_eq_5607,NumStability.Source.Higham.Chapter01.Problem06.CalculatorWords.Basic,theorem,0,0,,,false,,explicit_source_text_match,false,true,_worktree/NumStability/Source/Higham/Chapter01/Problem06/CalculatorWords/Basic.lean,,,,,,,unreviewed,
045daf28056a6e4358d5de7c22c7a9d7acc2e80e,NumStability.problem2_11_factorialSample_card,NumStability.Source.Higham.Chapter02.Problem11,theorem,0,0,,,false,,explicit_source_text_match,false,true,_worktree/NumStability/Source/Higham/Chapter02/Problem11.lean,,,,,,,unreviewed,
045daf28056a6e4358d5de7c22c7a9d7acc2e80e,NumStability.problem2_11_factorialSample_index_between,NumStability.Source.Higham.Chapter02.Problem11,theorem,0,0,,,false,,explicit_source_text_match,false,true,_worktree/NumStability/Source/Higham/Chapter02/Problem11.lean,,,,,,,unreviewed,
045daf28056a6e4358d5de7c22c7a9d7acc2e80e,NumStability.problem2_11_powerSample_card,NumStability.Source.Higham.Chapter02.Problem11,theorem,0,0,,,false,,explicit_source_text_match,false,true,_worktree/NumStability/Source/Higham/Chapter02/Problem11.lean,,,,,,,unreviewed,
045daf28056a6e4358d5de7c22c7a9d7acc2e80e,NumStability.problem2_11_powerSample_index_le_1000,NumStability.Source.Higham.Chapter02.Problem11,theorem,0,0,,,false,,explicit_source_text_match,false,true,_worktree/NumStability/Source/Higham/Chapter02/Problem11.lean,,,,,,,unreviewed,
045daf28056a6e4358d5de7c22c7a9d7acc2e80e,NumStability.noGuardBinaryT3_exact_difference,NumStability.Source.Higham.Chapter02.Section04.NoGuardModel.BinaryT3Example,theorem,0,0,,,false,,explicit_source_text_match,false,true,_worktree/NumStability/Source/Higham/Chapter02/Section04/NoGuardModel/BinaryT3Example.lean,,,,,,,unreviewed,
045daf28056a6e4358d5de7c22c7a9d7acc2e80e,NumStability.noGuardBinaryT3_truncated_difference,NumStability.Source.Higham.Chapter02.Section04.NoGuardModel.BinaryT3Example,theorem,0,0,,,false,,explicit_source_text_match,false,true,_worktree/NumStability/Source/Higham/Chapter02/Section04/NoGuardModel/BinaryT3Example.lean,,,,,,,unreviewed,
045daf28056a6e4358d5de7c22c7a9d7acc2e80e,NumStability.noGuardBinaryT3_truncated_factor_two,NumStability.Source.Higham.Chapter02.Section04.NoGuardModel.BinaryT3Example,theorem,0,0,,,false,,explicit_source_text_match,false,true,_worktree/NumStability/Source/Higham/Chapter02/Section04/NoGuardModel/BinaryT3Example.lean,,,,,,,unreviewed,
045daf28056a6e4358d5de7c22c7a9d7acc2e80e,NumStability.division_eq_multiply_by_reciprocal,NumStability.Source.Higham.Chapter02.Section06.ReciprocalIteration.Basic,theorem,0,0,,,false,,explicit_source_text_match,false,true,_worktree/NumStability/Source/Higham/Chapter02/Section06/ReciprocalIteration/Basic.lean,,,,,,,unreviewed,
045daf28056a6e4358d5de7c22c7a9d7acc2e80e,NumStability.p91_runningErrorBudget_ranking,NumStability.Source.Higham.Chapter04.Equation05.OrderingExamples.Basic,theorem,0,0,,,false,,explicit_source_text_match,false,true,_worktree/NumStability/Source/Higham/Chapter04/Equation05/OrderingExamples/Basic.lean,,,,,,,unreviewed,
045daf28056a6e4358d5de7c22c7a9d7acc2e80e,NumStability.sum_orderedInput_eq_sum,NumStability.Source.Higham.Chapter04.Equation05.OrderingExamples.Basic,theorem,0,0,,,false,,explicit_source_text_match,false,true,_worktree/NumStability/Source/Higham/Chapter04/Equation05/OrderingExamples/Basic.lean,,,,,,,unreviewed,
045daf28056a6e4358d5de7c22c7a9d7acc2e80e,NumStability.correctionFormulaAbstractCounterexample_abs_order,NumStability.Source.Higham.Chapter04.Equation07.AbstractModelCounterexample,theorem,0,0,1674,161a4b9cac5d6d4802acfb15b97bb1cca51705d25249c567073fd4529a7ee3f9,false,,explicit_source_text_match,false,true,_worktree/NumStability/Source/Higham/Chapter04/Equation07/AbstractModelCounterexample.lean,,,,,,,unreviewed,
045daf28056a6e4358d5de7c22c7a9d7acc2e80e,NumStability.noGuardCorrectionFormulaCounterexample_abs_order,NumStability.Source.Higham.Chapter04.Equation07.NoGuardCounterexample,theorem,0,0,1674,161a4b9cac5d6d4802acfb15b97bb1cca51705d25249c567073fd4529a7ee3f9,false,,explicit_source_text_match,false,true,_worktree/NumStability/Source/Higham/Chapter04/Equation07/NoGuardCounterexample.lean,,,,,,,unreviewed,
045daf28056a6e4358d5de7c22c7a9d7acc2e80e,NumStability.insertionNearOneFour_exact_order,NumStability.Source.Higham.Chapter04.Section01.InsertionExamples,theorem,0,0,,,false,,explicit_source_text_match,false,true,_worktree/NumStability/Source/Higham/Chapter04/Section01/InsertionExamples.lean,,,,,,,unreviewed,
045daf28056a6e4358d5de7c22c7a9d7acc2e80e,NumStability.insertionPowersFour_exact_order,NumStability.Source.Higham.Chapter04.Section01.InsertionExamples,theorem,0,0,,,false,,explicit_source_text_match,false,true,_worktree/NumStability/Source/Higham/Chapter04/Section01/InsertionExamples.lean,,,,,,,unreviewed,
045daf28056a6e4358d5de7c22c7a9d7acc2e80e,NumStability.HighamChapter4KaoWang.IsThreePartitionInstance,NumStability.Source.Higham.Chapter04.Section02.KaoWangCitationDiscrepancy,definition,0,0,,,false,,explicit_source_text_match,false,true,_worktree/NumStability/Source/Higham/Chapter04/Section02/KaoWangCitationDiscrepancy.lean,,,,,,,unreviewed,
045daf28056a6e4358d5de7c22c7a9d7acc2e80e,NumStability.higham6_euclideanNorm_hasFDerivAt_of_ne_zero,NumStability.Source.Higham.Chapter06.Asides.EuclideanNormDifferentiability,theorem,0,0,,,false,,explicit_source_text_match,false,true,_worktree/NumStability/Source/Higham/Chapter06/Asides/EuclideanNormDifferentiability.lean,,,,,,,unreviewed,
045daf28056a6e4358d5de7c22c7a9d7acc2e80e,NumStability.higham6_euclideanNorm_not_differentiableAt_zero,NumStability.Source.Higham.Chapter06.Asides.EuclideanNormDifferentiability,theorem,0,0,,,false,,explicit_source_text_match,false,true,_worktree/NumStability/Source/Higham/Chapter06/Asides/EuclideanNormDifferentiability.lean,,,,,,,unreviewed,
045daf28056a6e4358d5de7c22c7a9d7acc2e80e,NumStability.higham6_dual_of_dual_norm_eq_original,NumStability.Source.Higham.Chapter06.Equation02,theorem,0,0,,,false,,explicit_source_text_match,false,true,_worktree/NumStability/Source/Higham/Chapter06/Equation02.lean,,,,,,,unreviewed,
045daf28056a6e4358d5de7c22c7a9d7acc2e80e,NumStability.ch7_exists_irreducible_pow_sum_pos,NumStability.Source.Higham.Chapter07.LinearSystemsConditioning.Problem10Bauer.Part02,theorem,0,0,,,false,,explicit_source_text_match,false,true,_worktree/NumStability/Source/Higham/Chapter07/LinearSystemsConditioning/Problem10Bauer/Part02.lean,,,,,,,unreviewed,
045daf28056a6e4358d5de7c22c7a9d7acc2e80e,NumStability.higham8_6_diagDominantLower,NumStability.Source.Higham.Chapter08.Section02.ForwardErrorAnalysis.ComparisonBoundsPrelude,definition,0,0,,,false,,explicit_source_text_match,false,true,_worktree/NumStability/Source/Higham/Chapter08/Section02/ForwardErrorAnalysis/ComparisonBoundsPrelude.lean,,,,,,,unreviewed,
045daf28056a6e4358d5de7c22c7a9d7acc2e80e,NumStability.higham9_3_outputOnlyCompression_fails_under_cancellation,NumStability.Source.Higham.Chapter09.DoolittleClosure,theorem,0,0,,,false,,explicit_source_text_match,false,true,_worktree/NumStability/Source/Higham/Chapter09/DoolittleClosure.lean,,,,,,,unreviewed,
045daf28056a6e4358d5de7c22c7a9d7acc2e80e,NumStability.higham9_7_rectangular_submatrix_count_with_empty,NumStability.Source.Higham.Chapter09.Problems,theorem,0,0,,,false,,explicit_source_text_match,false,true,_worktree/NumStability/Source/Higham/Chapter09/Problems.lean,,,,,,,unreviewed,
045daf28056a6e4358d5de7c22c7a9d7acc2e80e,NumStability.higham9_7_square_submatrix_count_with_empty,NumStability.Source.Higham.Chapter09.Problems,theorem,0,0,,,false,,explicit_source_text_match,false,true,_worktree/NumStability/Source/Higham/Chapter09/Problems.lean,,,,,,,unreviewed,
045daf28056a6e4358d5de7c22c7a9d7acc2e80e,NumStability.higham9_15_upper_firstColumn_tail_zero,NumStability.Source.Higham.Chapter09.Section11,theorem,0,0,,,false,,explicit_source_text_match,false,true,_worktree/NumStability/Source/Higham/Chapter09/Section11.lean,,,,,,,unreviewed,
045daf28056a6e4358d5de7c22c7a9d7acc2e80e,NumStability.higham10_11_firstOrder_eq_WtW,NumStability.Source.Higham.Chapter10.Lemma11.PivotSequenceStability.Endpoints,theorem,0,0,,,false,,explicit_source_text_match,false,true,_worktree/NumStability/Source/Higham/Chapter10/Lemma11/PivotSequenceStability/Endpoints.lean,,,,,,,unreviewed,
045daf28056a6e4358d5de7c22c7a9d7acc2e80e,NumStability.higham10_13_completePivotingInequality,NumStability.Source.Higham.Chapter10.Lemma13.KahanSharpness.Endpoints,definition,0,0,,,false,,explicit_source_text_match,false,true,_worktree/NumStability/Source/Higham/Chapter10/Lemma13/KahanSharpness/Endpoints.lean,,,,,,,unreviewed,
045daf28056a6e4358d5de7c22c7a9d7acc2e80e,NumStability.higham10_12_outerProductResidual,NumStability.Source.Higham.Chapter10.Section03.PositiveSemidefinite.Endpoints,definition,0,0,,,false,,explicit_source_text_match,false,true,_worktree/NumStability/Source/Higham/Chapter10/Section03/PositiveSemidefinite/Endpoints.lean,,,,,,,unreviewed,
045daf28056a6e4358d5de7c22c7a9d7acc2e80e,NumStability.higham10_9_vanDerSluisScalingBound,NumStability.Source.Higham.Chapter10.Section03.PositiveSemidefinite.Endpoints,definition,0,0,,,false,,explicit_source_text_match,false,true,_worktree/NumStability/Source/Higham/Chapter10/Section03/PositiveSemidefinite/Endpoints.lean,,,,,,,unreviewed,
045daf28056a6e4358d5de7c22c7a9d7acc2e80e,NumStability.Ch11Closure.AasenAdjacentOperational.dgttrfNoSwap_combined_residual_identity,NumStability.Source.Higham.Chapter11.AasenAdjacentPivotOperationalMiddle,theorem,0,0,,,false,,explicit_source_text_match,false,true,_worktree/NumStability/Source/Higham/Chapter11/AasenAdjacentPivotOperationalMiddle.lean,,,,,,,unreviewed,
045daf28056a6e4358d5de7c22c7a9d7acc2e80e,NumStability.Ch11Closure.AasenAdjacentOperational.dgttrfSwap_combined_residual_identity,NumStability.Source.Higham.Chapter11.AasenAdjacentPivotOperationalMiddle,theorem,0,0,,,false,,explicit_source_text_match,false,true,_worktree/NumStability/Source/Higham/Chapter11/AasenAdjacentPivotOperationalMiddle.lean,,,,,,,unreviewed,
045daf28056a6e4358d5de7c22c7a9d7acc2e80e,NumStability.higham11_problem_11_2_det_negative_of_pivot_bound,NumStability.Source.Higham.Chapter11.Problems,theorem,0,0,,,false,,explicit_source_text_match,false,true,_worktree/NumStability/Source/Higham/Chapter11/Problems.lean,,,,,,,unreviewed,
045daf28056a6e4358d5de7c22c7a9d7acc2e80e,NumStability.higham11_problem_11_2_inertiaFormula,NumStability.Source.Higham.Chapter11.Problems,definition,0,0,,,false,,explicit_source_text_match,false,true,_worktree/NumStability/Source/Higham/Chapter11/Problems.lean,,,,,,,unreviewed,
045daf28056a6e4358d5de7c22c7a9d7acc2e80e,NumStability.higham11_problem_11_4_spdPartialPivotingOutcome,NumStability.Source.Higham.Chapter11.Problems,definition,0,0,,,false,,explicit_source_text_match,false,true,_worktree/NumStability/Source/Higham/Chapter11/Problems.lean,,,,,,,unreviewed,
045daf28056a6e4358d5de7c22c7a9d7acc2e80e,NumStability.higham11_problem_11_7_modifiedOmega_second_test_from_spd_minor,NumStability.Source.Higham.Chapter11.Problems,theorem,0,0,,,false,,explicit_source_text_match,false,true,_worktree/NumStability/Source/Higham/Chapter11/Problems.lean,,,,,,,unreviewed,
045daf28056a6e4358d5de7c22c7a9d7acc2e80e,NumStability.higham11_3_symmetricSchurComplement,NumStability.Source.Higham.Chapter11.Section01.Basic,definition,0,0,,,false,,explicit_source_text_match,false,true,_worktree/NumStability/Source/Higham/Chapter11/Section01/Basic.lean,,,,,,,unreviewed,
045daf28056a6e4358d5de7c22c7a9d7acc2e80e,NumStability.higham11_7_forwardErrorBound,NumStability.Source.Higham.Chapter11.Section01.RookPivoting,definition,0,0,,,false,,explicit_source_text_match,false,true,_worktree/NumStability/Source/Higham/Chapter11/Section01/RookPivoting.lean,,,,,,,unreviewed,
045daf28056a6e4358d5de7c22c7a9d7acc2e80e,NumStability.higham11_8_aasenGrowthBound_rhs_nonneg,NumStability.Source.Higham.Chapter11.Section02.Aasen,theorem,0,0,,,false,,explicit_source_text_match,false,true,_worktree/NumStability/Source/Higham/Chapter11/Section02/Aasen.lean,,,,,,,unreviewed,
045daf28056a6e4358d5de7c22c7a9d7acc2e80e,NumStability.higham11_8_aasen_backward_error_interface,NumStability.Source.Higham.Chapter11.Section02.Aasen,theorem,0,0,,,false,,explicit_source_text_match,false,true,_worktree/NumStability/Source/Higham/Chapter11/Section02/Aasen.lean,,,,,,,unreviewed,
045daf28056a6e4358d5de7c22c7a9d7acc2e80e,NumStability.higham11_9_skew_L_entry_bound_interface,NumStability.Source.Higham.Chapter11.Section03.SkewSymmetric,theorem,0,0,,,false,,explicit_source_text_match,false,true,_worktree/NumStability/Source/Higham/Chapter11/Section03/SkewSymmetric.lean,,,,,,,unreviewed,
045daf28056a6e4358d5de7c22c7a9d7acc2e80e,NumStability.correction_scalar_bound,NumStability.Source.Higham.Chapter12.IterativeRefinement.LegacyChapter11Surface,theorem,0,0,,,false,,explicit_source_text_match,false,true,_worktree/NumStability/Source/Higham/Chapter12/IterativeRefinement/LegacyChapter11Surface.lean,,,,,,,unreviewed,
045daf28056a6e4358d5de7c22c7a9d7acc2e80e,NumStability.nonneg_mat_vec_mono,NumStability.Source.Higham.Chapter12.IterativeRefinement.LegacyChapter11Surface,theorem,0,0,,,false,,explicit_source_text_match,false,true,_worktree/NumStability/Source/Higham/Chapter12/IterativeRefinement/LegacyChapter11Surface.lean,,,,,,,unreviewed,
045daf28056a6e4358d5de7c22c7a9d7acc2e80e,NumStability.solver_Ad_bound,NumStability.Source.Higham.Chapter12.IterativeRefinement.LegacyChapter11Surface,theorem,0,0,,,false,,explicit_source_text_match,false,true,_worktree/NumStability/Source/Higham/Chapter12/IterativeRefinement/LegacyChapter11Surface.lean,,,,,,,unreviewed,
045daf28056a6e4358d5de7c22c7a9d7acc2e80e,NumStability.higham12_7_initialResidualBound,NumStability.Source.Higham.Chapter12.IterativeRefinement.Results.Theorems,definition,0,0,,,false,,explicit_source_text_match,false,true,_worktree/NumStability/Source/Higham/Chapter12/IterativeRefinement/Results/Theorems.lean,,,,,,,unreviewed,
045daf28056a6e4358d5de7c22c7a9d7acc2e80e,NumStability.higham12_8_residualComputationBound,NumStability.Source.Higham.Chapter12.IterativeRefinement.Results.Theorems,definition,0,0,,,false,,explicit_source_text_match,false,true,_worktree/NumStability/Source/Higham/Chapter12/IterativeRefinement/Results/Theorems.lean,,,,,,,unreviewed,
045daf28056a6e4358d5de7c22c7a9d7acc2e80e,NumStability.higham12_problem12_2_two_step_recurrence,NumStability.Source.Higham.Chapter12.Problem02,theorem,0,0,,,false,,explicit_source_text_match,false,true,_worktree/NumStability/Source/Higham/Chapter12/Problem02.lean,,,,,,,unreviewed,
045daf28056a6e4358d5de7c22c7a9d7acc2e80e,NumStability.higham13_algorithm13_1_schur_complement_eq,NumStability.Source.Higham.Chapter13.Algorithm01,theorem,0,0,,,false,,explicit_source_text_match,false,true,_worktree/NumStability/Source/Higham/Chapter13/Algorithm01.lean,,,,,,,unreviewed,
045daf28056a6e4358d5de7c22c7a9d7acc2e80e,NumStability.higham13_algorithm13_3_block_lu_reconstructs,NumStability.Source.Higham.Chapter13.Algorithm03,theorem,0,0,,,false,,explicit_source_text_match,false,true,_worktree/NumStability/Source/Higham/Chapter13/Algorithm03.lean,,,,,,,unreviewed,
045daf28056a6e4358d5de7c22c7a9d7acc2e80e,NumStability.higham13_eq13_1_partitioned_outer_product_lu,NumStability.Source.Higham.Chapter13.Equation01,theorem,0,0,,,false,,explicit_source_text_match,false,true,_worktree/NumStability/Source/Higham/Chapter13/Equation01.lean,,,,,,,unreviewed,
045daf28056a6e4358d5de7c22c7a9d7acc2e80e,NumStability.higham13_eq13_2_block_lu_step,NumStability.Source.Higham.Chapter13.Equation02,theorem,0,0,,,false,,explicit_source_text_match,false,true,_worktree/NumStability/Source/Higham/Chapter13/Equation02.lean,,,,,,,unreviewed,
045daf28056a6e4358d5de7c22c7a9d7acc2e80e,NumStability.higham13_eq13_3_recursive_partitioned_lu,NumStability.Source.Higham.Chapter13.Equation03,theorem,0,0,,,false,,explicit_source_text_match,false,true,_worktree/NumStability/Source/Higham/Chapter13/Equation03.lean,,,,,,,unreviewed,
045daf28056a6e4358d5de7c22c7a9d7acc2e80e,NumStability.norm_block_sum_bound,NumStability.Source.Higham.Chapter13.Equation19,theorem,0,0,,,false,,explicit_source_text_match,false,true,_worktree/NumStability/Source/Higham/Chapter13/Equation19.lean,,,,,,,unreviewed,
045daf28056a6e4358d5de7c22c7a9d7acc2e80e,NumStability.block_lu_normU_bound,NumStability.Source.Higham.Chapter13.Equation21,theorem,0,0,,,false,,explicit_source_text_match,false,true,_worktree/NumStability/Source/Higham/Chapter13/Equation21.lean,,,,,,,unreviewed,
045daf28056a6e4358d5de7c22c7a9d7acc2e80e,NumStability.block_lu_normLU_bound_general,NumStability.Source.Higham.Chapter13.Equation22,theorem,0,0,,,false,,explicit_source_text_match,false,true,_worktree/NumStability/Source/Higham/Chapter13/Equation22.lean,,,,,,,unreviewed,
045daf28056a6e4358d5de7c22c7a9d7acc2e80e,NumStability.spd_backward_error_bound,NumStability.Source.Higham.Chapter13.Equation25.BackwardError.Bounds,theorem,0,0,,,false,,explicit_source_text_match,false,true,_worktree/NumStability/Source/Higham/Chapter13/Equation25/BackwardError/Bounds.lean,,,,,,,unreviewed,
045daf28056a6e4358d5de7c22c7a9d7acc2e80e,NumStability.spd_backward_error_bound_higham_13_25,NumStability.Source.Higham.Chapter13.Equation25.BackwardError.Bounds,theorem,0,0,,,false,,explicit_source_text_match,false,true,_worktree/NumStability/Source/Higham/Chapter13/Equation25/BackwardError/Bounds.lean,,,,,,,unreviewed,
045daf28056a6e4358d5de7c22c7a9d7acc2e80e,NumStability.higham13_lemma13_9_conditional_bound,NumStability.Source.Higham.Chapter13.Lemma09,theorem,0,0,,,false,,explicit_source_text_match,false,true,_worktree/NumStability/Source/Higham/Chapter13/Lemma09.lean,,,,,,,unreviewed,
045daf28056a6e4358d5de7c22c7a9d7acc2e80e,NumStability.higham13_lemma13_10_conditional_bound,NumStability.Source.Higham.Chapter13.Lemma10.ConditionNumber,theorem,0,0,,,false,,explicit_source_text_match,false,true,_worktree/NumStability/Source/Higham/Chapter13/Lemma10/ConditionNumber.lean,,,,,,,unreviewed,
045daf28056a6e4358d5de7c22c7a9d7acc2e80e,NumStability.higham13_spd_symmetric_partition_isSymm,NumStability.Source.Higham.Chapter13.Lemma10.SchurComplement,theorem,0,0,,,false,,explicit_source_text_match,false,true,_worktree/NumStability/Source/Higham/Chapter13/Lemma10/SchurComplement.lean,,,,,,,unreviewed,
045daf28056a6e4358d5de7c22c7a9d7acc2e80e,NumStability.higham13_problem13_1_column_step_bounds,NumStability.Source.Higham.Chapter13.Problem01,theorem,0,0,,,false,,explicit_source_text_match,false,true,_worktree/NumStability/Source/Higham/Chapter13/Problem01.lean,,,,,,,unreviewed,
045daf28056a6e4358d5de7c22c7a9d7acc2e80e,NumStability.higham13_problem13_1_row_step_bounds,NumStability.Source.Higham.Chapter13.Problem01,theorem,0,0,,,false,,explicit_source_text_match,false,true,_worktree/NumStability/Source/Higham/Chapter13/Problem01.lean,,,,,,,unreviewed,
045daf28056a6e4358d5de7c22c7a9d7acc2e80e,NumStability.higham13_problem13_6_multiple_rhs_residual_identity,NumStability.Source.Higham.Chapter13.Problem06,theorem,0,0,,,false,,explicit_source_text_match,false,true,_worktree/NumStability/Source/Higham/Chapter13/Problem06.lean,,,,,,,unreviewed,
045daf28056a6e4358d5de7c22c7a9d7acc2e80e,NumStability.higham13_problem13_7_det_commuting_AC,NumStability.Source.Higham.Chapter13.Problem07,theorem,0,0,,,false,,explicit_source_text_match,false,true,_worktree/NumStability/Source/Higham/Chapter13/Problem07.lean,,,,,,,unreviewed,
045daf28056a6e4358d5de7c22c7a9d7acc2e80e,NumStability.higham13_problem13_7_det_schur,NumStability.Source.Higham.Chapter13.Problem07,theorem,0,0,,,false,,explicit_source_text_match,false,true,_worktree/NumStability/Source/Higham/Chapter13/Problem07.lean,,,,,,,unreviewed,
045daf28056a6e4358d5de7c22c7a9d7acc2e80e,NumStability.higham13_problem13_9_resolvent_identity,NumStability.Source.Higham.Chapter13.Problem09,theorem,0,0,,,false,,explicit_source_text_match,false,true,_worktree/NumStability/Source/Higham/Chapter13/Problem09.lean,,,,,,,unreviewed,
045daf28056a6e4358d5de7c22c7a9d7acc2e80e,NumStability.higham13_problem13_9_sherman_morrison_woodbury,NumStability.Source.Higham.Chapter13.Problem09,theorem,0,0,,,false,,explicit_source_text_match,false,true,_worktree/NumStability/Source/Higham/Chapter13/Problem09.lean,,,,,,,unreviewed,
045daf28056a6e4358d5de7c22c7a9d7acc2e80e,NumStability.block_lu_stability_block_diagDom_col,NumStability.Source.Higham.Chapter13.Table01.DiagonalDominance.Bounds,theorem,0,0,,,false,,explicit_source_text_match,false,true,_worktree/NumStability/Source/Higham/Chapter13/Table01/DiagonalDominance/Bounds.lean,,,,,,,unreviewed,
045daf28056a6e4358d5de7c22c7a9d7acc2e80e,NumStability.block_lu_stability_block_diagDom_row,NumStability.Source.Higham.Chapter13.Table01.DiagonalDominance.Bounds,theorem,0,0,,,false,,explicit_source_text_match,false,true,_worktree/NumStability/Source/Higham/Chapter13/Table01/DiagonalDominance/Bounds.lean,,,,,,,unreviewed,
045daf28056a6e4358d5de7c22c7a9d7acc2e80e,NumStability.block_lu_stability_point_diagDom_row,NumStability.Source.Higham.Chapter13.Table01.DiagonalDominance.Bounds,theorem,0,0,,,false,,explicit_source_text_match,false,true,_worktree/NumStability/Source/Higham/Chapter13/Table01/DiagonalDominance/Bounds.lean,,,,,,,unreviewed,
045daf28056a6e4358d5de7c22c7a9d7acc2e80e,NumStability.block_lu_stability_spd,NumStability.Source.Higham.Chapter13.Table01.DiagonalDominance.Bounds,theorem,0,0,,,false,,explicit_source_text_match,false,true,_worktree/NumStability/Source/Higham/Chapter13/Table01/DiagonalDominance/Bounds.lean,,,,,,,unreviewed,
045daf28056a6e4358d5de7c22c7a9d7acc2e80e,NumStability.higham13_col_bdd_infNorm_stability_bound,NumStability.Source.Higham.Chapter13.Table01.DiagonalDominance.Bounds,theorem,0,0,,,false,,explicit_source_text_match,false,true,_worktree/NumStability/Source/Higham/Chapter13/Table01/DiagonalDominance/Bounds.lean,,,,,,,unreviewed,
045daf28056a6e4358d5de7c22c7a9d7acc2e80e,NumStability.higham13_col_bdd_oneNorm_stability_bound,NumStability.Source.Higham.Chapter13.Table01.DiagonalDominance.Bounds,theorem,0,0,,,false,,explicit_source_text_match,false,true,_worktree/NumStability/Source/Higham/Chapter13/Table01/DiagonalDominance/Bounds.lean,,,,,,,unreviewed,
045daf28056a6e4358d5de7c22c7a9d7acc2e80e,NumStability.block_lu_solve_backward_error,NumStability.Source.Higham.Chapter13.Theorem06.AssumptionModel,theorem,0,0,,,false,,explicit_source_text_match,false,true,_worktree/NumStability/Source/Higham/Chapter13/Theorem06/AssumptionModel.lean,,,,,,,unreviewed,
045daf28056a6e4358d5de7c22c7a9d7acc2e80e,NumStability.higham13_theorem13_6_eq13_16_from_factor_solve_estimates,NumStability.Source.Higham.Chapter13.Theorem06.AssumptionModel,theorem,0,0,,,false,,explicit_source_text_match,false,true,_worktree/NumStability/Source/Higham/Chapter13/Theorem06/AssumptionModel.lean,,,,,,,unreviewed,
045daf28056a6e4358d5de7c22c7a9d7acc2e80e,NumStability.higham14_problem14_15_eps_lt_one_not_sufficient_for_product_guard,NumStability.Source.Higham.Chapter14.Problem15.DeterminantPerturbation.MatrixInversion,theorem,0,0,,,false,,explicit_source_text_match,false,true,_worktree/NumStability/Source/Higham/Chapter14/Problem15/DeterminantPerturbation/MatrixInversion.lean,,,,,,,unreviewed,
045daf28056a6e4358d5de7c22c7a9d7acc2e80e,NumStability.Ch14Ext.ch14ext_problem14_15_printed_guard_scalar_counterexample,NumStability.Source.Higham.Chapter14.Problem15.SingularValueGuards.DeterminantSignAndRelativeBounds,theorem,0,0,,,false,,explicit_source_text_match,false,true,_worktree/NumStability/Source/Higham/Chapter14/Problem15/SingularValueGuards/DeterminantSignAndRelativeBounds.lean,,,,,,,unreviewed,
045daf28056a6e4358d5de7c22c7a9d7acc2e80e,NumStability.Ch15.strictMaximum_does_not_imply_negative_quadratic_term,NumStability.Source.Higham.Chapter15.Section02.Boyd.Corrections.BoydLocal,theorem,0,0,,,false,,explicit_source_text_match,false,true,_worktree/NumStability/Source/Higham/Chapter15/Section02/Boyd/Corrections/BoydLocal.lean,,,,,,,unreviewed,
045daf28056a6e4358d5de7c22c7a9d7acc2e80e,NumStability.higham18_eq18_6_nilpotent_eventual_correction,NumStability.Source.Higham.Chapter18.Section01.MatrixPowerBounds.NamedBounds.Gautschi,theorem,0,0,,,false,,explicit_source_text_match,false,true,_worktree/NumStability/Source/Higham/Chapter18/Section01/MatrixPowerBounds/NamedBounds/Gautschi.lean,,,,,,,unreviewed,
045daf28056a6e4358d5de7c22c7a9d7acc2e80e,NumStability.Wave13.TouchedBy,NumStability.Source.Higham.Chapter19.Lemma09.DisjointSweep,definition,0,0,,,false,,explicit_source_text_match,false,true,_worktree/NumStability/Source/Higham/Chapter19/Lemma09/DisjointSweep.lean,,,,,,,unreviewed,
045daf28056a6e4358d5de7c22c7a9d7acc2e80e,NumStability.Wave19.telescoped_stage_sum_bound,NumStability.Source.Higham.Chapter19.Theorem06.CoxHigham,theorem,0,0,,,false,,explicit_source_text_match,false,true,_worktree/NumStability/Source/Higham/Chapter19/Theorem06/CoxHigham.lean,,,,,,,unreviewed,
045daf28056a6e4358d5de7c22c7a9d7acc2e80e,NumStability.Wave18C.theorem19_6_printed_row_specific_residual,NumStability.Source.Higham.Chapter19.Theorem06.ElementwisePackaged,theorem,0,0,,,false,,explicit_source_text_match,false,true,_worktree/NumStability/Source/Higham/Chapter19/Theorem06/ElementwisePackaged.lean,,,,,,,unreviewed,
045daf28056a6e4358d5de7c22c7a9d7acc2e80e,NumStability.higham20CrossProductExample_epsilon_pos,NumStability.Source.Higham.Chapter20.Examples.CrossProduct,theorem,0,0,,,false,,explicit_source_text_match,false,true,_worktree/NumStability/Source/Higham/Chapter20/Examples/CrossProduct.lean,,,,,,,unreviewed,
045daf28056a6e4358d5de7c22c7a9d7acc2e80e,NumStability.Theorem20_3_ZeroDeltaB.topTop,NumStability.Source.Higham.Chapter20.Theorem03.ZeroDeltaB,definition,0,0,,,false,,explicit_source_text_match,false,true,_worktree/NumStability/Source/Higham/Chapter20/Theorem03/ZeroDeltaB.lean,,,,,,,unreviewed,
045daf28056a6e4358d5de7c22c7a9d7acc2e80e,NumStability.Theorem20_7.pivotPositionFactor_not_le_sourceColumnFactor_forall,NumStability.Source.Higham.Chapter20.Theorem07.Core.Results,theorem,0,0,,,false,,explicit_source_text_match,false,true,_worktree/NumStability/Source/Higham/Chapter20/Theorem07/Core/Results.lean,,,,,,,unreviewed,
045daf28056a6e4358d5de7c22c7a9d7acc2e80e,NumStability.Ch22B.ch22b_residual_accuracy_alone_not_contraction,NumStability.Source.Higham.Chapter22.Section03.RealRefinement,theorem,0,0,,,false,,explicit_source_text_match,false,true,_worktree/NumStability/Source/Higham/Chapter22/Section03/RealRefinement.lean,,,,,,,unreviewed,
045daf28056a6e4358d5de7c22c7a9d7acc2e80e,NumStability.higham22VandermondeLike,NumStability.Source.Higham.Chapter22.VandermondeSystems,definition,0,0,,,false,,explicit_source_text_match,false,true,_worktree/NumStability/Source/Higham/Chapter22/VandermondeSystems.lean,,,,,,,unreviewed,
045daf28056a6e4358d5de7c22c7a9d7acc2e80e,NumStability.higham23_problem23_8_power_exponent,NumStability.Source.Higham.Chapter23.Problem08,theorem,0,0,,,false,,explicit_source_text_match,false,true,_worktree/NumStability/Source/Higham/Chapter23/Problem08.lean,,,,,,,unreviewed,
045daf28056a6e4358d5de7c22c7a9d7acc2e80e,NumStability.higham25AdditionErrorBound,NumStability.Source.Higham.Chapter25.NonlinearSystems,definition,0,0,,,false,,explicit_source_text_match,false,true,_worktree/NumStability/Source/Higham/Chapter25/NonlinearSystems.lean,,,,,,,unreviewed,
045daf28056a6e4358d5de7c22c7a9d7acc2e80e,NumStability.higham25Eq25_13Parameterized,NumStability.Source.Higham.Chapter25.NonlinearSystems,definition,0,0,,,false,,explicit_source_text_match,false,true,_worktree/NumStability/Source/Higham/Chapter25/NonlinearSystems.lean,,,,,,,unreviewed,
045daf28056a6e4358d5de7c22c7a9d7acc2e80e,NumStability.higham25JacobianErrorBound,NumStability.Source.Higham.Chapter25.NonlinearSystems,definition,0,0,,,false,,explicit_source_text_match,false,true,_worktree/NumStability/Source/Higham/Chapter25/NonlinearSystems.lean,,,,,,,unreviewed,
045daf28056a6e4358d5de7c22c7a9d7acc2e80e,NumStability.higham25PerturbedSolutionPredicate,NumStability.Source.Higham.Chapter25.NonlinearSystems,definition,0,0,,,false,,explicit_source_text_match,false,true,_worktree/NumStability/Source/Higham/Chapter25/NonlinearSystems.lean,,,,,,,unreviewed,
045daf28056a6e4358d5de7c22c7a9d7acc2e80e,NumStability.higham25ResidualErrorBound,NumStability.Source.Higham.Chapter25.NonlinearSystems,definition,0,0,,,false,,explicit_source_text_match,false,true,_worktree/NumStability/Source/Higham/Chapter25/NonlinearSystems.lean,,,,,,,unreviewed,
045daf28056a6e4358d5de7c22c7a9d7acc2e80e,NumStability.higham25_eq25_11_first_order,NumStability.Source.Higham.Chapter25.NonlinearSystems,theorem,0,0,,,false,,explicit_source_text_match,false,true,_worktree/NumStability/Source/Higham/Chapter25/NonlinearSystems.lean,,,,,,,unreviewed,
045daf28056a6e4358d5de7c22c7a9d7acc2e80e,NumStability.higham25_problem25_1_fixed_point,NumStability.Source.Higham.Chapter25.Problem01,theorem,0,0,,,false,,explicit_source_text_match,false,true,_worktree/NumStability/Source/Higham/Chapter25/Problem01.lean,,,,,,,unreviewed,
045daf28056a6e4358d5de7c22c7a9d7acc2e80e,NumStability.integrable_standardGaussianVectorDensity,NumStability.Source.Higham.Chapter28.Section02.RealGinibre.ProbabilityLaw.GinibreJointDensity,theorem,0,0,,,false,,explicit_source_text_match,false,true,_worktree/NumStability/Source/Higham/Chapter28/Section02/RealGinibre/ProbabilityLaw/GinibreJointDensity.lean,,,,,,,unreviewed,
045daf28056a6e4358d5de7c22c7a9d7acc2e80e,Finsupp.finsetSum_apply,NumStability.Upstream.Lindemann.MonoidAlgebraCompat,theorem,0,0,,,false,,nonreserved_unknown,false,false,,,,,,,,unreviewed,
045daf28056a6e4358d5de7c22c7a9d7acc2e80e,Fin.castAdd.eq_1,NumStability.Algorithms.LinearSystems.LeastSquares.Equality.GQR,theorem,0,0,,,true,Fin.castAdd,compiler_reserved,true,false,,,,,,,,unreviewed,
045daf28056a6e4358d5de7c22c7a9d7acc2e80e,Matrix.kroneckerMap.eq_1,NumStability.Algorithms.MatrixEquations.Sylvester.Equation.VectorizationIdentities.KroneckerPermutation,theorem,0,0,,,true,Matrix.kroneckerMap,compiler_reserved,true,false,,,,,,,,unreviewed,
045daf28056a6e4358d5de7c22c7a9d7acc2e80e,Function.Embedding.toEquivRange.eq_1,NumStability.Analysis.SingularValues.Basic,theorem,0,0,,,true,Function.Embedding.toEquivRange,compiler_reserved,true,false,,,,,,,,unreviewed,
045daf28056a6e4358d5de7c22c7a9d7acc2e80e,basisOfOrthonormalOfCardEqFinrank.congr_simp,NumStability.Analysis.SingularValues.Basic,theorem,0,0,,,true,,compiler_reserved,true,false,,,,,,,,unreviewed,
045daf28056a6e4358d5de7c22c7a9d7acc2e80e,finSumEquivOfFinset.congr_simp,NumStability.Analysis.TestMatrices.Pascal.PascalDualFlag,theorem,0,0,,,true,,compiler_reserved,true,false,,,,,,,,unreviewed,
045daf28056a6e4358d5de7c22c7a9d7acc2e80e,Batteries.RBMap.toList.eq_1,NumStability.Source.Higham.Chapter04.Equation05.OrderingExamples.Basic,theorem,0,0,,,true,Batteries.RBMap.toList,compiler_reserved,true,false,,,,,,,,unreviewed,
045daf28056a6e4358d5de7c22c7a9d7acc2e80e,Batteries.RBNode.Path.del.eq_1,NumStability.Source.Higham.Chapter04.Equation05.OrderingExamples.Basic,theorem,0,0,,,true,Batteries.RBNode.Path.del,compiler_reserved,true,false,,,,,,,,unreviewed,
045daf28056a6e4358d5de7c22c7a9d7acc2e80e,Batteries.RBNode.Path.del.eq_2,NumStability.Source.Higham.Chapter04.Equation05.OrderingExamples.Basic,theorem,0,0,,,true,Batteries.RBNode.Path.del,compiler_reserved,true,false,,,,,,,,unreviewed,
045daf28056a6e4358d5de7c22c7a9d7acc2e80e,Batteries.RBNode.Path.del.eq_3,NumStability.Source.Higham.Chapter04.Equation05.OrderingExamples.Basic,theorem,0,0,,,true,Batteries.RBNode.Path.del,compiler_reserved,true,false,,,,,,,,unreviewed,
045daf28056a6e4358d5de7c22c7a9d7acc2e80e,Batteries.RBNode.Path.del.eq_4,NumStability.Source.Higham.Chapter04.Equation05.OrderingExamples.Basic,theorem,0,0,,,true,Batteries.RBNode.Path.del,compiler_reserved,true,false,,,,,,,,unreviewed,
045daf28056a6e4358d5de7c22c7a9d7acc2e80e,Batteries.RBNode.Path.del.eq_5,NumStability.Source.Higham.Chapter04.Equation05.OrderingExamples.Basic,theorem,0,0,,,true,Batteries.RBNode.Path.del,compiler_reserved,true,false,,,,,,,,unreviewed,
045daf28056a6e4358d5de7c22c7a9d7acc2e80e,Batteries.RBSet.findP?.eq_1,NumStability.Source.Higham.Chapter04.Equation05.OrderingExamples.Basic,theorem,0,0,,,true,Batteries.RBSet.findP?,compiler_reserved,true,false,,,,,,,,unreviewed,
045daf28056a6e4358d5de7c22c7a9d7acc2e80e,Ordering.byKey.eq_1,NumStability.Source.Higham.Chapter04.Equation05.OrderingExamples.Basic,theorem,0,0,,,true,Ordering.byKey,compiler_reserved,true,false,,,,,,,,unreviewed,
045daf28056a6e4358d5de7c22c7a9d7acc2e80e,Fin.addNat.eq_1,NumStability.Source.Higham.Chapter04.Section01.InsertionExamples,theorem,0,0,,,true,Fin.addNat,compiler_reserved,true,false,,,,,,,,unreviewed,
045daf28056a6e4358d5de7c22c7a9d7acc2e80e,Matrix.mulVecBilin.congr_simp,NumStability.Source.Higham.Chapter07.LinearSystemsConditioning.Theorem05.Part01,theorem,0,0,,,true,,compiler_reserved,true,false,,,,,,,,unreviewed,
045daf28056a6e4358d5de7c22c7a9d7acc2e80e,Fin.pred.eq_1,NumStability.Source.Higham.Chapter09.Problems,theorem,0,0,,,true,Fin.pred,compiler_reserved,true,false,,,,,,,,unreviewed,
045daf28056a6e4358d5de7c22c7a9d7acc2e80e,Matrix.toBlocks₁₁.eq_1,NumStability.Source.Higham.Chapter09.Problems,theorem,0,0,,,true,Matrix.toBlocks₁₁,compiler_reserved,true,false,,,,,,,,unreviewed,
045daf28056a6e4358d5de7c22c7a9d7acc2e80e,Matrix.toBlocks₂₂.eq_1,NumStability.Source.Higham.Chapter09.Problems,theorem,0,0,,,true,Matrix.toBlocks₂₂,compiler_reserved,true,false,,,,,,,,unreviewed,
045daf28056a6e4358d5de7c22c7a9d7acc2e80e,Fin.castLE.eq_1,NumStability.Source.Higham.Chapter09.Section02,theorem,0,0,,,true,Fin.castLE,compiler_reserved,true,false,,,,,,,,unreviewed,
045daf28056a6e4358d5de7c22c7a9d7acc2e80e,finSumFinEquiv.eq_1,NumStability.Source.Higham.Chapter09.Section11,theorem,0,0,,,true,finSumFinEquiv,compiler_reserved,true,false,,,,,,,,unreviewed,
045daf28056a6e4358d5de7c22c7a9d7acc2e80e,Vector.get.eq_1,NumStability.Source.Higham.Chapter15.Problem06.TridiagonalInverseNorm.TridiagonalInverseRuns,theorem,0,0,,,true,Vector.get,compiler_reserved,true,false,,,,,,,,unreviewed,
045daf28056a6e4358d5de7c22c7a9d7acc2e80e,starL'.congr_simp,NumStability.Source.Higham.Chapter16.Problem02.Results.Core,theorem,0,0,,,true,,compiler_reserved,true,false,,,,,,,,unreviewed,
045daf28056a6e4358d5de7c22c7a9d7acc2e80e,Fin.revPerm.eq_1,NumStability.Source.Higham.Chapter22.VandermondeSystems,theorem,0,0,,,true,Fin.revPerm,compiler_reserved,true,false,,,,,,,,unreviewed,
045daf28056a6e4358d5de7c22c7a9d7acc2e80e,Matrix.reindex.eq_1,NumStability.Source.Higham.Chapter28.Section02.RealGinibre.FiniteExpectation.GinibreGaussianBridge,theorem,0,0,,,true,Matrix.reindex,compiler_reserved,true,false,,,,,,,,unreviewed,
045daf28056a6e4358d5de7c22c7a9d7acc2e80e,LinearEquiv.toContinuousLinearEquiv.congr_simp,NumStability.Source.Higham.Chapter28.Section02.RealGinibre.SignedIncidence.OneRootMomentReduction,theorem,0,0,,,true,,compiler_reserved,true,false,,,,,,,,unreviewed,
045daf28056a6e4358d5de7c22c7a9d7acc2e80e,MeasurableEquiv.piFinSuccAbove.eq_1,NumStability.Source.Higham.Chapter28.Section03.Theorem01.StewartHaar.QRFactorHaar,theorem,0,0,,,true,MeasurableEquiv.piFinSuccAbove,compiler_reserved,true,false,,,,,,,,unreviewed,
045daf28056a6e4358d5de7c22c7a9d7acc2e80e,IsLocalization.IsInteger.eq_1,NumStability.Upstream.Lindemann.AlgebraicPart,theorem,0,0,,,true,IsLocalization.IsInteger,compiler_reserved,true,false,,,,,,,,unreviewed,
