group,tasks,predictor,outcome,spearman_rho
All,38,score_median,time_gain_pct,0.6162477627318292
All,38,score_median,token_gain_pct,0.35550434108623646
All,38,score_median,loc_gain_pct,0.5294540033970231
All,38,substantial_score_median,time_gain_pct,0.6892727281462748
All,38,substantial_score_median,token_gain_pct,0.43462070014720183
All,38,substantial_score_median,loc_gain_pct,0.6251543348303423
All,38,any_use_runs,time_gain_pct,0.6551077200350145
All,38,any_use_runs,token_gain_pct,0.29383332804771656
All,38,any_use_runs,loc_gain_pct,0.5411966650416581
All,38,candidate_use_runs,time_gain_pct,0.5364528781387718
All,38,candidate_use_runs,token_gain_pct,0.23659474970645739
All,38,candidate_use_runs,loc_gain_pct,0.44605825365853297
All,38,mean_L_imports,time_gain_pct,0.6674605209353631
All,38,mean_L_imports,token_gain_pct,0.3401289585135879
All,38,mean_L_imports,loc_gain_pct,0.5647291302900785
All,38,mean_L_qualified_distinct,time_gain_pct,0.6354671063466587
All,38,mean_L_qualified_distinct,token_gain_pct,0.28206958291918016
All,38,mean_L_qualified_distinct,loc_gain_pct,0.48887429354875966
All,38,mean_L_qualified_live_distinct,time_gain_pct,0.64017350819146
All,38,mean_L_qualified_live_distinct,token_gain_pct,0.2859364494092055
All,38,mean_L_qualified_live_distinct,loc_gain_pct,0.49593188229515633
All,38,mean_L_distance1,time_gain_pct,0.6308926510280237
All,38,mean_L_distance1,token_gain_pct,0.2699927857849435
All,38,mean_L_distance1,loc_gain_pct,0.5873614301688068
All,38,mean_L_public_transitive,time_gain_pct,0.6529433201862004
All,38,mean_L_public_transitive,token_gain_pct,0.31136634130488905
All,38,mean_L_public_transitive,loc_gain_pct,0.5293227802183114
All,38,mean_L_modules,time_gain_pct,0.6915673738167354
All,38,mean_L_modules,token_gain_pct,0.3675146878452938
All,38,mean_L_modules,loc_gain_pct,0.5925899082160161
All,38,mean_L_candidates,time_gain_pct,0.5324450351833525
All,38,mean_L_candidates,token_gain_pct,0.24275840813266716
All,38,mean_L_candidates,loc_gain_pct,0.41575865300882076
T1,12,score_median,time_gain_pct,-0.2676749798181118
T1,12,score_median,token_gain_pct,-0.17342322636103016
T1,12,score_median,loc_gain_pct,-0.199813717329013
T1,12,substantial_score_median,time_gain_pct,0.0860090757802302
T1,12,substantial_score_median,token_gain_pct,0.3547874375934496
T1,12,substantial_score_median,loc_gain_pct,0.02687783618132194
T1,12,any_use_runs,time_gain_pct,0.263402794576955
T1,12,any_use_runs,token_gain_pct,0.29565619799454135
T1,12,any_use_runs,loc_gain_pct,0.263402794576955
T1,12,candidate_use_runs,time_gain_pct,-0.4248019673096663
T1,12,candidate_use_runs,token_gain_pct,-0.25960120224479605
T1,12,candidate_use_runs,loc_gain_pct,-0.2989347177364318
T1,12,mean_L_imports,time_gain_pct,0.263402794576955
T1,12,mean_L_imports,token_gain_pct,0.29565619799454135
T1,12,mean_L_imports,loc_gain_pct,0.263402794576955
T1,12,mean_L_qualified_distinct,time_gain_pct,0.12959739664259406
T1,12,mean_L_qualified_distinct,token_gain_pct,-0.045534220441992505
T1,12,mean_L_qualified_distinct,loc_gain_pct,0.11558686727582712
T1,12,mean_L_qualified_live_distinct,time_gain_pct,0.12959739664259406
T1,12,mean_L_qualified_live_distinct,token_gain_pct,-0.045534220441992505
T1,12,mean_L_qualified_live_distinct,loc_gain_pct,0.11558686727582712
T1,12,mean_L_distance1,time_gain_pct,-0.12982536057716323
T1,12,mean_L_distance1,token_gain_pct,-0.16140450233917591
T1,12,mean_L_distance1,loc_gain_pct,-0.017543967645562597
T1,12,mean_L_public_transitive,time_gain_pct,0.20701881821763865
T1,12,mean_L_public_transitive,token_gain_pct,0.10175501234426307
T1,12,mean_L_public_transitive,loc_gain_pct,0.26315951468343896
T1,12,mean_L_modules,time_gain_pct,0.523066057026447
T1,12,mean_L_modules,token_gain_pct,0.4358883808553725
T1,12,mean_L_modules,loc_gain_pct,0.42862357450778293
T1,12,mean_L_candidates,time_gain_pct,-0.34039226155857405
T1,12,mean_L_candidates,token_gain_pct,-0.3037909431114155
T1,12,mean_L_candidates,loc_gain_pct,-0.23790856990653025
T2,3,score_median,time_gain_pct,
T2,3,score_median,token_gain_pct,
T2,3,score_median,loc_gain_pct,
T2,3,substantial_score_median,time_gain_pct,
T2,3,substantial_score_median,token_gain_pct,
T2,3,substantial_score_median,loc_gain_pct,
T2,3,any_use_runs,time_gain_pct,
T2,3,any_use_runs,token_gain_pct,
T2,3,any_use_runs,loc_gain_pct,
T2,3,candidate_use_runs,time_gain_pct,
T2,3,candidate_use_runs,token_gain_pct,
T2,3,candidate_use_runs,loc_gain_pct,
T2,3,mean_L_imports,time_gain_pct,
T2,3,mean_L_imports,token_gain_pct,
T2,3,mean_L_imports,loc_gain_pct,
T2,3,mean_L_qualified_distinct,time_gain_pct,0.5
T2,3,mean_L_qualified_distinct,token_gain_pct,0.5
T2,3,mean_L_qualified_distinct,loc_gain_pct,0.5
T2,3,mean_L_qualified_live_distinct,time_gain_pct,0.5
T2,3,mean_L_qualified_live_distinct,token_gain_pct,0.5
T2,3,mean_L_qualified_live_distinct,loc_gain_pct,0.5
T2,3,mean_L_distance1,time_gain_pct,-0.5
T2,3,mean_L_distance1,token_gain_pct,-0.5
T2,3,mean_L_distance1,loc_gain_pct,-0.5
T2,3,mean_L_public_transitive,time_gain_pct,0.5
T2,3,mean_L_public_transitive,token_gain_pct,0.5
T2,3,mean_L_public_transitive,loc_gain_pct,0.5
T2,3,mean_L_modules,time_gain_pct,0.5
T2,3,mean_L_modules,token_gain_pct,0.5
T2,3,mean_L_modules,loc_gain_pct,0.5
T2,3,mean_L_candidates,time_gain_pct,0.0
T2,3,mean_L_candidates,token_gain_pct,0.0
T2,3,mean_L_candidates,loc_gain_pct,0.0
T3,23,score_median,time_gain_pct,0.02617518877247869
T3,23,score_median,token_gain_pct,-0.008443609281444739
T3,23,score_median,loc_gain_pct,-0.3335225666170672
T3,23,substantial_score_median,time_gain_pct,0.019462473604038074
T3,23,substantial_score_median,token_gain_pct,-0.019462473604038074
T3,23,substantial_score_median,loc_gain_pct,-0.33086205126864726
T3,23,any_use_runs,time_gain_pct,-0.01849457366615228
T3,23,any_use_runs,token_gain_pct,-0.21371507347553745
T3,23,any_use_runs,loc_gain_pct,-0.4856538047889617
T3,23,candidate_use_runs,time_gain_pct,0.2283392152982079
T3,23,candidate_use_runs,token_gain_pct,0.008082804081352491
T3,23,candidate_use_runs,loc_gain_pct,-0.34756057549815716
T3,23,mean_L_imports,time_gain_pct,-0.01849457366615228
T3,23,mean_L_imports,token_gain_pct,-0.21371507347553745
T3,23,mean_L_imports,loc_gain_pct,-0.4856538047889617
T3,23,mean_L_qualified_distinct,time_gain_pct,-0.0027373385108801977
T3,23,mean_L_qualified_distinct,token_gain_pct,-0.2299364349139366
T3,23,mean_L_qualified_distinct,loc_gain_pct,-0.5057232898851165
T3,23,mean_L_qualified_live_distinct,time_gain_pct,-0.0027373385108801977
T3,23,mean_L_qualified_live_distinct,token_gain_pct,-0.2299364349139366
T3,23,mean_L_qualified_live_distinct,loc_gain_pct,-0.5057232898851165
T3,23,mean_L_distance1,time_gain_pct,-0.032331216325409966
T3,23,mean_L_distance1,token_gain_pct,-0.11517995815927301
T3,23,mean_L_distance1,loc_gain_pct,-0.24046342142023663
T3,23,mean_L_public_transitive,time_gain_pct,-0.013008524565835634
T3,23,mean_L_public_transitive,token_gain_pct,-0.22936082787131248
T3,23,mean_L_public_transitive,loc_gain_pct,-0.5011705253785097
T3,23,mean_L_modules,time_gain_pct,-0.06298864526615149
T3,23,mean_L_modules,token_gain_pct,-0.23689207893574366
T3,23,mean_L_modules,loc_gain_pct,-0.47789211299754064
T3,23,mean_L_candidates,time_gain_pct,0.2283392152982079
T3,23,mean_L_candidates,token_gain_pct,0.008082804081352491
T3,23,mean_L_candidates,loc_gain_pct,-0.34756057549815716
