declaration,L_runs,tasks,distance1_runs,T1_runs,T2_runs,T3_runs,task_ids
NumStability.FPModel,39,14,17,29,9,1,P01-T1;P01-T2;P02-T1;P02-T3;P04-T1;P14-T1;P15-T1;P15-T2;P23-T1;P26-T1;P28-T1;P29-T1;P29-T2;P33-T1
NumStability.FPModel.exactWithUnitRoundoff,4,2,1,4,0,0,P01-T1;P04-T1
NumStability.FPModel.exactWithUnitRoundoff._proof_1,4,2,0,4,0,0,P01-T1;P04-T1
NumStability.FPModel.exactWithUnitRoundoff._proof_2,4,2,0,4,0,0,P01-T1;P04-T1
NumStability.FPModel.exactWithUnitRoundoff._proof_3,4,2,0,4,0,0,P01-T1;P04-T1
NumStability.FPModel.exactWithUnitRoundoff._proof_4,4,2,0,4,0,0,P01-T1;P04-T1
NumStability.FPModel.exactWithUnitRoundoff._proof_5,4,2,0,4,0,0,P01-T1;P04-T1
NumStability.FPModel.exactWithUnitRoundoff._proof_6,4,2,0,4,0,0,P01-T1;P04-T1
NumStability.FPModel.fl_add,30,11,1,23,6,1,P01-T1;P01-T2;P02-T1;P02-T3;P14-T1;P15-T1;P15-T2;P23-T1;P28-T1;P29-T1;P33-T1
NumStability.FPModel.fl_add_zero,10,4,0,6,3,1,P01-T2;P02-T1;P02-T3;P14-T1
NumStability.FPModel.fl_div,10,4,1,4,6,0,P01-T1;P15-T2;P26-T1;P29-T2
NumStability.FPModel.fl_mul,25,9,1,19,6,0,P01-T1;P15-T1;P15-T2;P23-T1;P26-T1;P28-T1;P29-T1;P29-T2;P33-T1
NumStability.FPModel.fl_sqrt,1,1,1,1,0,0,P01-T1
NumStability.FPModel.fl_sub,11,5,1,5,6,0,P01-T1;P15-T2;P26-T1;P29-T2;P33-T1
NumStability.FPModel.mk,39,14,7,29,9,1,P01-T1;P01-T2;P02-T1;P02-T3;P04-T1;P14-T1;P15-T1;P15-T2;P23-T1;P26-T1;P28-T1;P29-T1;P29-T2;P33-T1
NumStability.FPModel.mk.congr_simp,2,1,2,2,0,0,P14-T1
NumStability.FPModel.model_add,30,11,0,23,6,1,P01-T1;P01-T2;P02-T1;P02-T3;P14-T1;P15-T1;P15-T2;P23-T1;P28-T1;P29-T1;P33-T1
NumStability.FPModel.model_div,10,4,1,4,6,0,P01-T1;P15-T2;P26-T1;P29-T2
NumStability.FPModel.model_mul,25,9,1,19,6,0,P01-T1;P15-T1;P15-T2;P23-T1;P26-T1;P28-T1;P29-T1;P29-T2;P33-T1
NumStability.FPModel.model_sqrt,1,1,1,1,0,0,P01-T1
NumStability.FPModel.model_sub,11,5,1,5,6,0,P01-T1;P15-T2;P26-T1;P29-T2;P33-T1
NumStability.FPModel.u,39,14,11,29,9,1,P01-T1;P01-T2;P02-T1;P02-T3;P04-T1;P14-T1;P15-T1;P15-T2;P23-T1;P26-T1;P28-T1;P29-T1;P29-T2;P33-T1
NumStability.FPModel.u_nonneg,39,14,1,29,9,1,P01-T1;P01-T2;P02-T1;P02-T3;P04-T1;P14-T1;P15-T1;P15-T2;P23-T1;P26-T1;P28-T1;P29-T1;P29-T2;P33-T1
NumStability.FiniteProbability,1,1,1,1,0,0,P17-T1
NumStability.FiniteProbability.eventProb,1,1,1,1,0,0,P17-T1
NumStability.FiniteProbability.eventProb_add_eventProb_compl,1,1,0,1,0,0,P17-T1
NumStability.FiniteProbability.eventProb_le_ge_one_sub_expectationReal_sq_div,1,1,1,1,0,0,P17-T1
NumStability.FiniteProbability.eventProb_mono,1,1,0,1,0,0,P17-T1
NumStability.FiniteProbability.eventProb_real_ge_le_expectationReal_div,1,1,0,1,0,0,P17-T1
NumStability.FiniteProbability.eventProb_real_le_ge_one_sub_expectationReal_div,1,1,0,1,0,0,P17-T1
NumStability.FiniteProbability.expectationReal,1,1,1,1,0,0,P17-T1
NumStability.FiniteProbability.mk,1,1,1,1,0,0,P17-T1
NumStability.FiniteProbability.prob,1,1,1,1,0,0,P17-T1
NumStability.FiniteProbability.prob_nonneg,1,1,0,1,0,0,P17-T1
NumStability.FiniteProbability.prob_sum,1,1,0,1,0,0,P17-T1
NumStability.FloatingPointFormat,3,1,3,3,0,0,P12-T1
NumStability.FloatingPointFormat.beta,3,1,0,3,0,0,P12-T1
NumStability.FloatingPointFormat.betaR,3,1,3,3,0,0,P12-T1
NumStability.FloatingPointFormat.betaR_pos,3,1,0,3,0,0,P12-T1
NumStability.FloatingPointFormat.betaR_zpow_pos,3,1,0,3,0,0,P12-T1
NumStability.FloatingPointFormat.beta_ge_two,3,1,0,3,0,0,P12-T1
NumStability.FloatingPointFormat.emax,3,1,3,3,0,0,P12-T1
NumStability.FloatingPointFormat.emin,3,1,3,3,0,0,P12-T1
NumStability.FloatingPointFormat.exponentInRange,3,1,3,3,0,0,P12-T1
NumStability.FloatingPointFormat.fergusonMagnitudeExponentConditionLe,3,1,0,3,0,0,P12-T1
NumStability.FloatingPointFormat.fergusonMagnitudeExponentConditionLe_sub_finiteSystem,3,1,3,3,0,0,P12-T1
NumStability.FloatingPointFormat.finiteSystem,3,1,3,3,0,0,P12-T1
NumStability.FloatingPointFormat.finiteSystem_neg,3,1,2,3,0,0,P12-T1
NumStability.FloatingPointFormat.mantissaInRange,3,1,0,3,0,0,P12-T1
NumStability.FloatingPointFormat.minNormalMantissa,3,1,3,3,0,0,P12-T1
NumStability.FloatingPointFormat.minNormalMantissa_lt_mantissaBound,3,1,0,3,0,0,P12-T1
NumStability.FloatingPointFormat.minNormalMantissa_mul_beta_eq_mantissaBound,3,1,0,3,0,0,P12-T1
NumStability.FloatingPointFormat.minNormalMantissa_normalized,3,1,3,3,0,0,P12-T1
NumStability.FloatingPointFormat.minNormalMantissa_scale_eq,3,1,0,3,0,0,P12-T1
NumStability.FloatingPointFormat.mk,3,1,0,3,0,0,P12-T1
NumStability.FloatingPointFormat.normalizedExponentRepresentation,3,1,3,3,0,0,P12-T1
NumStability.FloatingPointFormat.normalizedMantissa,3,1,3,3,0,0,P12-T1
NumStability.FloatingPointFormat.normalizedSystem,3,1,3,3,0,0,P12-T1
NumStability.FloatingPointFormat.normalizedSystem_neg,3,1,0,3,0,0,P12-T1
NumStability.FloatingPointFormat.normalizedValue,3,1,3,3,0,0,P12-T1
NumStability.FloatingPointFormat.normalizedValue_eq_signedMantissaCoeff,3,1,0,3,0,0,P12-T1
NumStability.FloatingPointFormat.normalizedValue_eq_subnormalValue_mul_beta_pow_of_subExponent_eq_emin,3,1,0,3,0,0,P12-T1
NumStability.FloatingPointFormat.normalizedValue_false_minNormalMantissa_eq,2,1,2,2,0,0,P12-T1
NumStability.FloatingPointFormat.normalizedValue_false_minNormalMantissa_succ_eq_beta_pow,1,1,1,1,0,0,P12-T1
NumStability.FloatingPointFormat.normalizedValue_mul_beta_pow_subExponent_eq,3,1,0,3,0,0,P12-T1
NumStability.FloatingPointFormat.normalizedValue_not_eq_neg,3,1,0,3,0,0,P12-T1
NumStability.FloatingPointFormat.normalizedValue_sub_orderedExponent_finiteSystem_of_abs_lt_beta_pow,3,1,0,3,0,0,P12-T1
NumStability.FloatingPointFormat.normalizedValue_sub_orderedExponent_finiteSystem_of_abs_lt_beta_pow._proof_1_1,3,1,0,3,0,0,P12-T1
NumStability.FloatingPointFormat.normalizedValue_true_eq_neg_false,1,1,1,1,0,0,P12-T1
NumStability.FloatingPointFormat.one_lt_beta,3,1,0,3,0,0,P12-T1
NumStability.FloatingPointFormat.sameExponent_shift_search,3,1,0,3,0,0,P12-T1
NumStability.FloatingPointFormat.scaledIntegerValue_finiteSystem_of_natAbs_lt_mantissaBound,3,1,0,3,0,0,P12-T1
NumStability.FloatingPointFormat.scaledIntegerValue_finiteSystem_of_natAbs_lt_mantissaBound._proof_1_1,3,1,0,3,0,0,P12-T1
NumStability.FloatingPointFormat.scaledIntegerValue_finiteSystem_of_natAbs_lt_mantissaBound._proof_1_2,3,1,0,3,0,0,P12-T1
NumStability.FloatingPointFormat.scaledIntegerValue_finiteSystem_of_natAbs_lt_mantissaBound._proof_1_3,3,1,0,3,0,0,P12-T1
NumStability.FloatingPointFormat.signValue,3,1,0,3,0,0,P12-T1
NumStability.FloatingPointFormat.signedMantissaCoeff,3,1,0,3,0,0,P12-T1
NumStability.FloatingPointFormat.subnormalMantissa,3,1,0,3,0,0,P12-T1
NumStability.FloatingPointFormat.subnormalSystem,3,1,3,3,0,0,P12-T1
NumStability.FloatingPointFormat.subnormalSystem_neg,3,1,0,3,0,0,P12-T1
NumStability.FloatingPointFormat.subnormalValue,3,1,0,3,0,0,P12-T1
NumStability.FloatingPointFormat.subnormalValue_not_eq_neg,3,1,0,3,0,0,P12-T1
NumStability.FloatingPointFormat.t,3,1,0,3,0,0,P12-T1
NumStability.FloatingPointFormat.t_pos,3,1,0,3,0,0,P12-T1
NumStability.GramSchmidtOrthonormalColumns,2,1,0,0,0,2,P15-T3
NumStability.H19Sensitivity.frobNormRect_rectMatMul_eq_of_orthonormal_left,2,1,0,0,0,2,P15-T3
NumStability.H19Sensitivity.vecNorm2_rectMatMulVec_eq_of_orthonormal,2,1,0,0,0,2,P15-T3
NumStability.IsInverse,2,1,0,0,0,2,P40-T3
NumStability.IsLeftInverse,2,1,1,0,0,2,P40-T3
NumStability.IsOrthogonal,2,1,1,0,0,2,P40-T3
NumStability.IsOrthogonal.col_orthonormal,2,1,0,0,0,2,P40-T3
NumStability.IsOrthogonal.left_inv,2,1,0,0,0,2,P40-T3
NumStability.IsOrthogonal.right_inv,2,1,0,0,0,2,P40-T3
NumStability.IsOrthogonal.row_orthonormal,2,1,0,0,0,2,P40-T3
NumStability.IsOrthogonal.transpose,2,1,1,0,0,2,P40-T3
NumStability.IsRightInverse,2,1,1,0,0,2,P40-T3
NumStability.RMatFn,4,3,0,1,1,2,P15-T1;P15-T2;P40-T3
NumStability.backSub_backward_error,3,1,3,0,3,0,P29-T2
NumStability.backSub_backward_error._proof_1_1,3,1,0,0,3,0,P29-T2
NumStability.backSub_backward_error._proof_1_5,3,1,0,0,3,0,P29-T2
NumStability.backSub_backward_error._simp_1_2,3,1,0,0,3,0,P29-T2
NumStability.backSub_backward_error._simp_1_3,3,1,0,0,3,0,P29-T2
NumStability.backSub_backward_error._simp_1_4,3,1,0,0,3,0,P29-T2
NumStability.backSub_row_tight,3,1,0,0,3,0,P29-T2
NumStability.backSub_row_tight._proof_1_1,3,1,0,0,3,0,P29-T2
NumStability.backSub_row_tight._proof_1_12,3,1,0,0,3,0,P29-T2
NumStability.backSub_row_tight._proof_1_13,3,1,0,0,3,0,P29-T2
NumStability.backSub_row_tight._proof_1_14,3,1,0,0,3,0,P29-T2
NumStability.backSub_row_tight._proof_1_15,3,1,0,0,3,0,P29-T2
NumStability.backSub_row_tight._proof_1_18,3,1,0,0,3,0,P29-T2
NumStability.backSub_row_tight._proof_1_19,3,1,0,0,3,0,P29-T2
NumStability.backSub_row_tight._proof_1_2,3,1,0,0,3,0,P29-T2
NumStability.backSub_row_tight._proof_1_20,3,1,0,0,3,0,P29-T2
NumStability.backSub_row_tight._proof_1_21,3,1,0,0,3,0,P29-T2
NumStability.backSub_row_tight._proof_1_22,3,1,0,0,3,0,P29-T2
NumStability.backSub_row_tight._proof_1_23,3,1,0,0,3,0,P29-T2
NumStability.backSub_row_tight._proof_1_25,3,1,0,0,3,0,P29-T2
NumStability.backSub_row_tight._proof_1_26,3,1,0,0,3,0,P29-T2
NumStability.backSub_row_tight._proof_1_27,3,1,0,0,3,0,P29-T2
NumStability.backSub_row_tight._proof_1_29,3,1,0,0,3,0,P29-T2
NumStability.backSub_row_tight._proof_1_3,3,1,0,0,3,0,P29-T2
NumStability.backSub_row_tight._proof_1_30,3,1,0,0,3,0,P29-T2
NumStability.backSub_row_tight._proof_1_31,3,1,0,0,3,0,P29-T2
NumStability.backSub_row_tight._proof_1_32,3,1,0,0,3,0,P29-T2
NumStability.backSub_row_tight._proof_1_33,3,1,0,0,3,0,P29-T2
NumStability.backSub_row_tight._proof_1_4,3,1,0,0,3,0,P29-T2
NumStability.backSub_row_tight._simp_1_16,3,1,0,0,3,0,P29-T2
NumStability.backSub_row_tight._simp_1_17,3,1,0,0,3,0,P29-T2
NumStability.backSub_row_tight._simp_1_24,3,1,0,0,3,0,P29-T2
NumStability.backSub_row_tight._simp_1_28,3,1,0,0,3,0,P29-T2
NumStability.conventional_residual_error,1,1,1,1,0,0,P33-T1
NumStability.conventional_residual_error._proof_1_1,1,1,0,1,0,0,P33-T1
NumStability.conventional_residual_error._proof_1_2,1,1,0,1,0,0,P33-T1
NumStability.dotProduct_backward_error,7,3,0,4,3,0,P15-T1;P15-T2;P33-T1
NumStability.dotProduct_backward_error._proof_1_4,7,3,0,4,3,0,P15-T1;P15-T2;P33-T1
NumStability.dotProduct_backward_stable_x,7,3,0,4,3,0,P15-T1;P15-T2;P33-T1
NumStability.dotProduct_error_bound,11,4,5,11,0,0,P23-T1;P28-T1;P29-T1;P33-T1
NumStability.dotProduct_error_bound._proof_1_4,11,4,0,11,0,0,P23-T1;P28-T1;P29-T1;P33-T1
NumStability.finiteTranspose,2,1,0,0,0,2,P15-T3
NumStability.fl_backSub,3,1,3,0,3,0,P29-T2
NumStability.fl_backSub_steps,3,1,0,0,3,0,P29-T2
NumStability.fl_backSub_steps._proof_1,3,1,0,0,3,0,P29-T2
NumStability.fl_backSub_steps._proof_3,3,1,0,0,3,0,P29-T2
NumStability.fl_backSub_steps.eq_2,2,1,0,0,2,0,P29-T2
NumStability.fl_backSub_steps.eq_def,3,1,0,0,3,0,P29-T2
NumStability.fl_backSub_steps.match_1,3,1,0,0,3,0,P29-T2
NumStability.fl_dotProduct,18,6,1,15,3,0,P15-T1;P15-T2;P23-T1;P28-T1;P29-T1;P33-T1
NumStability.fl_dotProduct._proof_1,18,6,3,15,3,0,P15-T1;P15-T2;P23-T1;P28-T1;P29-T1;P33-T1
NumStability.fl_dotProduct.match_1,18,6,2,15,3,0,P15-T1;P15-T2;P23-T1;P28-T1;P29-T1;P33-T1
NumStability.fl_forwardSub,9,3,7,3,6,0,P15-T2;P26-T1;P29-T2
NumStability.fl_forwardSub_steps,9,3,0,3,6,0,P15-T2;P26-T1;P29-T2
NumStability.fl_forwardSub_steps._proof_1,9,3,0,3,6,0,P15-T2;P26-T1;P29-T2
NumStability.fl_forwardSub_steps._proof_2,9,3,0,3,6,0,P15-T2;P26-T1;P29-T2
NumStability.fl_forwardSub_steps._proof_3,9,3,0,3,6,0,P15-T2;P26-T1;P29-T2
NumStability.fl_forwardSub_steps._proof_4,9,3,0,3,6,0,P15-T2;P26-T1;P29-T2
NumStability.fl_forwardSub_steps.congr_simp,9,3,0,3,6,0,P15-T2;P26-T1;P29-T2
NumStability.fl_forwardSub_steps.eq_2,2,1,0,0,2,0,P29-T2
NumStability.fl_forwardSub_steps.eq_def,9,3,0,3,6,0,P15-T2;P26-T1;P29-T2
NumStability.fl_forwardSub_steps.match_1,9,3,0,3,6,0,P15-T2;P26-T1;P29-T2
NumStability.fl_matMul,2,1,1,2,0,0,P23-T1
NumStability.fl_matVec,9,4,2,6,3,0,P15-T1;P15-T2;P23-T1;P33-T1
NumStability.fl_pairwiseSum,5,2,5,2,3,0,P01-T1;P01-T2
NumStability.fl_pairwiseSum._proof_1,5,2,0,2,3,0,P01-T1;P01-T2
NumStability.fl_pairwiseSum.match_1,5,2,0,2,3,0,P01-T1;P01-T2
NumStability.fl_partialSums,3,1,3,0,3,0,P01-T2
NumStability.fl_partialSums._proof_1,3,1,0,0,3,0,P01-T2
NumStability.fl_recursiveSum,10,4,7,6,3,1,P01-T2;P02-T1;P02-T3;P14-T1
NumStability.fl_recursiveSum.eq_1,3,2,0,3,0,0,P02-T1;P14-T1
NumStability.fl_residual,1,1,1,1,0,0,P33-T1
NumStability.fl_sub_fold_unroll,9,3,0,3,6,0,P15-T2;P26-T1;P29-T2
NumStability.fl_sub_fold_unroll._proof_1_1,9,3,0,3,6,0,P15-T2;P26-T1;P29-T2
NumStability.fl_sub_fold_unroll._proof_1_2,9,3,0,3,6,0,P15-T2;P26-T1;P29-T2
NumStability.fl_sub_fold_unroll._simp_1_3,9,3,0,3,6,0,P15-T2;P26-T1;P29-T2
NumStability.fl_sum_error_init,28,10,0,21,6,1,P01-T2;P02-T1;P02-T3;P14-T1;P15-T1;P15-T2;P23-T1;P28-T1;P29-T1;P33-T1
NumStability.fl_sum_error_init._proof_1_1,28,10,0,21,6,1,P01-T2;P02-T1;P02-T3;P14-T1;P15-T1;P15-T2;P23-T1;P28-T1;P29-T1;P33-T1
NumStability.fl_sum_error_tight,10,4,0,6,3,1,P01-T2;P02-T1;P02-T3;P14-T1
NumStability.forwardSub_backward_error,9,3,7,3,6,0,P15-T2;P26-T1;P29-T2
NumStability.forwardSub_backward_error._proof_1_4,9,3,0,3,6,0,P15-T2;P26-T1;P29-T2
NumStability.forwardSub_backward_error._simp_1_1,9,3,0,3,6,0,P15-T2;P26-T1;P29-T2
NumStability.forwardSub_backward_error._simp_1_2,9,3,0,3,6,0,P15-T2;P26-T1;P29-T2
NumStability.forwardSub_backward_error._simp_1_3,9,3,0,3,6,0,P15-T2;P26-T1;P29-T2
NumStability.frobInnerProductRect_le,3,1,0,0,0,3,P15-T3
NumStability.frobInnerProductRect_sq_le,3,1,0,0,0,3,P15-T3
NumStability.frobNorm,2,2,1,1,1,0,P15-T1;P15-T2
NumStability.frobNormRect,8,3,0,2,3,3,P15-T1;P15-T2;P15-T3
NumStability.frobNormRect_abs,3,2,0,1,2,0,P15-T1;P15-T2
NumStability.frobNormRect_add_le,3,1,0,0,0,3,P15-T3
NumStability.frobNormRect_eq_frobNormFn,1,1,0,0,1,0,P15-T2
NumStability.frobNormRect_finiteTranspose,2,1,0,0,0,2,P15-T3
NumStability.frobNormRect_le_of_col_vecNorm2_le_rect,3,1,0,0,0,3,P15-T3
NumStability.frobNormRect_le_of_entry_abs_le,4,2,0,2,2,0,P15-T1;P15-T2
NumStability.frobNormRect_nonneg,3,1,0,0,0,3,P15-T3
NumStability.frobNormRect_rectMatMul_le,3,1,0,0,0,3,P15-T3
NumStability.frobNormRect_smul,4,2,0,2,2,0,P15-T1;P15-T2
NumStability.frobNormRect_sq,3,1,0,0,0,3,P15-T3
NumStability.frobNormSq,4,3,0,1,1,2,P15-T1;P15-T2;P40-T3
NumStability.frobNormSqRect,8,3,0,2,3,3,P15-T1;P15-T2;P15-T3
NumStability.frobNormSqRect_abs,3,2,0,1,2,0,P15-T1;P15-T2
NumStability.frobNormSqRect_add_le,3,1,0,0,0,3,P15-T3
NumStability.frobNormSqRect_eq_sum_vecNorm2Sq_cols,3,1,0,0,0,3,P15-T3
NumStability.frobNormSqRect_finiteTranspose,2,1,0,0,0,2,P15-T3
NumStability.frobNormSqRect_nonneg,3,1,0,0,0,3,P15-T3
NumStability.frobNormSqRect_smul,4,2,0,2,2,0,P15-T1;P15-T2
NumStability.frobNormSq_nonneg,2,2,0,1,1,0,P15-T1;P15-T2
NumStability.frobNormSq_orthogonal_left,2,1,0,0,0,2,P40-T3
NumStability.frobNormSq_orthogonal_right,2,1,0,0,0,2,P40-T3
NumStability.frobNorm_eq_sqrt_frobNormSq,2,2,1,1,1,0,P15-T1;P15-T2
NumStability.frobNorm_le_const_mul_frobNorm_of_entrywise_abs_le,2,2,1,1,1,0,P15-T1;P15-T2
NumStability.frobNorm_nonneg,2,2,0,1,1,0,P15-T1;P15-T2
NumStability.frobNorm_sq,2,2,0,1,1,0,P15-T1;P15-T2
NumStability.gamma,39,14,22,29,9,1,P01-T1;P01-T2;P02-T1;P02-T3;P04-T1;P14-T1;P15-T1;P15-T2;P23-T1;P26-T1;P28-T1;P29-T1;P29-T2;P33-T1
NumStability.gammaValid,39,14,23,29,9,1,P01-T1;P01-T2;P02-T1;P02-T3;P04-T1;P14-T1;P15-T1;P15-T2;P23-T1;P26-T1;P28-T1;P29-T1;P29-T2;P33-T1
NumStability.gammaValid_mono,36,13,8,26,9,1,P01-T1;P01-T2;P02-T1;P02-T3;P14-T1;P15-T1;P15-T2;P23-T1;P26-T1;P28-T1;P29-T1;P29-T2;P33-T1
NumStability.gamma_mono,34,12,0,24,9,1,P01-T2;P02-T1;P02-T3;P14-T1;P15-T1;P15-T2;P23-T1;P26-T1;P28-T1;P29-T1;P29-T2;P33-T1
NumStability.gamma_mul,36,13,0,26,9,1,P01-T1;P01-T2;P02-T1;P02-T3;P14-T1;P15-T1;P15-T2;P23-T1;P26-T1;P28-T1;P29-T1;P29-T2;P33-T1
NumStability.gamma_nonneg,25,9,12,18,6,1,P02-T1;P02-T3;P14-T1;P15-T1;P15-T2;P23-T1;P26-T1;P29-T2;P33-T1
NumStability.gamma_pred_le_n_mul_u_of_n_mul_pred_u_le_one,2,1,1,2,0,0,P14-T1
NumStability.gamma_sum_le,10,4,4,9,0,1,P02-T1;P02-T3;P23-T1;P33-T1
NumStability.geomMean_prod_le_one_of_sum_eq_card,2,1,0,0,0,2,P35-T3
NumStability.higham11_15_aasenChainDeltaA,1,1,0,0,1,0,P29-T2
NumStability.higham11_15_aasenChainDeltaABound,1,1,0,0,1,0,P29-T2
NumStability.higham11_15_aasenChainDeltaABound._proof_1,1,1,0,0,1,0,P29-T2
NumStability.higham11_15_aasenChainDeltaA_abs_bound_gamma,1,1,0,0,1,0,P29-T2
NumStability.higham11_15_aasenChainDeltaA_abs_bound_of_entrywise,1,1,0,0,1,0,P29-T2
NumStability.higham11_15_aasenTripleTerm_abs_bound,1,1,0,0,1,0,P29-T2
NumStability.higham11_15_aasenTripleTerm_abs_bound_gamma,1,1,0,0,1,0,P29-T2
NumStability.higham14_problem14_13_amgm_prod_le_pow_sum_div_card,2,1,2,0,0,2,P35-T3
NumStability.idMatrix,2,1,0,0,0,2,P15-T3
NumStability.idMatrix_quadratic_eq_vecNorm2Sq,2,1,0,0,0,2,P15-T3
NumStability.infNormRect,1,1,0,0,0,1,P20-T3
NumStability.infNormRect_le_of_row_sum_le,1,1,0,0,0,1,P20-T3
NumStability.infNormRect_nonneg,1,1,0,0,0,1,P20-T3
NumStability.inv_prod_error_bound,9,3,0,3,6,0,P15-T2;P26-T1;P29-T2
NumStability.inv_prod_error_bound._proof_1_1,9,3,0,3,6,0,P15-T2;P26-T1;P29-T2
NumStability.matMul,2,1,0,0,0,2,P40-T3
NumStability.matMulRect,2,1,0,0,0,2,P15-T3
NumStability.matMul_error_bound,2,1,1,2,0,0,P23-T1
NumStability.matTranspose,2,1,1,0,0,2,P40-T3
NumStability.matVec_backward_error,7,3,2,4,3,0,P15-T1;P15-T2;P33-T1
NumStability.matVec_error_bound,2,1,0,2,0,0,P23-T1
NumStability.pairwiseSum_backward_error,5,2,0,2,3,0,P01-T1;P01-T2
NumStability.pairwiseSum_backward_error._proof_1_4,5,2,0,2,3,0,P01-T1;P01-T2
NumStability.pairwiseSum_backward_error._proof_1_5,5,2,0,2,3,0,P01-T1;P01-T2
NumStability.pairwiseSum_backward_error._proof_1_6,5,2,0,2,3,0,P01-T1;P01-T2
NumStability.pairwiseSum_backward_error._proof_1_7,5,2,0,2,3,0,P01-T1;P01-T2
NumStability.pairwiseSum_forward_error_bound,5,2,5,2,3,0,P01-T1;P01-T2
NumStability.prod_error_bound,3,1,0,3,0,0,P04-T1
NumStability.prod_pos_of_u_bound,9,3,0,3,6,0,P15-T2;P26-T1;P29-T2
NumStability.rectMatMul,4,2,0,1,0,3,P15-T1;P15-T3
NumStability.rectMatMulVec,4,2,0,1,0,3,P15-T1;P15-T3
NumStability.rectMatMulVec_rectMatMul,1,1,0,1,0,0,P15-T1
NumStability.rectMatMul_add_left,2,1,0,0,0,2,P15-T3
NumStability.rectMatMul_add_right,2,1,0,0,0,2,P15-T3
NumStability.rectMatMul_assoc,3,1,0,0,0,3,P15-T3
NumStability.rectangularGram,2,1,0,0,0,2,P15-T3
NumStability.rectangularGram_quadratic_eq_vecNorm2Sq,2,1,0,0,0,2,P15-T3
NumStability.recursiveSum_abs_le_one_add_gamma_mul_sum_abs,3,1,0,3,0,0,P02-T1
NumStability.recursiveSum_backward_error,10,4,0,6,3,1,P01-T2;P02-T1;P02-T3;P14-T1
NumStability.recursiveSum_error_decomp,10,4,0,6,3,1,P01-T2;P02-T1;P02-T3;P14-T1
NumStability.recursiveSum_forward_error_bound,10,4,7,6,3,1,P01-T2;P02-T1;P02-T3;P14-T1
NumStability.recursiveSum_running_error_bound,3,1,3,0,3,0,P01-T2
NumStability.row_sum_le_infNormRect,1,1,0,0,0,1,P20-T3
NumStability.u_le_gamma,36,13,4,26,9,1,P01-T1;P01-T2;P02-T1;P02-T3;P14-T1;P15-T1;P15-T2;P23-T1;P26-T1;P28-T1;P29-T1;P29-T2;P33-T1
NumStability.vecNorm2,3,1,0,0,0,3,P15-T3
NumStability.vecNorm2Sq,3,1,0,0,0,3,P15-T3
NumStability.vecNorm2Sq_nonneg,3,1,0,0,0,3,P15-T3
NumStability.vecNorm2Sq_rectMatMulVec_le_frobNormSqRect_mul,3,1,0,0,0,3,P15-T3
NumStability.vecNorm2_nonneg,3,1,0,0,0,3,P15-T3
NumStability.vecNorm2_rectMatMulVec_le_frobNormRect_mul,3,1,0,0,0,3,P15-T3
NumStability.vecNorm2_sq,3,1,0,0,0,3,P15-T3
_private.NumStability.Algorithms.LinearSystems.Triangular.BackSubstitution.0.NumStability.fl_backSub_at_row,3,1,0,0,3,0,P29-T2
_private.NumStability.Algorithms.LinearSystems.Triangular.BackSubstitution.0.NumStability.fl_backSub_at_row._proof_1,3,1,0,0,3,0,P29-T2
_private.NumStability.Algorithms.LinearSystems.Triangular.BackSubstitution.0.NumStability.fl_backSub_at_row._proof_1_1,3,1,0,0,3,0,P29-T2
_private.NumStability.Algorithms.LinearSystems.Triangular.BackSubstitution.0.NumStability.fl_backSub_steps.match_1.splitter,3,1,0,0,3,0,P29-T2
_private.NumStability.Algorithms.LinearSystems.Triangular.BackSubstitution.0.NumStability.fl_backSub_steps_at_row,3,1,0,0,3,0,P29-T2
_private.NumStability.Algorithms.LinearSystems.Triangular.BackSubstitution.0.NumStability.fl_backSub_steps_at_row._proof_1_4,3,1,0,0,3,0,P29-T2
_private.NumStability.Algorithms.LinearSystems.Triangular.BackSubstitution.0.NumStability.fl_backSub_steps_at_row._proof_1_5,3,1,0,0,3,0,P29-T2
_private.NumStability.Algorithms.LinearSystems.Triangular.BackSubstitution.0.NumStability.fl_backSub_steps_decompose,3,1,0,0,3,0,P29-T2
_private.NumStability.Algorithms.LinearSystems.Triangular.BackSubstitution.0.NumStability.fl_backSub_steps_decompose._proof_1_1,3,1,0,0,3,0,P29-T2
_private.NumStability.Algorithms.LinearSystems.Triangular.BackSubstitution.0.NumStability.fl_backSub_steps_decompose._proof_1_5,3,1,0,0,3,0,P29-T2
_private.NumStability.Algorithms.LinearSystems.Triangular.BackSubstitution.0.NumStability.fl_backSub_steps_stable,3,1,0,0,3,0,P29-T2
_private.NumStability.Algorithms.LinearSystems.Triangular.BackSubstitution.0.NumStability.fl_backSub_steps_stable._proof_1_2,3,1,0,0,3,0,P29-T2
_private.NumStability.Algorithms.LinearSystems.Triangular.BackSubstitution.0.NumStability.fl_backSub_steps_stable._proof_1_3,3,1,0,0,3,0,P29-T2
_private.NumStability.Algorithms.LinearSystems.Triangular.ForwardSubstitution.0.NumStability.fl_forwardSub_at_row,9,3,0,3,6,0,P15-T2;P26-T1;P29-T2
_private.NumStability.Algorithms.LinearSystems.Triangular.ForwardSubstitution.0.NumStability.fl_forwardSub_at_row._proof_1,9,3,0,3,6,0,P15-T2;P26-T1;P29-T2
_private.NumStability.Algorithms.LinearSystems.Triangular.ForwardSubstitution.0.NumStability.fl_forwardSub_at_row._proof_1_1,9,3,0,3,6,0,P15-T2;P26-T1;P29-T2
_private.NumStability.Algorithms.LinearSystems.Triangular.ForwardSubstitution.0.NumStability.fl_forwardSub_at_row._proof_1_2,9,3,0,3,6,0,P15-T2;P26-T1;P29-T2
_private.NumStability.Algorithms.LinearSystems.Triangular.ForwardSubstitution.0.NumStability.fl_forwardSub_at_row._proof_1_3,9,3,0,3,6,0,P15-T2;P26-T1;P29-T2
_private.NumStability.Algorithms.LinearSystems.Triangular.ForwardSubstitution.0.NumStability.fl_forwardSub_steps.match_1.splitter,9,3,0,3,6,0,P15-T2;P26-T1;P29-T2
_private.NumStability.Algorithms.LinearSystems.Triangular.ForwardSubstitution.0.NumStability.fl_forwardSub_steps_at_row,9,3,0,3,6,0,P15-T2;P26-T1;P29-T2
_private.NumStability.Algorithms.LinearSystems.Triangular.ForwardSubstitution.0.NumStability.fl_forwardSub_steps_at_row._proof_1,9,3,0,3,6,0,P15-T2;P26-T1;P29-T2
_private.NumStability.Algorithms.LinearSystems.Triangular.ForwardSubstitution.0.NumStability.fl_forwardSub_steps_at_row._proof_1_4,9,3,0,3,6,0,P15-T2;P26-T1;P29-T2
_private.NumStability.Algorithms.LinearSystems.Triangular.ForwardSubstitution.0.NumStability.fl_forwardSub_steps_at_row._proof_1_5,9,3,0,3,6,0,P15-T2;P26-T1;P29-T2
_private.NumStability.Algorithms.LinearSystems.Triangular.ForwardSubstitution.0.NumStability.fl_forwardSub_steps_at_row._proof_1_6,9,3,0,3,6,0,P15-T2;P26-T1;P29-T2
_private.NumStability.Algorithms.LinearSystems.Triangular.ForwardSubstitution.0.NumStability.fl_forwardSub_steps_decompose,9,3,0,3,6,0,P15-T2;P26-T1;P29-T2
_private.NumStability.Algorithms.LinearSystems.Triangular.ForwardSubstitution.0.NumStability.fl_forwardSub_steps_decompose._proof_1_1,9,3,0,3,6,0,P15-T2;P26-T1;P29-T2
_private.NumStability.Algorithms.LinearSystems.Triangular.ForwardSubstitution.0.NumStability.fl_forwardSub_steps_decompose._proof_1_5,9,3,0,3,6,0,P15-T2;P26-T1;P29-T2
_private.NumStability.Algorithms.LinearSystems.Triangular.ForwardSubstitution.0.NumStability.fl_forwardSub_steps_stable,9,3,0,3,6,0,P15-T2;P26-T1;P29-T2
_private.NumStability.Algorithms.LinearSystems.Triangular.ForwardSubstitution.0.NumStability.fl_forwardSub_steps_stable._proof_1_2,9,3,0,3,6,0,P15-T2;P26-T1;P29-T2
_private.NumStability.Algorithms.LinearSystems.Triangular.ForwardSubstitution.0.NumStability.fl_forwardSub_steps_stable._proof_1_3,9,3,0,3,6,0,P15-T2;P26-T1;P29-T2
_private.NumStability.Algorithms.LinearSystems.Triangular.ForwardSubstitution.0.NumStability.forwardSub_row_tight,9,3,0,3,6,0,P15-T2;P26-T1;P29-T2
_private.NumStability.Algorithms.LinearSystems.Triangular.ForwardSubstitution.0.NumStability.forwardSub_row_tight._proof_1_1,9,3,0,3,6,0,P15-T2;P26-T1;P29-T2
_private.NumStability.Algorithms.LinearSystems.Triangular.ForwardSubstitution.0.NumStability.forwardSub_row_tight._proof_1_10,9,3,0,3,6,0,P15-T2;P26-T1;P29-T2
_private.NumStability.Algorithms.LinearSystems.Triangular.ForwardSubstitution.0.NumStability.forwardSub_row_tight._proof_1_11,9,3,0,3,6,0,P15-T2;P26-T1;P29-T2
_private.NumStability.Algorithms.LinearSystems.Triangular.ForwardSubstitution.0.NumStability.forwardSub_row_tight._proof_1_12,9,3,0,3,6,0,P15-T2;P26-T1;P29-T2
_private.NumStability.Algorithms.LinearSystems.Triangular.ForwardSubstitution.0.NumStability.forwardSub_row_tight._proof_1_13,9,3,0,3,6,0,P15-T2;P26-T1;P29-T2
_private.NumStability.Algorithms.LinearSystems.Triangular.ForwardSubstitution.0.NumStability.forwardSub_row_tight._proof_1_16,9,3,0,3,6,0,P15-T2;P26-T1;P29-T2
_private.NumStability.Algorithms.LinearSystems.Triangular.ForwardSubstitution.0.NumStability.forwardSub_row_tight._proof_1_17,9,3,0,3,6,0,P15-T2;P26-T1;P29-T2
_private.NumStability.Algorithms.LinearSystems.Triangular.ForwardSubstitution.0.NumStability.forwardSub_row_tight._proof_1_18,9,3,0,3,6,0,P15-T2;P26-T1;P29-T2
_private.NumStability.Algorithms.LinearSystems.Triangular.ForwardSubstitution.0.NumStability.forwardSub_row_tight._proof_1_19,9,3,0,3,6,0,P15-T2;P26-T1;P29-T2
_private.NumStability.Algorithms.LinearSystems.Triangular.ForwardSubstitution.0.NumStability.forwardSub_row_tight._proof_1_2,9,3,0,3,6,0,P15-T2;P26-T1;P29-T2
_private.NumStability.Algorithms.LinearSystems.Triangular.ForwardSubstitution.0.NumStability.forwardSub_row_tight._proof_1_21,9,3,0,3,6,0,P15-T2;P26-T1;P29-T2
_private.NumStability.Algorithms.LinearSystems.Triangular.ForwardSubstitution.0.NumStability.forwardSub_row_tight._proof_1_22,9,3,0,3,6,0,P15-T2;P26-T1;P29-T2
_private.NumStability.Algorithms.LinearSystems.Triangular.ForwardSubstitution.0.NumStability.forwardSub_row_tight._proof_1_24,9,3,0,3,6,0,P15-T2;P26-T1;P29-T2
_private.NumStability.Algorithms.LinearSystems.Triangular.ForwardSubstitution.0.NumStability.forwardSub_row_tight._proof_1_25,9,3,0,3,6,0,P15-T2;P26-T1;P29-T2
_private.NumStability.Algorithms.LinearSystems.Triangular.ForwardSubstitution.0.NumStability.forwardSub_row_tight._proof_1_26,9,3,0,3,6,0,P15-T2;P26-T1;P29-T2
_private.NumStability.Algorithms.LinearSystems.Triangular.ForwardSubstitution.0.NumStability.forwardSub_row_tight._simp_1_14,9,3,0,3,6,0,P15-T2;P26-T1;P29-T2
_private.NumStability.Algorithms.LinearSystems.Triangular.ForwardSubstitution.0.NumStability.forwardSub_row_tight._simp_1_15,9,3,0,3,6,0,P15-T2;P26-T1;P29-T2
_private.NumStability.Algorithms.LinearSystems.Triangular.ForwardSubstitution.0.NumStability.forwardSub_row_tight._simp_1_20,9,3,0,3,6,0,P15-T2;P26-T1;P29-T2
_private.NumStability.Algorithms.LinearSystems.Triangular.ForwardSubstitution.0.NumStability.forwardSub_row_tight._simp_1_23,9,3,0,3,6,0,P15-T2;P26-T1;P29-T2
_private.NumStability.Algorithms.Summation.Pairwise.Core.0.NumStability.left_lt,5,2,1,2,3,0,P01-T1;P01-T2
_private.NumStability.Algorithms.Summation.Pairwise.Core.0.NumStability.left_lt._proof_1_1,5,2,0,2,3,0,P01-T1;P01-T2
_private.NumStability.Algorithms.Summation.Pairwise.Core.0.NumStability.right_lt,5,2,1,2,3,0,P01-T1;P01-T2
_private.NumStability.Algorithms.Summation.Pairwise.Core.0.NumStability.right_lt._proof_1_1,5,2,0,2,3,0,P01-T1;P01-T2
_private.NumStability.Algorithms.Summation.Pairwise.Core.0.NumStability.sum_split,5,2,0,2,3,0,P01-T1;P01-T2
