importer_module,importer_source_path,import_line,imported_module,is_project_module,importer_physical_layer,imported_physical_layer,importer_effective_layer,imported_effective_layer,layer_direction_class,importer_has_static_declarations,importer_compatibility_candidate,edge_semantics
NumStability.Algorithms.LinearSystems.LeastSquares.Equality.Basic,NumStability/Algorithms/LinearSystems/LeastSquares/Equality/Basic.lean,29,NumStability.Source.Higham.Chapter19.Core,true,Algorithms,Source,Algorithms,Source,apparent_reverse_direction,true,false,Source import only; not an elaborated logical declaration edge.
NumStability.Algorithms.LinearSystems.LeastSquares.Equality.Basic,NumStability/Algorithms/LinearSystems/LeastSquares/Equality/Basic.lean,30,NumStability.Source.Higham.Chapter19.Theorem06.ColumnPivot,true,Algorithms,Source,Algorithms,Source,apparent_reverse_direction,true,false,Source import only; not an elaborated logical declaration edge.
NumStability.Algorithms.LinearSystems.LeastSquares.Equality.Basic,NumStability/Algorithms/LinearSystems/LeastSquares/Equality/Basic.lean,20,NumStability.Source.Higham.Chapter19.Theorem06.CoxHighamAssembly,true,Algorithms,Source,Algorithms,Source,apparent_reverse_direction,true,false,Source import only; not an elaborated logical declaration edge.
NumStability.Algorithms.LinearSystems.LeastSquares.Equality.Basic,NumStability/Algorithms/LinearSystems/LeastSquares/Equality/Basic.lean,31,NumStability.Source.Higham.Chapter19.Theorem06.ElementwisePackaged,true,Algorithms,Source,Algorithms,Source,apparent_reverse_direction,true,false,Source import only; not an elaborated logical declaration edge.
NumStability.Algorithms.LinearSystems.LeastSquares.Equality.Basic,NumStability/Algorithms/LinearSystems/LeastSquares/Equality/Basic.lean,21,NumStability.Source.Higham.Chapter19.Theorem06.Pivoted,true,Algorithms,Source,Algorithms,Source,apparent_reverse_direction,true,false,Source import only; not an elaborated logical declaration edge.
NumStability.Algorithms.LinearSystems.LeastSquares.Equality.Basic,NumStability/Algorithms/LinearSystems/LeastSquares/Equality/Basic.lean,23,NumStability.Source.Higham.Chapter21.Equation04.Pseudoinverse,true,Algorithms,Source,Algorithms,Source,apparent_reverse_direction,true,false,Source import only; not an elaborated logical declaration edge.
NumStability.Algorithms.LinearSystems.LeastSquares.Equality.GQR,NumStability/Algorithms/LinearSystems/LeastSquares/Equality/GQR.lean,19,NumStability.Source.Higham.Chapter21.Lemma02.Symmetrization.UnderdeterminedSpec,true,Algorithms,Source,Algorithms,Source,apparent_reverse_direction,true,false,Source import only; not an elaborated logical declaration edge.
NumStability.Algorithms.LinearSystems.LeastSquares.Equality.GQR,NumStability/Algorithms/LinearSystems/LeastSquares/Equality/GQR.lean,20,NumStability.Source.Higham.Chapter21.Theorem01.ComponentwisePerturbation.UnderdeterminedSpec,true,Algorithms,Source,Algorithms,Source,apparent_reverse_direction,true,false,Source import only; not an elaborated logical declaration edge.
NumStability.Algorithms.LinearSystems.LeastSquares.RowSorting,NumStability/Algorithms/LinearSystems/LeastSquares/RowSorting.lean,6,NumStability.Source.Higham.Chapter19.Theorem06.Pivoted,true,Algorithms,Source,Algorithms,Source,apparent_reverse_direction,true,false,Source import only; not an elaborated logical declaration edge.
NumStability.Algorithms.LinearSystems.LeastSquares.TraceKernel,NumStability/Algorithms/LinearSystems/LeastSquares/TraceKernel.lean,6,NumStability.Source.Higham.Chapter19.Theorem06.CoxHigham,true,Algorithms,Source,Algorithms,Source,apparent_reverse_direction,true,false,Source import only; not an elaborated logical declaration edge.
NumStability.Algorithms.LinearSystems.SymmetricIndefinite.Aasen.AasenCoupledFp,NumStability/Algorithms/LinearSystems/SymmetricIndefinite/Aasen/AasenCoupledFp.lean,1,NumStability.Source.Higham.Chapter11.AasenGrowth,true,Algorithms,Source,Algorithms,Source,apparent_reverse_direction,true,false,Source import only; not an elaborated logical declaration edge.
NumStability.Algorithms.LinearSystems.SymmetricIndefinite.Aasen.AasenFactorResidual,NumStability/Algorithms/LinearSystems/SymmetricIndefinite/Aasen/AasenFactorResidual.lean,2,NumStability.Source.Higham.Chapter11.Section02.Aasen,true,Algorithms,Source,Algorithms,Source,apparent_reverse_direction,true,false,Source import only; not an elaborated logical declaration edge.
NumStability.Algorithms.LinearSystems.SymmetricIndefinite.BlockLDLT.BunchTridiagonalFactorBound,NumStability/Algorithms/LinearSystems/SymmetricIndefinite/BlockLDLT/BunchTridiagonalFactorBound.lean,2,NumStability.Source.Higham.Chapter11.BlockLDLTAllOneByOnePrinted,true,Algorithms,Source,Algorithms,Source,apparent_reverse_direction,true,false,Source import only; not an elaborated logical declaration edge.
NumStability.Algorithms.LinearSystems.SymmetricIndefinite.BlockLDLT.BunchTridiagonalFactorBound,NumStability/Algorithms/LinearSystems/SymmetricIndefinite/BlockLDLT/BunchTridiagonalFactorBound.lean,3,NumStability.Source.Higham.Chapter11.BlockLDLTBunchTridiagonal,true,Algorithms,Source,Algorithms,Source,apparent_reverse_direction,true,false,Source import only; not an elaborated logical declaration edge.
NumStability.Algorithms.LinearSystems.SymmetricIndefinite.BlockLDLT.BunchTridiagonalFactorBound,NumStability/Algorithms/LinearSystems/SymmetricIndefinite/BlockLDLT/BunchTridiagonalFactorBound.lean,4,NumStability.Source.Higham.Chapter11.BlockLDLTMixedPivot,true,Algorithms,Source,Algorithms,Source,apparent_reverse_direction,true,false,Source import only; not an elaborated logical declaration edge.
NumStability.Algorithms.LinearSystems.SymmetricIndefinite.BlockLDLT.BunchTridiagonalGrowth,NumStability/Algorithms/LinearSystems/SymmetricIndefinite/BlockLDLT/BunchTridiagonalGrowth.lean,1,NumStability.Source.Higham.Chapter11.BlockLDLTBunchTridiagonal,true,Algorithms,Source,Algorithms,Source,apparent_reverse_direction,true,false,Source import only; not an elaborated logical declaration edge.
NumStability.Algorithms.LinearSystems.SymmetricIndefinite.BlockLDLT.BunchTridiagonalGrowth,NumStability/Algorithms/LinearSystems/SymmetricIndefinite/BlockLDLT/BunchTridiagonalGrowth.lean,2,NumStability.Source.Higham.Chapter11.BlockLDLTMixedPivot,true,Algorithms,Source,Algorithms,Source,apparent_reverse_direction,true,false,Source import only; not an elaborated logical declaration edge.
NumStability.Algorithms.LinearSystems.SymmetricIndefinite.BlockLDLT.BunchTridiagonalGrowth,NumStability/Algorithms/LinearSystems/SymmetricIndefinite/BlockLDLT/BunchTridiagonalGrowth.lean,3,NumStability.Source.Higham.Chapter11.Section01.Tridiagonal,true,Algorithms,Source,Algorithms,Source,apparent_reverse_direction,true,false,Source import only; not an elaborated logical declaration edge.
NumStability.Algorithms.LinearSystems.SymmetricIndefinite.BlockLDLT.BunchTridiagonalGrowthInvariant,NumStability/Algorithms/LinearSystems/SymmetricIndefinite/BlockLDLT/BunchTridiagonalGrowthInvariant.lean,3,NumStability.Source.Higham.Chapter11.BlockLDLTAllOneByOnePrinted,true,Algorithms,Source,Algorithms,Source,apparent_reverse_direction,true,false,Source import only; not an elaborated logical declaration edge.
NumStability.Algorithms.LinearSystems.SymmetricIndefinite.BlockLDLT.BunchTridiagonalGrowthInvariant,NumStability/Algorithms/LinearSystems/SymmetricIndefinite/BlockLDLT/BunchTridiagonalGrowthInvariant.lean,4,NumStability.Source.Higham.Chapter11.BlockLDLTBunchTridiagonal,true,Algorithms,Source,Algorithms,Source,apparent_reverse_direction,true,false,Source import only; not an elaborated logical declaration edge.
NumStability.Algorithms.LinearSystems.SymmetricIndefinite.BlockLDLT.BunchTridiagonalGrowthInvariant,NumStability/Algorithms/LinearSystems/SymmetricIndefinite/BlockLDLT/BunchTridiagonalGrowthInvariant.lean,5,NumStability.Source.Higham.Chapter11.BlockLDLTMixedPivot,true,Algorithms,Source,Algorithms,Source,apparent_reverse_direction,true,false,Source import only; not an elaborated logical declaration edge.
NumStability.Algorithms.LinearSystems.SymmetricIndefinite.BlockLDLT.BunchTridiagonalGrowthInvariant,NumStability/Algorithms/LinearSystems/SymmetricIndefinite/BlockLDLT/BunchTridiagonalGrowthInvariant.lean,6,NumStability.Source.Higham.Chapter11.Section01.PartialPivoting,true,Algorithms,Source,Algorithms,Source,apparent_reverse_direction,true,false,Source import only; not an elaborated logical declaration edge.
NumStability.Algorithms.LinearSystems.SymmetricIndefinite.BlockLDLT.BunchTridiagonalGrowthInvariant,NumStability/Algorithms/LinearSystems/SymmetricIndefinite/BlockLDLT/BunchTridiagonalGrowthInvariant.lean,7,NumStability.Source.Higham.Chapter11.Section01.Tridiagonal,true,Algorithms,Source,Algorithms,Source,apparent_reverse_direction,true,false,Source import only; not an elaborated logical declaration edge.
NumStability.Algorithms.LinearSystems.SymmetricIndefinite.BlockLDLT.BunchTridiagonalSparseFactor,NumStability/Algorithms/LinearSystems/SymmetricIndefinite/BlockLDLT/BunchTridiagonalSparseFactor.lean,4,NumStability.Source.Higham.Chapter11.BlockLDLTBunchTridiagonal,true,Algorithms,Source,Algorithms,Source,apparent_reverse_direction,true,false,Source import only; not an elaborated logical declaration edge.
NumStability.Algorithms.LinearSystems.SymmetricIndefinite.BlockLDLT.BunchTridiagonalSparseFactor,NumStability/Algorithms/LinearSystems/SymmetricIndefinite/BlockLDLT/BunchTridiagonalSparseFactor.lean,5,NumStability.Source.Higham.Chapter11.BlockLDLTMixedPivot,true,Algorithms,Source,Algorithms,Source,apparent_reverse_direction,true,false,Source import only; not an elaborated logical declaration edge.
NumStability.Algorithms.LinearSystems.SymmetricIndefinite.BlockLDLT.BunchTridiagonalSparseFactor,NumStability/Algorithms/LinearSystems/SymmetricIndefinite/BlockLDLT/BunchTridiagonalSparseFactor.lean,6,NumStability.Source.Higham.Chapter11.TwoByTwoSchurStep,true,Algorithms,Source,Algorithms,Source,apparent_reverse_direction,true,false,Source import only; not an elaborated logical declaration edge.
NumStability.Algorithms.LinearSystems.SymmetricIndefinite.BlockLDLT.BunchTridiagonalSparseSolve,NumStability/Algorithms/LinearSystems/SymmetricIndefinite/BlockLDLT/BunchTridiagonalSparseSolve.lean,3,NumStability.Source.Higham.Chapter08.Section03.TriangularSystems.ArbitraryOrder,true,Algorithms,Source,Algorithms,Source,apparent_reverse_direction,true,false,Source import only; not an elaborated logical declaration edge.
NumStability.Algorithms.LinearSystems.SymmetricIndefinite.BlockLDLT.BunchTridiagonalSparseSolve,NumStability/Algorithms/LinearSystems/SymmetricIndefinite/BlockLDLT/BunchTridiagonalSparseSolve.lean,4,NumStability.Source.Higham.Chapter11.BlockLDLTBunchTridiagonal,true,Algorithms,Source,Algorithms,Source,apparent_reverse_direction,true,false,Source import only; not an elaborated logical declaration edge.
NumStability.Algorithms.LinearSystems.SymmetricIndefinite.BlockLDLT.BunchTridiagonalSparseSolve,NumStability/Algorithms/LinearSystems/SymmetricIndefinite/BlockLDLT/BunchTridiagonalSparseSolve.lean,5,NumStability.Source.Higham.Chapter11.BlockLDLTMixedPivot,true,Algorithms,Source,Algorithms,Source,apparent_reverse_direction,true,false,Source import only; not an elaborated logical declaration edge.
NumStability.Algorithms.LinearSystems.SymmetricIndefinite.BlockLDLT.BunchTridiagonalSparseSolve,NumStability/Algorithms/LinearSystems/SymmetricIndefinite/BlockLDLT/BunchTridiagonalSparseSolve.lean,6,NumStability.Source.Higham.Chapter11.BlockLDLTSolveBackward,true,Algorithms,Source,Algorithms,Source,apparent_reverse_direction,true,false,Source import only; not an elaborated logical declaration edge.
NumStability.Algorithms.LinearSystems.SymmetricIndefinite.BlockLDLT.BunchTridiagonalSparseSolve,NumStability/Algorithms/LinearSystems/SymmetricIndefinite/BlockLDLT/BunchTridiagonalSparseSolve.lean,7,NumStability.Source.Higham.Chapter11.BunchTridiagonalActualSolve,true,Algorithms,Source,Algorithms,Source,apparent_reverse_direction,true,false,Source import only; not an elaborated logical declaration edge.
NumStability.Algorithms.LinearSystems.SymmetricIndefinite.BlockLDLT.BunchTridiagonalSparseSolve,NumStability/Algorithms/LinearSystems/SymmetricIndefinite/BlockLDLT/BunchTridiagonalSparseSolve.lean,8,NumStability.Source.Higham.Chapter11.Section01.PartialPivoting,true,Algorithms,Source,Algorithms,Source,apparent_reverse_direction,true,false,Source import only; not an elaborated logical declaration edge.
NumStability.Algorithms.LinearSystems.SymmetricIndefinite.BlockLDLT.BunchTridiagonalSparseSolve,NumStability/Algorithms/LinearSystems/SymmetricIndefinite/BlockLDLT/BunchTridiagonalSparseSolve.lean,9,NumStability.Source.Higham.Chapter11.Section02.Aasen,true,Algorithms,Source,Algorithms,Source,apparent_reverse_direction,true,false,Source import only; not an elaborated logical declaration edge.
NumStability.Algorithms.LinearSystems.Underdetermined.MinimumNorm.Solvers.Executor.Core,NumStability/Algorithms/LinearSystems/Underdetermined/MinimumNorm/Solvers/Executor/Core.lean,29,NumStability.Source.Higham.Chapter19.Core,true,Algorithms,Source,Algorithms,Source,apparent_reverse_direction,true,false,Source import only; not an elaborated logical declaration edge.
NumStability.Algorithms.LinearSystems.Underdetermined.MinimumNorm.Solvers.Executor.Core,NumStability/Algorithms/LinearSystems/Underdetermined/MinimumNorm/Solvers/Executor/Core.lean,30,NumStability.Source.Higham.Chapter20.Theorem03.QRSolve,true,Algorithms,Source,Algorithms,Source,apparent_reverse_direction,true,false,Source import only; not an elaborated logical declaration edge.
NumStability.Algorithms.LinearSystems.Underdetermined.MinimumNorm.Solvers.Executor.Core,NumStability/Algorithms/LinearSystems/Underdetermined/MinimumNorm/Solvers/Executor/Core.lean,31,NumStability.Source.Higham.Chapter21.Equation01.UnderdeterminedSolve,true,Algorithms,Source,Algorithms,Source,apparent_reverse_direction,true,false,Source import only; not an elaborated logical declaration edge.
NumStability.Algorithms.LinearSystems.Underdetermined.MinimumNorm.Solvers.Executor.Core,NumStability/Algorithms/LinearSystems/Underdetermined/MinimumNorm/Solvers/Executor/Core.lean,32,NumStability.Source.Higham.Chapter21.Equation02.UnderdeterminedSolve,true,Algorithms,Source,Algorithms,Source,apparent_reverse_direction,true,false,Source import only; not an elaborated logical declaration edge.
NumStability.Algorithms.LinearSystems.Underdetermined.MinimumNorm.Solvers.Executor.Core,NumStability/Algorithms/LinearSystems/Underdetermined/MinimumNorm/Solvers/Executor/Core.lean,33,NumStability.Source.Higham.Chapter21.Equation03.UnderdeterminedSolve,true,Algorithms,Source,Algorithms,Source,apparent_reverse_direction,true,false,Source import only; not an elaborated logical declaration edge.
NumStability.Algorithms.LinearSystems.Underdetermined.MinimumNorm.Solvers.Executor.Core,NumStability/Algorithms/LinearSystems/Underdetermined/MinimumNorm/Solvers/Executor/Core.lean,34,NumStability.Source.Higham.Chapter21.Equation05.UnderdeterminedSolve,true,Algorithms,Source,Algorithms,Source,apparent_reverse_direction,true,false,Source import only; not an elaborated logical declaration edge.
NumStability.Algorithms.LinearSystems.Underdetermined.MinimumNorm.Solvers.Executor.Core,NumStability/Algorithms/LinearSystems/Underdetermined/MinimumNorm/Solvers/Executor/Core.lean,35,NumStability.Source.Higham.Chapter21.Equation07.UnderdeterminedSolve,true,Algorithms,Source,Algorithms,Source,apparent_reverse_direction,true,false,Source import only; not an elaborated logical declaration edge.
NumStability.Algorithms.LinearSystems.Underdetermined.MinimumNorm.Solvers.Executor.Core,NumStability/Algorithms/LinearSystems/Underdetermined/MinimumNorm/Solvers/Executor/Core.lean,36,NumStability.Source.Higham.Chapter21.Equation10.UnderdeterminedSolve,true,Algorithms,Source,Algorithms,Source,apparent_reverse_direction,true,false,Source import only; not an elaborated logical declaration edge.
NumStability.Algorithms.LinearSystems.Underdetermined.MinimumNorm.Solvers.Executor.Core,NumStability/Algorithms/LinearSystems/Underdetermined/MinimumNorm/Solvers/Executor/Core.lean,37,NumStability.Source.Higham.Chapter21.Equation11.UnderdeterminedSolve,true,Algorithms,Source,Algorithms,Source,apparent_reverse_direction,true,false,Source import only; not an elaborated logical declaration edge.
NumStability.Algorithms.LinearSystems.Underdetermined.MinimumNorm.Solvers.Executor.Core,NumStability/Algorithms/LinearSystems/Underdetermined/MinimumNorm/Solvers/Executor/Core.lean,38,NumStability.Source.Higham.Chapter21.Lemma02.Symmetrization.UnderdeterminedSolve,true,Algorithms,Source,Algorithms,Source,apparent_reverse_direction,true,false,Source import only; not an elaborated logical declaration edge.
NumStability.Algorithms.LinearSystems.Underdetermined.MinimumNorm.Solvers.Executor.Core,NumStability/Algorithms/LinearSystems/Underdetermined/MinimumNorm/Solvers/Executor/Core.lean,21,NumStability.Source.Higham.Chapter21.Theorem01.ComponentwisePerturbation.UnderdeterminedSpec,true,Algorithms,Source,Algorithms,Source,apparent_reverse_direction,true,false,Source import only; not an elaborated logical declaration edge.
NumStability.Algorithms.LinearSystems.Underdetermined.MinimumNorm.Solvers.Executor.Core,NumStability/Algorithms/LinearSystems/Underdetermined/MinimumNorm/Solvers/Executor/Core.lean,39,NumStability.Source.Higham.Chapter21.Theorem03.NormwiseBackwardError.UnderdeterminedSolve,true,Algorithms,Source,Algorithms,Source,apparent_reverse_direction,true,false,Source import only; not an elaborated logical declaration edge.
NumStability.Algorithms.LinearSystems.Underdetermined.MinimumNorm.Solvers.Executor.Core,NumStability/Algorithms/LinearSystems/Underdetermined/MinimumNorm/Solvers/Executor/Core.lean,40,NumStability.Source.Higham.Chapter21.Theorem04.HouseholderQMethod.UnderdeterminedSolve,true,Algorithms,Source,Algorithms,Source,apparent_reverse_direction,true,false,Source import only; not an elaborated logical declaration edge.
NumStability.Algorithms.LinearSystems.Underdetermined.Perturbation.Bounds.Core,NumStability/Algorithms/LinearSystems/Underdetermined/Perturbation/Bounds/Core.lean,3,NumStability.Source.Higham.Chapter21.Equation06.Perturbation,true,Algorithms,Source,Algorithms,Source,apparent_reverse_direction,true,false,Source import only; not an elaborated logical declaration edge.
NumStability.Algorithms.LinearSystems.Underdetermined.Perturbation.Bounds.Core,NumStability/Algorithms/LinearSystems/Underdetermined/Perturbation/Bounds/Core.lean,2,NumStability.Source.Higham.Chapter21.Theorem01.ComponentwisePerturbation.RankStability,true,Algorithms,Source,Algorithms,Source,apparent_reverse_direction,true,false,Source import only; not an elaborated logical declaration edge.
NumStability.Algorithms.LinearSystems.Underdetermined.Perturbation.Radius.Core,NumStability/Algorithms/LinearSystems/Underdetermined/Perturbation/Radius/Core.lean,5,NumStability.Source.Higham.Chapter21.Theorem01.ComponentwisePerturbation.Radius,true,Algorithms,Source,Algorithms,Source,apparent_reverse_direction,true,false,Source import only; not an elaborated logical declaration edge.
NumStability.Algorithms.LinearSystems.Underdetermined.QR.Givens.EndToEnd.Core,NumStability/Algorithms/LinearSystems/Underdetermined/QR/Givens/EndToEnd/Core.lean,3,NumStability.Source.Higham.Chapter21.Equation10.Closure,true,Algorithms,Source,Algorithms,Source,apparent_reverse_direction,true,false,Source import only; not an elaborated logical declaration edge.
NumStability.Algorithms.LinearSystems.Underdetermined.QR.Givens.EndToEnd.Core,NumStability/Algorithms/LinearSystems/Underdetermined/QR/Givens/EndToEnd/Core.lean,4,NumStability.Source.Higham.Chapter21.Theorem04.GivensQMethod.Closure,true,Algorithms,Source,Algorithms,Source,apparent_reverse_direction,true,false,Source import only; not an elaborated logical declaration edge.
NumStability.Algorithms.LinearSystems.Underdetermined.QR.Givens.Rounded.Core,NumStability/Algorithms/LinearSystems/Underdetermined/QR/Givens/Rounded/Core.lean,2,NumStability.Source.Higham.Chapter21.Equation10.RoundedReplay,true,Algorithms,Source,Algorithms,Source,apparent_reverse_direction,true,false,Source import only; not an elaborated logical declaration edge.
NumStability.Algorithms.LinearSystems.Underdetermined.QR.Givens.Rounded.Core,NumStability/Algorithms/LinearSystems/Underdetermined/QR/Givens/Rounded/Core.lean,3,NumStability.Source.Higham.Chapter21.Theorem04.GivensQMethod.RoundedReplay,true,Algorithms,Source,Algorithms,Source,apparent_reverse_direction,true,false,Source import only; not an elaborated logical declaration edge.
NumStability.Algorithms.LinearSystems.Underdetermined.QR.ModifiedGramSchmidt.Rounded.Core,NumStability/Algorithms/LinearSystems/Underdetermined/QR/ModifiedGramSchmidt/Rounded/Core.lean,5,NumStability.Source.Higham.Chapter21.Corrections.CorrectedMGS.RoundedReplay,true,Algorithms,Source,Algorithms,Source,apparent_reverse_direction,true,false,Source import only; not an elaborated logical declaration edge.
NumStability.Algorithms.LinearSystems.Underdetermined.QR.ModifiedGramSchmidt.Rounded.Core,NumStability/Algorithms/LinearSystems/Underdetermined/QR/ModifiedGramSchmidt/Rounded/Core.lean,3,NumStability.Source.Higham.Chapter21.Section03.MethodComparison.Core,true,Algorithms,Source,Algorithms,Source,apparent_reverse_direction,true,false,Source import only; not an elaborated logical declaration edge.
NumStability.Algorithms.LinearSystems.Underdetermined.QR.ModifiedGramSchmidt.Rounded.Core,NumStability/Algorithms/LinearSystems/Underdetermined/QR/ModifiedGramSchmidt/Rounded/Core.lean,4,NumStability.Source.Higham.Chapter21.Theorem04.ModifiedGramSchmidtQMethod.Core,true,Algorithms,Source,Algorithms,Source,apparent_reverse_direction,true,false,Source import only; not an elaborated logical declaration edge.
NumStability.Algorithms.LinearSystems.Underdetermined.QR.ModifiedGramSchmidt.Rounded.Core,NumStability/Algorithms/LinearSystems/Underdetermined/QR/ModifiedGramSchmidt/Rounded/Core.lean,6,NumStability.Source.Higham.Chapter21.Theorem04.ModifiedGramSchmidtQMethod.RoundedReplay,true,Algorithms,Source,Algorithms,Source,apparent_reverse_direction,true,false,Source import only; not an elaborated logical declaration edge.
NumStability.Algorithms.LinearSystems.Underdetermined.QR.ModifiedGramSchmidt.Rounded.Core,NumStability/Algorithms/LinearSystems/Underdetermined/QR/ModifiedGramSchmidt/Rounded/Core.lean,7,NumStability.Source.Higham.Chapter21.Theorem04.RowwiseBackwardError,true,Algorithms,Source,Algorithms,Source,apparent_reverse_direction,true,false,Source import only; not an elaborated logical declaration edge.
NumStability.Algorithms.LinearSystems.Underdetermined.SeminormalEquations.ConditionTransfer.Core,NumStability/Algorithms/LinearSystems/Underdetermined/SeminormalEquations/ConditionTransfer/Core.lean,2,NumStability.Source.Higham.Chapter21.Equation07.ConditionTransfer,true,Algorithms,Source,Algorithms,Source,apparent_reverse_direction,true,false,Source import only; not an elaborated logical declaration edge.
NumStability.Algorithms.LinearSystems.Underdetermined.SeminormalEquations.EndToEnd.Core,NumStability/Algorithms/LinearSystems/Underdetermined/SeminormalEquations/EndToEnd/Core.lean,4,NumStability.Source.Higham.Chapter21.Equation11.ActualOutput,true,Algorithms,Source,Algorithms,Source,apparent_reverse_direction,true,false,Source import only; not an elaborated logical declaration edge.
NumStability.Algorithms.LinearSystems.Underdetermined.SeminormalEquations.EndToEnd.Core,NumStability/Algorithms/LinearSystems/Underdetermined/SeminormalEquations/EndToEnd/Core.lean,8,NumStability.Source.Higham.Chapter21.Equation11.Closure,true,Algorithms,Source,Algorithms,Source,apparent_reverse_direction,true,false,Source import only; not an elaborated logical declaration edge.
NumStability.Algorithms.LinearSystems.Underdetermined.SeminormalEquations.EndToEnd.Core,NumStability/Algorithms/LinearSystems/Underdetermined/SeminormalEquations/EndToEnd/Core.lean,5,NumStability.Source.Higham.Chapter21.Equation11.Forward,true,Algorithms,Source,Algorithms,Source,apparent_reverse_direction,true,false,Source import only; not an elaborated logical declaration edge.
NumStability.Algorithms.LinearSystems.Underdetermined.SeminormalEquations.EndToEnd.Core,NumStability/Algorithms/LinearSystems/Underdetermined/SeminormalEquations/EndToEnd/Core.lean,7,NumStability.Source.Higham.Chapter21.Equation11.RemainderBounds,true,Algorithms,Source,Algorithms,Source,apparent_reverse_direction,true,false,Source import only; not an elaborated logical declaration edge.
NumStability.Algorithms.LinearSystems.Underdetermined.SeminormalEquations.EndToEnd.Core,NumStability/Algorithms/LinearSystems/Underdetermined/SeminormalEquations/EndToEnd/Core.lean,9,NumStability.Source.Higham.Chapter21.Theorem04.SeminormalEquations.Closure,true,Algorithms,Source,Algorithms,Source,apparent_reverse_direction,true,false,Source import only; not an elaborated logical declaration edge.
NumStability.Algorithms.LinearSystems.Underdetermined.SeminormalEquations.EndToEnd.Core,NumStability/Algorithms/LinearSystems/Underdetermined/SeminormalEquations/EndToEnd/Core.lean,6,NumStability.Source.Higham.Chapter21.Theorem04.SeminormalEquations.EnvelopeTransfer,true,Algorithms,Source,Algorithms,Source,apparent_reverse_direction,true,false,Source import only; not an elaborated logical declaration edge.
NumStability.Algorithms.LinearSystems.Underdetermined.SeminormalEquations.Uniform.Core,NumStability/Algorithms/LinearSystems/Underdetermined/SeminormalEquations/Uniform/Core.lean,4,NumStability.Source.Higham.Chapter21.Equation11.Uniform,true,Algorithms,Source,Algorithms,Source,apparent_reverse_direction,true,false,Source import only; not an elaborated logical declaration edge.
NumStability.Algorithms.LinearSystems.Underdetermined.SeminormalEquations.Uniform.Core,NumStability/Algorithms/LinearSystems/Underdetermined/SeminormalEquations/Uniform/Core.lean,2,NumStability.Source.Higham.Chapter21.Equation11.UniformEnvelope.Core,true,Algorithms,Source,Algorithms,Source,apparent_reverse_direction,true,false,Source import only; not an elaborated logical declaration edge.
NumStability.Algorithms.LinearSystems.Underdetermined.SeminormalEquations.Uniform.Core,NumStability/Algorithms/LinearSystems/Underdetermined/SeminormalEquations/Uniform/Core.lean,5,NumStability.Source.Higham.Chapter21.Theorem04.SeminormalEquations.Uniform,true,Algorithms,Source,Algorithms,Source,apparent_reverse_direction,true,false,Source import only; not an elaborated logical declaration edge.
NumStability.Algorithms.PolynomialEvaluation.DerivativeEvaluation.ErrorBounds,NumStability/Algorithms/PolynomialEvaluation/DerivativeEvaluation/ErrorBounds.lean,23,NumStability.Source.Higham.Chapter05.Problem01.DifferentiatedHorner.Basic,true,Algorithms,Source,Algorithms,Source,apparent_reverse_direction,true,false,Source import only; not an elaborated logical declaration edge.
NumStability.Algorithms.PolynomialEvaluation.DerivativeEvaluation.ErrorBounds,NumStability/Algorithms/PolynomialEvaluation/DerivativeEvaluation/ErrorBounds.lean,24,NumStability.Source.Higham.Chapter05.Section01.Horner.Basic,true,Algorithms,Source,Algorithms,Source,apparent_reverse_direction,true,false,Source import only; not an elaborated logical declaration edge.
