importer_chapter_guess,imported_chapter_guess,unique_source_import_edges,metric_note
01,01,61,Explicit/name-signal chapter classification; source imports only.
01,NoChapter,140,Explicit/name-signal chapter classification; source imports only.
02,01,3,Explicit/name-signal chapter classification; source imports only.
02,02,110,Explicit/name-signal chapter classification; source imports only.
02,NoChapter,95,Explicit/name-signal chapter classification; source imports only.
03,01,2,Explicit/name-signal chapter classification; source imports only.
03,02,2,Explicit/name-signal chapter classification; source imports only.
03,03,8,Explicit/name-signal chapter classification; source imports only.
03,NoChapter,7,Explicit/name-signal chapter classification; source imports only.
04,02,3,Explicit/name-signal chapter classification; source imports only.
04,04,55,Explicit/name-signal chapter classification; source imports only.
04,09,1,Explicit/name-signal chapter classification; source imports only.
04,19,1,Explicit/name-signal chapter classification; source imports only.
04,NoChapter,69,Explicit/name-signal chapter classification; source imports only.
05,05,64,Explicit/name-signal chapter classification; source imports only.
05,NoChapter,116,Explicit/name-signal chapter classification; source imports only.
06,06,30,Explicit/name-signal chapter classification; source imports only.
06,07,2,Explicit/name-signal chapter classification; source imports only.
06,09,10,Explicit/name-signal chapter classification; source imports only.
06,NoChapter,31,Explicit/name-signal chapter classification; source imports only.
07,06,41,Explicit/name-signal chapter classification; source imports only.
07,07,228,Explicit/name-signal chapter classification; source imports only.
07,08,2,Explicit/name-signal chapter classification; source imports only.
07,09,5,Explicit/name-signal chapter classification; source imports only.
07,19,4,Explicit/name-signal chapter classification; source imports only.
07,NoChapter,396,Explicit/name-signal chapter classification; source imports only.
08,04,1,Explicit/name-signal chapter classification; source imports only.
08,07,57,Explicit/name-signal chapter classification; source imports only.
08,08,315,Explicit/name-signal chapter classification; source imports only.
08,09,7,Explicit/name-signal chapter classification; source imports only.
08,19,5,Explicit/name-signal chapter classification; source imports only.
08,NoChapter,251,Explicit/name-signal chapter classification; source imports only.
09,01,1,Explicit/name-signal chapter classification; source imports only.
09,07,7,Explicit/name-signal chapter classification; source imports only.
09,08,1,Explicit/name-signal chapter classification; source imports only.
09,09,104,Explicit/name-signal chapter classification; source imports only.
09,19,2,Explicit/name-signal chapter classification; source imports only.
09,NoChapter,205,Explicit/name-signal chapter classification; source imports only.
10,06,4,Explicit/name-signal chapter classification; source imports only.
10,08,6,Explicit/name-signal chapter classification; source imports only.
10,09,527,Explicit/name-signal chapter classification; source imports only.
10,10,672,Explicit/name-signal chapter classification; source imports only.
10,14,1,Explicit/name-signal chapter classification; source imports only.
10,NoChapter,735,Explicit/name-signal chapter classification; source imports only.
11,09,5,Explicit/name-signal chapter classification; source imports only.
11,10,1,Explicit/name-signal chapter classification; source imports only.
11,11,433,Explicit/name-signal chapter classification; source imports only.
11,16,2,Explicit/name-signal chapter classification; source imports only.
11,NoChapter,61,Explicit/name-signal chapter classification; source imports only.
12,07,3,Explicit/name-signal chapter classification; source imports only.
12,12,14,Explicit/name-signal chapter classification; source imports only.
12,NoChapter,27,Explicit/name-signal chapter classification; source imports only.
13,13,408,Explicit/name-signal chapter classification; source imports only.
13,14,1,Explicit/name-signal chapter classification; source imports only.
13,NoChapter,308,Explicit/name-signal chapter classification; source imports only.
14,06,2,Explicit/name-signal chapter classification; source imports only.
14,07,3,Explicit/name-signal chapter classification; source imports only.
14,08,15,Explicit/name-signal chapter classification; source imports only.
14,09,388,Explicit/name-signal chapter classification; source imports only.
14,10,11,Explicit/name-signal chapter classification; source imports only.
14,13,3,Explicit/name-signal chapter classification; source imports only.
14,14,535,Explicit/name-signal chapter classification; source imports only.
14,20,1,Explicit/name-signal chapter classification; source imports only.
14,21,4,Explicit/name-signal chapter classification; source imports only.
14,NoChapter,1078,Explicit/name-signal chapter classification; source imports only.
15,15,240,Explicit/name-signal chapter classification; source imports only.
15,28,2,Explicit/name-signal chapter classification; source imports only.
15,NoChapter,435,Explicit/name-signal chapter classification; source imports only.
16,09,19,Explicit/name-signal chapter classification; source imports only.
16,16,214,Explicit/name-signal chapter classification; source imports only.
16,19,2,Explicit/name-signal chapter classification; source imports only.
16,NoChapter,310,Explicit/name-signal chapter classification; source imports only.
17,17,189,Explicit/name-signal chapter classification; source imports only.
17,NoChapter,166,Explicit/name-signal chapter classification; source imports only.
18,18,70,Explicit/name-signal chapter classification; source imports only.
18,NoChapter,128,Explicit/name-signal chapter classification; source imports only.
19,06,1,Explicit/name-signal chapter classification; source imports only.
19,07,1,Explicit/name-signal chapter classification; source imports only.
19,19,127,Explicit/name-signal chapter classification; source imports only.
19,20,4,Explicit/name-signal chapter classification; source imports only.
19,NoChapter,51,Explicit/name-signal chapter classification; source imports only.
20,07,9,Explicit/name-signal chapter classification; source imports only.
20,08,1,Explicit/name-signal chapter classification; source imports only.
20,10,1,Explicit/name-signal chapter classification; source imports only.
20,12,3,Explicit/name-signal chapter classification; source imports only.
20,19,43,Explicit/name-signal chapter classification; source imports only.
20,20,177,Explicit/name-signal chapter classification; source imports only.
20,21,21,Explicit/name-signal chapter classification; source imports only.
20,NoChapter,437,Explicit/name-signal chapter classification; source imports only.
21,19,46,Explicit/name-signal chapter classification; source imports only.
21,20,43,Explicit/name-signal chapter classification; source imports only.
21,21,233,Explicit/name-signal chapter classification; source imports only.
21,NoChapter,695,Explicit/name-signal chapter classification; source imports only.
22,12,2,Explicit/name-signal chapter classification; source imports only.
22,22,16,Explicit/name-signal chapter classification; source imports only.
22,NoChapter,5,Explicit/name-signal chapter classification; source imports only.
23,23,159,Explicit/name-signal chapter classification; source imports only.
23,NoChapter,13,Explicit/name-signal chapter classification; source imports only.
24,09,10,Explicit/name-signal chapter classification; source imports only.
24,24,31,Explicit/name-signal chapter classification; source imports only.
24,NoChapter,2,Explicit/name-signal chapter classification; source imports only.
25,25,7,Explicit/name-signal chapter classification; source imports only.
25,NoChapter,5,Explicit/name-signal chapter classification; source imports only.
26,26,65,Explicit/name-signal chapter classification; source imports only.
26,NoChapter,6,Explicit/name-signal chapter classification; source imports only.
27,02,2,Explicit/name-signal chapter classification; source imports only.
27,27,5,Explicit/name-signal chapter classification; source imports only.
27,NoChapter,3,Explicit/name-signal chapter classification; source imports only.
28,04,9,Explicit/name-signal chapter classification; source imports only.
28,06,1,Explicit/name-signal chapter classification; source imports only.
28,07,1,Explicit/name-signal chapter classification; source imports only.
28,09,122,Explicit/name-signal chapter classification; source imports only.
28,26,7,Explicit/name-signal chapter classification; source imports only.
28,28,525,Explicit/name-signal chapter classification; source imports only.
28,NoChapter,447,Explicit/name-signal chapter classification; source imports only.
NoChapter,01,68,Explicit/name-signal chapter classification; source imports only.
NoChapter,02,109,Explicit/name-signal chapter classification; source imports only.
NoChapter,03,8,Explicit/name-signal chapter classification; source imports only.
NoChapter,04,28,Explicit/name-signal chapter classification; source imports only.
NoChapter,05,30,Explicit/name-signal chapter classification; source imports only.
NoChapter,06,7,Explicit/name-signal chapter classification; source imports only.
NoChapter,07,19,Explicit/name-signal chapter classification; source imports only.
NoChapter,08,39,Explicit/name-signal chapter classification; source imports only.
NoChapter,09,22,Explicit/name-signal chapter classification; source imports only.
NoChapter,10,58,Explicit/name-signal chapter classification; source imports only.
NoChapter,11,66,Explicit/name-signal chapter classification; source imports only.
NoChapter,12,6,Explicit/name-signal chapter classification; source imports only.
NoChapter,13,19,Explicit/name-signal chapter classification; source imports only.
NoChapter,14,25,Explicit/name-signal chapter classification; source imports only.
NoChapter,15,17,Explicit/name-signal chapter classification; source imports only.
NoChapter,16,57,Explicit/name-signal chapter classification; source imports only.
NoChapter,17,13,Explicit/name-signal chapter classification; source imports only.
NoChapter,18,23,Explicit/name-signal chapter classification; source imports only.
NoChapter,19,25,Explicit/name-signal chapter classification; source imports only.
NoChapter,20,6,Explicit/name-signal chapter classification; source imports only.
NoChapter,21,45,Explicit/name-signal chapter classification; source imports only.
NoChapter,22,2,Explicit/name-signal chapter classification; source imports only.
NoChapter,23,2,Explicit/name-signal chapter classification; source imports only.
NoChapter,24,2,Explicit/name-signal chapter classification; source imports only.
NoChapter,25,2,Explicit/name-signal chapter classification; source imports only.
NoChapter,26,3,Explicit/name-signal chapter classification; source imports only.
NoChapter,27,2,Explicit/name-signal chapter classification; source imports only.
NoChapter,28,10,Explicit/name-signal chapter classification; source imports only.
NoChapter,NoChapter,5304,Explicit/name-signal chapter classification; source imports only.
