importer_domain_guess,imported_domain_guess,unique_source_import_edges,metric_note
Arithmetic,Arithmetic,4,Heuristic path-domain classification; source imports only.
Arithmetic,FloatingPoint,10,Heuristic path-domain classification; source imports only.
Arithmetic,Other,1,Heuristic path-domain classification; source imports only.
Arithmetic,Summation,1,Heuristic path-domain classification; source imports only.
Cholesky,Arithmetic,3,Heuristic path-domain classification; source imports only.
Cholesky,Cholesky,252,Heuristic path-domain classification; source imports only.
Cholesky,FloatingPoint,86,Heuristic path-domain classification; source imports only.
Cholesky,HighamSourceOther,198,Heuristic path-domain classification; source imports only.
Cholesky,LU,127,Heuristic path-domain classification; source imports only.
Cholesky,Norms,22,Heuristic path-domain classification; source imports only.
Cholesky,Other,54,Heuristic path-domain classification; source imports only.
Cholesky,Spectral,21,Heuristic path-domain classification; source imports only.
Cholesky,Summation,18,Heuristic path-domain classification; source imports only.
Cholesky,SymmetricIndefinite,13,Heuristic path-domain classification; source imports only.
Cholesky,TestMatrices,5,Heuristic path-domain classification; source imports only.
DotProduct,DotProduct,10,Heuristic path-domain classification; source imports only.
DotProduct,FloatingPoint,14,Heuristic path-domain classification; source imports only.
DotProduct,Other,2,Heuristic path-domain classification; source imports only.
DotProduct,Perturbation,2,Heuristic path-domain classification; source imports only.
DotProduct,Summation,5,Heuristic path-domain classification; source imports only.
FFT,FFT,4,Heuristic path-domain classification; source imports only.
FFT,FloatingPoint,1,Heuristic path-domain classification; source imports only.
FFT,HighamSourceOther,20,Heuristic path-domain classification; source imports only.
FloatingPoint,Arithmetic,1,Heuristic path-domain classification; source imports only.
FloatingPoint,DotProduct,8,Heuristic path-domain classification; source imports only.
FloatingPoint,FloatingPoint,234,Heuristic path-domain classification; source imports only.
FloatingPoint,HighamSourceOther,20,Heuristic path-domain classification; source imports only.
FloatingPoint,LU,1,Heuristic path-domain classification; source imports only.
FloatingPoint,MatrixPowers,19,Heuristic path-domain classification; source imports only.
FloatingPoint,Norms,8,Heuristic path-domain classification; source imports only.
FloatingPoint,Other,55,Heuristic path-domain classification; source imports only.
FloatingPoint,Perturbation,15,Heuristic path-domain classification; source imports only.
FloatingPoint,Polynomials,1,Heuristic path-domain classification; source imports only.
FloatingPoint,ProbabilityStatistics,9,Heuristic path-domain classification; source imports only.
FloatingPoint,Spectral,3,Heuristic path-domain classification; source imports only.
FloatingPoint,Summation,10,Heuristic path-domain classification; source imports only.
FloatingPoint,TestMatrices,1,Heuristic path-domain classification; source imports only.
HighamSourceOther,Arithmetic,6,Heuristic path-domain classification; source imports only.
HighamSourceOther,Cholesky,209,Heuristic path-domain classification; source imports only.
HighamSourceOther,DotProduct,66,Heuristic path-domain classification; source imports only.
HighamSourceOther,FFT,8,Heuristic path-domain classification; source imports only.
HighamSourceOther,FloatingPoint,490,Heuristic path-domain classification; source imports only.
HighamSourceOther,HighamSourceOther,2579,Heuristic path-domain classification; source imports only.
HighamSourceOther,LU,686,Heuristic path-domain classification; source imports only.
HighamSourceOther,LeastSquares,396,Heuristic path-domain classification; source imports only.
HighamSourceOther,MatrixEquations,85,Heuristic path-domain classification; source imports only.
HighamSourceOther,MatrixMultiplication,76,Heuristic path-domain classification; source imports only.
HighamSourceOther,MatrixPowers,44,Heuristic path-domain classification; source imports only.
HighamSourceOther,Nonlinear,4,Heuristic path-domain classification; source imports only.
HighamSourceOther,Norms,638,Heuristic path-domain classification; source imports only.
HighamSourceOther,Other,681,Heuristic path-domain classification; source imports only.
HighamSourceOther,Perturbation,142,Heuristic path-domain classification; source imports only.
HighamSourceOther,Polynomials,27,Heuristic path-domain classification; source imports only.
HighamSourceOther,ProbabilityStatistics,73,Heuristic path-domain classification; source imports only.
HighamSourceOther,QR,227,Heuristic path-domain classification; source imports only.
HighamSourceOther,Spectral,222,Heuristic path-domain classification; source imports only.
HighamSourceOther,Summation,100,Heuristic path-domain classification; source imports only.
HighamSourceOther,SymmetricIndefinite,93,Heuristic path-domain classification; source imports only.
HighamSourceOther,TestMatrices,114,Heuristic path-domain classification; source imports only.
LU,Cholesky,136,Heuristic path-domain classification; source imports only.
LU,DotProduct,14,Heuristic path-domain classification; source imports only.
LU,FloatingPoint,86,Heuristic path-domain classification; source imports only.
LU,HighamSourceOther,342,Heuristic path-domain classification; source imports only.
LU,LU,257,Heuristic path-domain classification; source imports only.
LU,LeastSquares,8,Heuristic path-domain classification; source imports only.
LU,MatrixEquations,3,Heuristic path-domain classification; source imports only.
LU,MatrixMultiplication,14,Heuristic path-domain classification; source imports only.
LU,Norms,40,Heuristic path-domain classification; source imports only.
LU,Other,77,Heuristic path-domain classification; source imports only.
LU,Perturbation,12,Heuristic path-domain classification; source imports only.
LU,QR,1,Heuristic path-domain classification; source imports only.
LU,Spectral,14,Heuristic path-domain classification; source imports only.
LU,Summation,14,Heuristic path-domain classification; source imports only.
LU,SymmetricIndefinite,4,Heuristic path-domain classification; source imports only.
LU,TestMatrices,8,Heuristic path-domain classification; source imports only.
LeastSquares,Cholesky,98,Heuristic path-domain classification; source imports only.
LeastSquares,DotProduct,58,Heuristic path-domain classification; source imports only.
LeastSquares,FloatingPoint,147,Heuristic path-domain classification; source imports only.
LeastSquares,HighamSourceOther,123,Heuristic path-domain classification; source imports only.
LeastSquares,LU,173,Heuristic path-domain classification; source imports only.
LeastSquares,LeastSquares,827,Heuristic path-domain classification; source imports only.
LeastSquares,MatrixMultiplication,30,Heuristic path-domain classification; source imports only.
LeastSquares,Norms,335,Heuristic path-domain classification; source imports only.
LeastSquares,Other,313,Heuristic path-domain classification; source imports only.
LeastSquares,Perturbation,81,Heuristic path-domain classification; source imports only.
LeastSquares,ProbabilityStatistics,1,Heuristic path-domain classification; source imports only.
LeastSquares,QR,333,Heuristic path-domain classification; source imports only.
LeastSquares,Spectral,111,Heuristic path-domain classification; source imports only.
LeastSquares,Summation,28,Heuristic path-domain classification; source imports only.
LeastSquares,TestMatrices,28,Heuristic path-domain classification; source imports only.
MatrixEquations,Arithmetic,1,Heuristic path-domain classification; source imports only.
MatrixEquations,FloatingPoint,22,Heuristic path-domain classification; source imports only.
MatrixEquations,HighamSourceOther,29,Heuristic path-domain classification; source imports only.
MatrixEquations,LU,3,Heuristic path-domain classification; source imports only.
MatrixEquations,MatrixEquations,402,Heuristic path-domain classification; source imports only.
MatrixEquations,MatrixMultiplication,3,Heuristic path-domain classification; source imports only.
MatrixEquations,Norms,18,Heuristic path-domain classification; source imports only.
MatrixEquations,Other,77,Heuristic path-domain classification; source imports only.
MatrixEquations,Perturbation,4,Heuristic path-domain classification; source imports only.
MatrixEquations,QR,2,Heuristic path-domain classification; source imports only.
MatrixEquations,Spectral,18,Heuristic path-domain classification; source imports only.
MatrixEquations,TestMatrices,2,Heuristic path-domain classification; source imports only.
MatrixMultiplication,DotProduct,3,Heuristic path-domain classification; source imports only.
MatrixMultiplication,FloatingPoint,8,Heuristic path-domain classification; source imports only.
MatrixMultiplication,HighamSourceOther,66,Heuristic path-domain classification; source imports only.
MatrixMultiplication,LU,6,Heuristic path-domain classification; source imports only.
MatrixMultiplication,LeastSquares,2,Heuristic path-domain classification; source imports only.
MatrixMultiplication,MatrixMultiplication,15,Heuristic path-domain classification; source imports only.
MatrixMultiplication,Norms,2,Heuristic path-domain classification; source imports only.
MatrixMultiplication,Other,9,Heuristic path-domain classification; source imports only.
MatrixMultiplication,Perturbation,2,Heuristic path-domain classification; source imports only.
MatrixMultiplication,TestMatrices,2,Heuristic path-domain classification; source imports only.
MatrixPowers,Cholesky,1,Heuristic path-domain classification; source imports only.
MatrixPowers,DotProduct,7,Heuristic path-domain classification; source imports only.
MatrixPowers,FloatingPoint,20,Heuristic path-domain classification; source imports only.
MatrixPowers,HighamSourceOther,23,Heuristic path-domain classification; source imports only.
MatrixPowers,LU,2,Heuristic path-domain classification; source imports only.
MatrixPowers,MatrixPowers,324,Heuristic path-domain classification; source imports only.
MatrixPowers,Norms,61,Heuristic path-domain classification; source imports only.
MatrixPowers,Other,40,Heuristic path-domain classification; source imports only.
MatrixPowers,Perturbation,11,Heuristic path-domain classification; source imports only.
MatrixPowers,Spectral,27,Heuristic path-domain classification; source imports only.
Nonlinear,FloatingPoint,7,Heuristic path-domain classification; source imports only.
Nonlinear,HighamSourceOther,3,Heuristic path-domain classification; source imports only.
Nonlinear,MatrixMultiplication,1,Heuristic path-domain classification; source imports only.
Nonlinear,Nonlinear,2,Heuristic path-domain classification; source imports only.
Nonlinear,Norms,1,Heuristic path-domain classification; source imports only.
Nonlinear,Other,3,Heuristic path-domain classification; source imports only.
Nonlinear,Perturbation,2,Heuristic path-domain classification; source imports only.
Nonlinear,Polynomials,1,Heuristic path-domain classification; source imports only.
Nonlinear,QR,1,Heuristic path-domain classification; source imports only.
Norms,Arithmetic,1,Heuristic path-domain classification; source imports only.
Norms,Cholesky,14,Heuristic path-domain classification; source imports only.
Norms,DotProduct,4,Heuristic path-domain classification; source imports only.
Norms,FloatingPoint,31,Heuristic path-domain classification; source imports only.
Norms,HighamSourceOther,152,Heuristic path-domain classification; source imports only.
Norms,LU,89,Heuristic path-domain classification; source imports only.
Norms,LeastSquares,14,Heuristic path-domain classification; source imports only.
Norms,MatrixEquations,51,Heuristic path-domain classification; source imports only.
Norms,MatrixMultiplication,4,Heuristic path-domain classification; source imports only.
Norms,MatrixPowers,23,Heuristic path-domain classification; source imports only.
Norms,Norms,687,Heuristic path-domain classification; source imports only.
Norms,Other,246,Heuristic path-domain classification; source imports only.
Norms,Perturbation,50,Heuristic path-domain classification; source imports only.
Norms,ProbabilityStatistics,2,Heuristic path-domain classification; source imports only.
Norms,QR,10,Heuristic path-domain classification; source imports only.
Norms,Spectral,90,Heuristic path-domain classification; source imports only.
Norms,Summation,47,Heuristic path-domain classification; source imports only.
Norms,TestMatrices,21,Heuristic path-domain classification; source imports only.
Other,Arithmetic,7,Heuristic path-domain classification; source imports only.
Other,Cholesky,43,Heuristic path-domain classification; source imports only.
Other,DotProduct,24,Heuristic path-domain classification; source imports only.
Other,FloatingPoint,158,Heuristic path-domain classification; source imports only.
Other,HighamSourceOther,416,Heuristic path-domain classification; source imports only.
Other,LU,66,Heuristic path-domain classification; source imports only.
Other,LeastSquares,46,Heuristic path-domain classification; source imports only.
Other,MatrixEquations,18,Heuristic path-domain classification; source imports only.
Other,MatrixMultiplication,18,Heuristic path-domain classification; source imports only.
Other,MatrixPowers,42,Heuristic path-domain classification; source imports only.
Other,Nonlinear,2,Heuristic path-domain classification; source imports only.
Other,Norms,160,Heuristic path-domain classification; source imports only.
Other,Other,335,Heuristic path-domain classification; source imports only.
Other,Perturbation,37,Heuristic path-domain classification; source imports only.
Other,Polynomials,6,Heuristic path-domain classification; source imports only.
Other,ProbabilityStatistics,10,Heuristic path-domain classification; source imports only.
Other,QR,14,Heuristic path-domain classification; source imports only.
Other,Spectral,28,Heuristic path-domain classification; source imports only.
Other,Summation,34,Heuristic path-domain classification; source imports only.
Other,SymmetricIndefinite,13,Heuristic path-domain classification; source imports only.
Other,TestMatrices,10,Heuristic path-domain classification; source imports only.
Perturbation,Arithmetic,1,Heuristic path-domain classification; source imports only.
Perturbation,Cholesky,2,Heuristic path-domain classification; source imports only.
Perturbation,DotProduct,7,Heuristic path-domain classification; source imports only.
Perturbation,FloatingPoint,32,Heuristic path-domain classification; source imports only.
Perturbation,HighamSourceOther,87,Heuristic path-domain classification; source imports only.
Perturbation,LU,17,Heuristic path-domain classification; source imports only.
Perturbation,LeastSquares,10,Heuristic path-domain classification; source imports only.
Perturbation,MatrixEquations,29,Heuristic path-domain classification; source imports only.
Perturbation,MatrixMultiplication,4,Heuristic path-domain classification; source imports only.
Perturbation,MatrixPowers,1,Heuristic path-domain classification; source imports only.
Perturbation,Norms,17,Heuristic path-domain classification; source imports only.
Perturbation,Other,42,Heuristic path-domain classification; source imports only.
Perturbation,Perturbation,36,Heuristic path-domain classification; source imports only.
Perturbation,Polynomials,4,Heuristic path-domain classification; source imports only.
Perturbation,ProbabilityStatistics,3,Heuristic path-domain classification; source imports only.
Perturbation,QR,3,Heuristic path-domain classification; source imports only.
Perturbation,Spectral,21,Heuristic path-domain classification; source imports only.
Perturbation,Summation,1,Heuristic path-domain classification; source imports only.
Perturbation,TestMatrices,4,Heuristic path-domain classification; source imports only.
Polynomials,Arithmetic,1,Heuristic path-domain classification; source imports only.
Polynomials,FloatingPoint,25,Heuristic path-domain classification; source imports only.
Polynomials,HighamSourceOther,18,Heuristic path-domain classification; source imports only.
Polynomials,LU,1,Heuristic path-domain classification; source imports only.
Polynomials,MatrixMultiplication,1,Heuristic path-domain classification; source imports only.
Polynomials,Norms,4,Heuristic path-domain classification; source imports only.
Polynomials,Other,11,Heuristic path-domain classification; source imports only.
Polynomials,Perturbation,14,Heuristic path-domain classification; source imports only.
Polynomials,Polynomials,19,Heuristic path-domain classification; source imports only.
Polynomials,Spectral,3,Heuristic path-domain classification; source imports only.
Polynomials,Summation,1,Heuristic path-domain classification; source imports only.
ProbabilityStatistics,Arithmetic,2,Heuristic path-domain classification; source imports only.
ProbabilityStatistics,Cholesky,2,Heuristic path-domain classification; source imports only.
ProbabilityStatistics,FloatingPoint,12,Heuristic path-domain classification; source imports only.
ProbabilityStatistics,HighamSourceOther,6,Heuristic path-domain classification; source imports only.
ProbabilityStatistics,LeastSquares,1,Heuristic path-domain classification; source imports only.
ProbabilityStatistics,Norms,11,Heuristic path-domain classification; source imports only.
ProbabilityStatistics,Other,31,Heuristic path-domain classification; source imports only.
ProbabilityStatistics,Perturbation,1,Heuristic path-domain classification; source imports only.
ProbabilityStatistics,ProbabilityStatistics,70,Heuristic path-domain classification; source imports only.
ProbabilityStatistics,QR,22,Heuristic path-domain classification; source imports only.
ProbabilityStatistics,Spectral,3,Heuristic path-domain classification; source imports only.
ProbabilityStatistics,Summation,9,Heuristic path-domain classification; source imports only.
ProbabilityStatistics,TestMatrices,31,Heuristic path-domain classification; source imports only.
QR,DotProduct,3,Heuristic path-domain classification; source imports only.
QR,FloatingPoint,4,Heuristic path-domain classification; source imports only.
QR,HighamSourceOther,39,Heuristic path-domain classification; source imports only.
QR,LeastSquares,13,Heuristic path-domain classification; source imports only.
QR,Nonlinear,1,Heuristic path-domain classification; source imports only.
QR,Norms,5,Heuristic path-domain classification; source imports only.
QR,Other,11,Heuristic path-domain classification; source imports only.
QR,Perturbation,1,Heuristic path-domain classification; source imports only.
QR,QR,65,Heuristic path-domain classification; source imports only.
QR,Spectral,4,Heuristic path-domain classification; source imports only.
Spectral,Cholesky,22,Heuristic path-domain classification; source imports only.
Spectral,DotProduct,1,Heuristic path-domain classification; source imports only.
Spectral,FloatingPoint,17,Heuristic path-domain classification; source imports only.
Spectral,HighamSourceOther,149,Heuristic path-domain classification; source imports only.
Spectral,LU,22,Heuristic path-domain classification; source imports only.
Spectral,LeastSquares,1,Heuristic path-domain classification; source imports only.
Spectral,MatrixEquations,1,Heuristic path-domain classification; source imports only.
Spectral,MatrixPowers,3,Heuristic path-domain classification; source imports only.
Spectral,Nonlinear,1,Heuristic path-domain classification; source imports only.
Spectral,Norms,13,Heuristic path-domain classification; source imports only.
Spectral,Other,28,Heuristic path-domain classification; source imports only.
Spectral,Perturbation,12,Heuristic path-domain classification; source imports only.
Spectral,ProbabilityStatistics,1,Heuristic path-domain classification; source imports only.
Spectral,QR,8,Heuristic path-domain classification; source imports only.
Spectral,Spectral,162,Heuristic path-domain classification; source imports only.
Spectral,Summation,1,Heuristic path-domain classification; source imports only.
Spectral,SymmetricIndefinite,2,Heuristic path-domain classification; source imports only.
Spectral,TestMatrices,15,Heuristic path-domain classification; source imports only.
Summation,Cholesky,44,Heuristic path-domain classification; source imports only.
Summation,FloatingPoint,73,Heuristic path-domain classification; source imports only.
Summation,HighamSourceOther,111,Heuristic path-domain classification; source imports only.
Summation,LU,29,Heuristic path-domain classification; source imports only.
Summation,MatrixMultiplication,2,Heuristic path-domain classification; source imports only.
Summation,Norms,56,Heuristic path-domain classification; source imports only.
Summation,Other,28,Heuristic path-domain classification; source imports only.
Summation,Perturbation,1,Heuristic path-domain classification; source imports only.
Summation,Spectral,7,Heuristic path-domain classification; source imports only.
Summation,Summation,178,Heuristic path-domain classification; source imports only.
Summation,TestMatrices,2,Heuristic path-domain classification; source imports only.
SymmetricIndefinite,Arithmetic,1,Heuristic path-domain classification; source imports only.
SymmetricIndefinite,FloatingPoint,12,Heuristic path-domain classification; source imports only.
SymmetricIndefinite,HighamSourceOther,37,Heuristic path-domain classification; source imports only.
SymmetricIndefinite,LU,56,Heuristic path-domain classification; source imports only.
SymmetricIndefinite,Other,1,Heuristic path-domain classification; source imports only.
SymmetricIndefinite,Spectral,2,Heuristic path-domain classification; source imports only.
SymmetricIndefinite,Summation,1,Heuristic path-domain classification; source imports only.
SymmetricIndefinite,SymmetricIndefinite,307,Heuristic path-domain classification; source imports only.
TestMatrices,Arithmetic,1,Heuristic path-domain classification; source imports only.
TestMatrices,Cholesky,8,Heuristic path-domain classification; source imports only.
TestMatrices,DotProduct,1,Heuristic path-domain classification; source imports only.
TestMatrices,FloatingPoint,5,Heuristic path-domain classification; source imports only.
TestMatrices,HighamSourceOther,82,Heuristic path-domain classification; source imports only.
TestMatrices,LU,4,Heuristic path-domain classification; source imports only.
TestMatrices,LeastSquares,1,Heuristic path-domain classification; source imports only.
TestMatrices,MatrixEquations,1,Heuristic path-domain classification; source imports only.
TestMatrices,MatrixMultiplication,1,Heuristic path-domain classification; source imports only.
TestMatrices,Norms,16,Heuristic path-domain classification; source imports only.
TestMatrices,Other,39,Heuristic path-domain classification; source imports only.
TestMatrices,Perturbation,4,Heuristic path-domain classification; source imports only.
TestMatrices,Polynomials,4,Heuristic path-domain classification; source imports only.
TestMatrices,ProbabilityStatistics,44,Heuristic path-domain classification; source imports only.
TestMatrices,QR,30,Heuristic path-domain classification; source imports only.
TestMatrices,Spectral,17,Heuristic path-domain classification; source imports only.
TestMatrices,Summation,2,Heuristic path-domain classification; source imports only.
TestMatrices,SymmetricIndefinite,1,Heuristic path-domain classification; source imports only.
TestMatrices,TestMatrices,188,Heuristic path-domain classification; source imports only.
