module,source_path,physical_layer,domain_guess,physical_lines,blank_lines,code_bearing_lines,comment_only_lines,blank_fraction,static_declaration_starter_count,static_declaration_starters_per_1000_code_lines,metric_contract_physical_line_threshold,interpretation
NumStability.Source.Higham.Chapter11.Section01.Tridiagonal,NumStability/Source/Higham/Chapter11/Section01/Tridiagonal.lean,Source,HighamSourceOther,57688,1839,51482,4368,0.031878,1832,35.585253,priority_gt_25000,"Size threshold is a review signal, not sufficient evidence that a split is warranted."
NumStability.Analysis.Perturbation.LeastSquares.Equality.RowwiseBackwardError,NumStability/Analysis/Perturbation/LeastSquares/Equality/RowwiseBackwardError.lean,Analysis,LeastSquares,45489,175,43231,2252,0.003847,506,11.704564,priority_gt_25000,"Size threshold is a review signal, not sufficient evidence that a split is warranted."
NumStability.Source.Higham.Chapter11.Section02.Aasen,NumStability/Source/Higham/Chapter11/Section02/Aasen.lean,Source,SymmetricIndefinite,42177,1431,37216,3531,0.033928,1424,38.263113,priority_gt_25000,"Size threshold is a review signal, not sufficient evidence that a split is warranted."
NumStability.Source.Higham.Chapter09.Section11,NumStability/Source/Higham/Chapter09/Section11.lean,Source,HighamSourceOther,41224,1163,37178,2933,0.028212,1038,27.919737,priority_gt_25000,"Size threshold is a review signal, not sufficient evidence that a split is warranted."
NumStability.Source.Higham.Chapter19.Core,NumStability/Source/Higham/Chapter19/Core.lean,Source,HighamSourceOther,40752,1349,36307,3450,0.033103,972,26.771697,priority_gt_25000,"Size threshold is a review signal, not sufficient evidence that a split is warranted."
NumStability.Source.Higham.Chapter11.Section01.PartialPivoting,NumStability/Source/Higham/Chapter11/Section01/PartialPivoting.lean,Source,LU,35907,1141,31968,2799,0.031777,1134,35.472973,priority_gt_25000,"Size threshold is a review signal, not sufficient evidence that a split is warranted."
NumStability.Source.Higham.Chapter09.Problems,NumStability/Source/Higham/Chapter09/Problems.lean,Source,HighamSourceOther,32874,1267,28730,3000,0.038541,1140,39.679777,priority_gt_25000,"Size threshold is a review signal, not sufficient evidence that a split is warranted."
NumStability.Source.Higham.Chapter07.Equation26.DistanceToSingularity.Results,NumStability/Source/Higham/Chapter07/Equation26/DistanceToSingularity/Results.lean,Source,HighamSourceOther,26251,26077,37,139,0.993372,1,27.027027,priority_gt_25000,"Size threshold is a review signal, not sufficient evidence that a split is warranted."
NumStability.Source.Higham.Chapter07.LinearSystemsConditioning.Problem10OneNorm,NumStability/Source/Higham/Chapter07/LinearSystemsConditioning/Problem10OneNorm.lean,Source,Norms,26243,23878,2038,328,0.909881,71,34.838077,priority_gt_25000,"Size threshold is a review signal, not sufficient evidence that a split is warranted."
NumStability.Source.Higham.Chapter07.LinearSystemsConditioning.Problem15Hadamard,NumStability/Source/Higham/Chapter07/LinearSystemsConditioning/Problem15Hadamard.lean,Source,Norms,26241,25328,703,211,0.965207,31,44.096728,priority_gt_25000,"Size threshold is a review signal, not sufficient evidence that a split is warranted."
NumStability.Source.Higham.Chapter07.LinearSystemsConditioning.Theorem05.Part02,NumStability/Source/Higham/Chapter07/LinearSystemsConditioning/Theorem05/Part02.lean,Source,Norms,26241,24531,1431,280,0.934835,68,47.519217,priority_gt_25000,"Size threshold is a review signal, not sufficient evidence that a split is warranted."
NumStability.Source.Higham.Chapter07.Corollary06.LinearSystemsConditioning.Results,NumStability/Source/Higham/Chapter07/Corollary06/LinearSystemsConditioning/Results.lean,Source,Norms,26240,25756,322,163,0.981555,15,46.583851,priority_gt_25000,"Size threshold is a review signal, not sufficient evidence that a split is warranted."
NumStability.Source.Higham.Chapter07.LinearSystemsConditioning.Theorem05.Part01,NumStability/Source/Higham/Chapter07/LinearSystemsConditioning/Theorem05/Part01.lean,Source,Norms,26240,25387,645,209,0.967492,47,72.868217,priority_gt_25000,"Size threshold is a review signal, not sufficient evidence that a split is warranted."
NumStability.Source.Higham.Chapter07.LinearSystemsConditioning.Theorem05.Part03,NumStability/Source/Higham/Chapter07/LinearSystemsConditioning/Theorem05/Part03.lean,Source,Norms,26240,24459,1561,221,0.932127,69,44.202434,priority_gt_25000,"Size threshold is a review signal, not sufficient evidence that a split is warranted."
NumStability.Source.Higham.Chapter07.LinearSystemsConditioning.Equation05,NumStability/Source/Higham/Chapter07/LinearSystemsConditioning/Equation05.lean,Source,Norms,26239,25628,476,136,0.976714,8,16.806723,priority_gt_25000,"Size threshold is a review signal, not sufficient evidence that a split is warranted."
NumStability.Source.Higham.Chapter07.LinearSystemsConditioning.Theorem05.Part04,NumStability/Source/Higham/Chapter07/LinearSystemsConditioning/Theorem05/Part04.lean,Source,Norms,26239,24642,1353,245,0.939136,75,55.432373,priority_gt_25000,"Size threshold is a review signal, not sufficient evidence that a split is warranted."
NumStability.Source.Higham.Chapter07.LinearSystemsConditioning.Theorem08Aliases,NumStability/Source/Higham/Chapter07/LinearSystemsConditioning/Theorem08Aliases.lean,Source,Norms,26238,26076,33,130,0.993826,0,0.0,priority_gt_25000,"Size threshold is a review signal, not sufficient evidence that a split is warranted."
NumStability.Source.Higham.Chapter07.LinearSystemsConditioning.Problem10Bauer.Part01,NumStability/Source/Higham/Chapter07/LinearSystemsConditioning/Problem10Bauer/Part01.lean,Source,Norms,26237,24986,1000,252,0.952319,59,59.0,priority_gt_25000,"Size threshold is a review signal, not sufficient evidence that a split is warranted."
NumStability.Source.Higham.Chapter07.LinearSystemsConditioning.Problem10Bauer.Part02,NumStability/Source/Higham/Chapter07/LinearSystemsConditioning/Problem10Bauer/Part02.lean,Source,Norms,26237,25014,992,232,0.953386,36,36.290323,priority_gt_25000,"Size threshold is a review signal, not sufficient evidence that a split is warranted."
NumStability.Source.Higham.Chapter07.LinearSystemsConditioning.Theorem05.Part05,NumStability/Source/Higham/Chapter07/LinearSystemsConditioning/Theorem05/Part05.lean,Source,Norms,26237,25589,454,195,0.975302,31,68.281938,priority_gt_25000,"Size threshold is a review signal, not sufficient evidence that a split is warranted."
NumStability.Source.Higham.Chapter07.LinearSystemsConditioning.Theorem05.Part06,NumStability/Source/Higham/Chapter07/LinearSystemsConditioning/Theorem05/Part06.lean,Source,Norms,26237,24692,1213,333,0.941114,70,57.708162,priority_gt_25000,"Size threshold is a review signal, not sufficient evidence that a split is warranted."
NumStability.Analysis.Conditioning.LinearSystems.PerronFrobenius,NumStability/Analysis/Conditioning/LinearSystems/PerronFrobenius.lean,Analysis,Norms,26236,24787,1205,245,0.944771,45,37.344398,priority_gt_25000,"Size threshold is a review signal, not sufficient evidence that a split is warranted."
NumStability.Analysis.Conditioning.LinearSystems.SubordinatePerturbation,NumStability/Analysis/Conditioning/LinearSystems/SubordinatePerturbation.lean,Analysis,Norms,26236,25813,296,128,0.983877,4,13.513514,priority_gt_25000,"Size threshold is a review signal, not sufficient evidence that a split is warranted."
NumStability.Source.Higham.Chapter07.LinearSystemsConditioning.Problem07,NumStability/Source/Higham/Chapter07/LinearSystemsConditioning/Problem07.lean,Source,Norms,26236,25738,350,155,0.981018,7,20.0,priority_gt_25000,"Size threshold is a review signal, not sufficient evidence that a split is warranted."
NumStability.Source.Higham.Chapter07.LinearSystemsConditioning.Theorem04,NumStability/Source/Higham/Chapter07/LinearSystemsConditioning/Theorem04.lean,Source,Norms,26236,25734,371,134,0.980866,3,8.086253,priority_gt_25000,"Size threshold is a review signal, not sufficient evidence that a split is warranted."
NumStability.Source.Higham.Chapter07.LinearSystemsConditioning.ComputedResidual,NumStability/Source/Higham/Chapter07/LinearSystemsConditioning/ComputedResidual.lean,Source,Norms,26235,25998,110,128,0.990966,5,45.454545,priority_gt_25000,"Size threshold is a review signal, not sufficient evidence that a split is warranted."
NumStability.Source.Higham.Chapter07.LinearSystemsConditioning.Problem02,NumStability/Source/Higham/Chapter07/LinearSystemsConditioning/Problem02.lean,Source,Norms,26235,25908,192,136,0.987536,8,41.666667,priority_gt_25000,"Size threshold is a review signal, not sufficient evidence that a split is warranted."
NumStability.Source.Higham.Chapter07.LinearSystemsConditioning.Problem09Exact,NumStability/Source/Higham/Chapter07/LinearSystemsConditioning/Problem09Exact.lean,Source,Norms,26235,24876,1167,193,0.948199,38,32.562125,priority_gt_25000,"Size threshold is a review signal, not sufficient evidence that a split is warranted."
NumStability.Source.Higham.Chapter07.LinearSystemsConditioning.Problem13SparseResidual,NumStability/Source/Higham/Chapter07/LinearSystemsConditioning/Problem13SparseResidual.lean,Source,Norms,26235,25781,311,144,0.982695,13,41.800643,priority_gt_25000,"Size threshold is a review signal, not sufficient evidence that a split is warranted."
NumStability.Source.Higham.Chapter07.Equation25.InverseConditioning.ExactPerturbation,NumStability/Source/Higham/Chapter07/Equation25/InverseConditioning/ExactPerturbation.lean,Source,Norms,26234,24547,1446,242,0.935694,53,36.652835,priority_gt_25000,"Size threshold is a review signal, not sufficient evidence that a split is warranted."
NumStability.Source.Higham.Chapter07.LinearSystemsConditioning.Equation32,NumStability/Source/Higham/Chapter07/LinearSystemsConditioning/Equation32.lean,Source,Norms,26234,25949,152,134,0.989136,2,13.157895,priority_gt_25000,"Size threshold is a review signal, not sufficient evidence that a split is warranted."
NumStability.Source.Higham.Chapter07.LinearSystemsConditioning.Problem01,NumStability/Source/Higham/Chapter07/LinearSystemsConditioning/Problem01.lean,Source,Norms,26234,25683,410,142,0.978997,11,26.829268,priority_gt_25000,"Size threshold is a review signal, not sufficient evidence that a split is warranted."
NumStability.Source.Higham.Chapter07.LinearSystemsConditioning.Problem06Columnwise,NumStability/Source/Higham/Chapter07/LinearSystemsConditioning/Problem06Columnwise.lean,Source,Norms,26234,25868,239,128,0.986049,11,46.025105,priority_gt_25000,"Size threshold is a review signal, not sufficient evidence that a split is warranted."
NumStability.Source.Higham.Chapter07.LinearSystemsConditioning.Problem06Rowwise,NumStability/Source/Higham/Chapter07/LinearSystemsConditioning/Problem06Rowwise.lean,Source,Norms,26234,25888,219,128,0.986811,8,36.52968,priority_gt_25000,"Size threshold is a review signal, not sufficient evidence that a split is warranted."
NumStability.Source.Higham.Chapter07.LinearSystemsConditioning.Problem10Bauer.Part03,NumStability/Source/Higham/Chapter07/LinearSystemsConditioning/Problem10Bauer/Part03.lean,Source,Norms,26234,25430,599,206,0.969353,28,46.744574,priority_gt_25000,"Size threshold is a review signal, not sufficient evidence that a split is warranted."
NumStability.Source.Higham.Chapter07.LinearSystemsConditioning.Theorem02,NumStability/Source/Higham/Chapter07/LinearSystemsConditioning/Theorem02.lean,Source,Norms,26234,25969,140,127,0.989899,1,7.142857,priority_gt_25000,"Size threshold is a review signal, not sufficient evidence that a split is warranted."
NumStability.Source.Higham.Chapter07.LinearSystemsConditioning.ConditionNumbers,NumStability/Source/Higham/Chapter07/LinearSystemsConditioning/ConditionNumbers.lean,Source,Norms,26233,25748,328,158,0.981512,19,57.926829,priority_gt_25000,"Size threshold is a review signal, not sufficient evidence that a split is warranted."
NumStability.Source.Higham.Chapter07.LinearSystemsConditioning.Lemma09,NumStability/Source/Higham/Chapter07/LinearSystemsConditioning/Lemma09.lean,Source,Norms,26233,26002,106,126,0.991194,3,28.301887,priority_gt_25000,"Size threshold is a review signal, not sufficient evidence that a split is warranted."
NumStability.Source.Higham.Chapter07.LinearSystemsConditioning.Problem05,NumStability/Source/Higham/Chapter07/LinearSystemsConditioning/Problem05.lean,Source,Norms,26233,25742,358,134,0.981283,13,36.312849,priority_gt_25000,"Size threshold is a review signal, not sufficient evidence that a split is warranted."
NumStability.Source.Higham.Chapter07.LinearSystemsConditioning.Problem09Linearized,NumStability/Source/Higham/Chapter07/LinearSystemsConditioning/Problem09Linearized.lean,Source,Norms,26233,25014,1024,196,0.953532,64,62.5,priority_gt_25000,"Size threshold is a review signal, not sufficient evidence that a split is warranted."
NumStability.Source.Higham.Chapter07.LinearSystemsConditioning.Equation33,NumStability/Source/Higham/Chapter07/LinearSystemsConditioning/Equation33.lean,Source,Norms,26232,26082,29,122,0.994282,2,68.965517,priority_gt_25000,"Size threshold is a review signal, not sufficient evidence that a split is warranted."
NumStability.Source.Higham.Chapter07.LinearSystemsConditioning.Problem04,NumStability/Source/Higham/Chapter07/LinearSystemsConditioning/Problem04.lean,Source,Norms,26232,25954,150,131,0.989402,9,60.0,priority_gt_25000,"Size threshold is a review signal, not sufficient evidence that a split is warranted."
NumStability.Source.Higham.Chapter07.LinearSystemsConditioning.Problem08RectangularBackwardError,NumStability/Source/Higham/Chapter07/LinearSystemsConditioning/Problem08RectangularBackwardError.lean,Source,Norms,26232,25763,312,158,0.982121,24,76.923077,priority_gt_25000,"Size threshold is a review signal, not sufficient evidence that a split is warranted."
NumStability.Source.Higham.Chapter07.LinearSystemsConditioning.RowScaling,NumStability/Source/Higham/Chapter07/LinearSystemsConditioning/RowScaling.lean,Source,Norms,26232,25572,494,167,0.97484,31,62.753036,priority_gt_25000,"Size threshold is a review signal, not sufficient evidence that a split is warranted."
NumStability.Source.Higham.Chapter07.LinearSystemsConditioning.Theorem07FrobeniusScaling,NumStability/Source/Higham/Chapter07/LinearSystemsConditioning/Theorem07FrobeniusScaling.lean,Source,Norms,26232,25831,264,138,0.984713,18,68.181818,priority_gt_25000,"Size threshold is a review signal, not sufficient evidence that a split is warranted."
NumStability.Analysis.Conditioning.LinearSystems.InversePerturbation,NumStability/Analysis/Conditioning/LinearSystems/InversePerturbation.lean,Analysis,Norms,26231,25358,694,180,0.966719,31,44.668588,priority_gt_25000,"Size threshold is a review signal, not sufficient evidence that a split is warranted."
NumStability.Source.Higham.Chapter07.Corollary06.LinearSystemsConditioning.Basic,NumStability/Source/Higham/Chapter07/Corollary06/LinearSystemsConditioning/Basic.lean,Source,Norms,26231,26083,26,123,0.994358,2,76.923077,priority_gt_25000,"Size threshold is a review signal, not sufficient evidence that a split is warranted."
NumStability.Source.Higham.Chapter07.LinearSystemsConditioning.ForwardErrorKernels,NumStability/Source/Higham/Chapter07/LinearSystemsConditioning/ForwardErrorKernels.lean,Source,Norms,26231,26052,55,125,0.993176,5,90.909091,priority_gt_25000,"Size threshold is a review signal, not sufficient evidence that a split is warranted."
NumStability.Source.Higham.Chapter02.Problem10.DivisionRoundTrip.ExhaustiveBinary64.Results,NumStability/Source/Higham/Chapter02/Problem10/DivisionRoundTrip/ExhaustiveBinary64/Results.lean,Source,HighamSourceOther,25614,1126,22372,2119,0.04396,1114,49.794386,priority_gt_25000,"Size threshold is a review signal, not sufficient evidence that a split is warranted."
NumStability.Source.Higham.Chapter20.Theorem03.QRSolve,NumStability/Source/Higham/Chapter20/Theorem03/QRSolve.lean,Source,QR,24613,146,22416,2192,0.005932,534,23.82227,review_gt_10000,"Size threshold is a review signal, not sufficient evidence that a split is warranted."
NumStability.Analysis.Perturbation.LeastSquares.Equality.Perturbation,NumStability/Analysis/Perturbation/LeastSquares/Equality/Perturbation.lean,Analysis,LeastSquares,24381,132,22156,2220,0.005414,495,22.341578,review_gt_10000,"Size threshold is a review signal, not sufficient evidence that a split is warranted."
NumStability.Analysis.Perturbation.LeastSquares.Basic,NumStability/Analysis/Perturbation/LeastSquares/Basic.lean,Analysis,LeastSquares,23400,225,21598,1792,0.009615,299,13.843874,review_gt_10000,"Size threshold is a review signal, not sufficient evidence that a split is warranted."
NumStability.Source.Higham.Chapter16.Section02.BartelsStewart.Equations04To08.Spectrum,NumStability/Source/Higham/Chapter16/Section02/BartelsStewart/Equations04To08/Spectrum.lean,Source,HighamSourceOther,18515,17916,417,184,0.967648,10,23.980815,review_gt_10000,"Size threshold is a review signal, not sufficient evidence that a split is warranted."
NumStability.Algorithms.MatrixEquations.Sylvester.Solvers.QuasiTriangularBartelsStewart.BlockTraversal,NumStability/Algorithms/MatrixEquations/Sylvester/Solvers/QuasiTriangularBartelsStewart/BlockTraversal.lean,Algorithms,MatrixEquations,18514,11184,6263,1068,0.604083,247,39.437969,review_gt_10000,"Size threshold is a review signal, not sufficient evidence that a split is warranted."
NumStability.Source.Higham.Chapter16.Spectrum.Results,NumStability/Source/Higham/Chapter16/Spectrum/Results.lean,Source,HighamSourceOther,18514,10012,7344,1170,0.54078,199,27.09695,review_gt_10000,"Size threshold is a review signal, not sufficient evidence that a split is warranted."
NumStability.Source.Higham.Chapter16.Section04.PracticalErrorBounds.Equation29Extensions.Spectrum,NumStability/Source/Higham/Chapter16/Section04/PracticalErrorBounds/Equation29Extensions/Spectrum.lean,Source,Perturbation,18511,18067,374,71,0.976014,11,29.411765,review_gt_10000,"Size threshold is a review signal, not sufficient evidence that a split is warranted."
NumStability.Algorithms.MatrixEquations.Sylvester.Solvers.ComplexSchur.SpectralSolvability,NumStability/Algorithms/MatrixEquations/Sylvester/Solvers/ComplexSchur/SpectralSolvability.lean,Algorithms,MatrixEquations,18510,17429,854,228,0.941599,50,58.548009,review_gt_10000,"Size threshold is a review signal, not sufficient evidence that a split is warranted."
NumStability.Source.Higham.Chapter16.Section01.SylvesterEquation.ComplexSolvability.SpectralCriterion,NumStability/Source/Higham/Chapter16/Section01/SylvesterEquation/ComplexSolvability/SpectralCriterion.lean,Source,MatrixEquations,18509,18346,85,79,0.991193,7,82.352941,review_gt_10000,"Size threshold is a review signal, not sufficient evidence that a split is warranted."
NumStability.Source.Higham.Chapter01.FloatingPointArithmetic.InstabilityWithoutCancellation,NumStability/Source/Higham/Chapter01/FloatingPointArithmetic/InstabilityWithoutCancellation.lean,Source,FloatingPoint,18116,6,16079,2032,0.000331,864,53.734685,review_gt_10000,"Size threshold is a review signal, not sufficient evidence that a split is warranted."
NumStability.Source.Higham.Chapter09.Section06,NumStability/Source/Higham/Chapter09/Section06.lean,Source,HighamSourceOther,17765,681,15618,1559,0.038334,584,37.392752,review_gt_10000,"Size threshold is a review signal, not sufficient evidence that a split is warranted."
NumStability.Algorithms.LinearSystems.Underdetermined.Perturbation.Componentwise.UnderdeterminedSolve,NumStability/Algorithms/LinearSystems/Underdetermined/Perturbation/Componentwise/UnderdeterminedSolve.lean,Algorithms,LeastSquares,15995,15463,444,89,0.96674,17,38.288288,review_gt_10000,"Size threshold is a review signal, not sufficient evidence that a split is warranted."
NumStability.Algorithms.LinearSystems.Underdetermined.QR.Foundations.UnderdeterminedSolve,NumStability/Algorithms/LinearSystems/Underdetermined/QR/Foundations/UnderdeterminedSolve.lean,Algorithms,LeastSquares,15995,15640,292,64,0.977806,8,27.39726,review_gt_10000,"Size threshold is a review signal, not sufficient evidence that a split is warranted."
NumStability.Algorithms.LinearSystems.Underdetermined.BackwardError.Normwise.UnderdeterminedSolve,NumStability/Algorithms/LinearSystems/Underdetermined/BackwardError/Normwise/UnderdeterminedSolve.lean,Algorithms,LeastSquares,15994,15711,212,73,0.982306,12,56.603774,review_gt_10000,"Size threshold is a review signal, not sufficient evidence that a split is warranted."
NumStability.Algorithms.LinearSystems.Underdetermined.BackwardError.Rowwise.UnderdeterminedSolve,NumStability/Algorithms/LinearSystems/Underdetermined/BackwardError/Rowwise/UnderdeterminedSolve.lean,Algorithms,LeastSquares,15994,15799,137,60,0.987808,4,29.19708,review_gt_10000,"Size threshold is a review signal, not sufficient evidence that a split is warranted."
NumStability.Algorithms.LinearSystems.Underdetermined.Conditioning.Componentwise.UnderdeterminedSolve,NumStability/Algorithms/LinearSystems/Underdetermined/Conditioning/Componentwise/UnderdeterminedSolve.lean,Algorithms,LeastSquares,15994,15704,246,45,0.981868,4,16.260163,review_gt_10000,"Size threshold is a review signal, not sufficient evidence that a split is warranted."
NumStability.Algorithms.LinearSystems.Underdetermined.MinimumNorm.Solvers.UnderdeterminedSolve,NumStability/Algorithms/LinearSystems/Underdetermined/MinimumNorm/Solvers/UnderdeterminedSolve.lean,Algorithms,LeastSquares,15994,15833,116,46,0.989934,1,8.62069,review_gt_10000,"Size threshold is a review signal, not sufficient evidence that a split is warranted."
NumStability.Algorithms.LinearSystems.Underdetermined.MinimumNorm.Specifications.UnderdeterminedSolve,NumStability/Algorithms/LinearSystems/Underdetermined/MinimumNorm/Specifications/UnderdeterminedSolve.lean,Algorithms,LeastSquares,15994,15846,106,43,0.990747,1,9.433962,review_gt_10000,"Size threshold is a review signal, not sufficient evidence that a split is warranted."
NumStability.Algorithms.LinearSystems.Underdetermined.RankStability.FullRowRank.UnderdeterminedSolve,NumStability/Algorithms/LinearSystems/Underdetermined/RankStability/FullRowRank/UnderdeterminedSolve.lean,Algorithms,LeastSquares,15993,15698,242,54,0.981554,5,20.661157,review_gt_10000,"Size threshold is a review signal, not sufficient evidence that a split is warranted."
NumStability.Algorithms.LinearSystems.Underdetermined.SeminormalEquations.ForwardError.UnderdeterminedSolve,NumStability/Algorithms/LinearSystems/Underdetermined/SeminormalEquations/ForwardError/UnderdeterminedSolve.lean,Algorithms,LeastSquares,15993,15801,131,67,0.987995,2,15.267176,review_gt_10000,"Size threshold is a review signal, not sufficient evidence that a split is warranted."
NumStability.Algorithms.LinearSystems.Underdetermined.SeminormalEquations.TriangularSolves.UnderdeterminedSolve,NumStability/Algorithms/LinearSystems/Underdetermined/SeminormalEquations/TriangularSolves/UnderdeterminedSolve.lean,Algorithms,LeastSquares,15993,15837,108,52,0.990246,1,9.259259,review_gt_10000,"Size threshold is a review signal, not sufficient evidence that a split is warranted."
NumStability.Algorithms.LinearSystems.Underdetermined.MinimumNorm.Solvers.Executor.Core,NumStability/Algorithms/LinearSystems/Underdetermined/MinimumNorm/Solvers/Executor/Core.lean,Algorithms,LeastSquares,15954,10071,5401,492,0.631252,104,19.255693,review_gt_10000,"Size threshold is a review signal, not sufficient evidence that a split is warranted."
NumStability.Source.Higham.Chapter21.Theorem04.HouseholderQMethod.UnderdeterminedSolve,NumStability/Source/Higham/Chapter21/Theorem04/HouseholderQMethod/UnderdeterminedSolve.lean,Source,LeastSquares,15944,13185,2469,297,0.826957,80,32.401782,review_gt_10000,"Size threshold is a review signal, not sufficient evidence that a split is warranted."
NumStability.Source.Higham.Chapter21.Equation11.UnderdeterminedSolve,NumStability/Source/Higham/Chapter21/Equation11/UnderdeterminedSolve.lean,Source,LeastSquares,15940,15421,448,73,0.96744,8,17.857143,review_gt_10000,"Size threshold is a review signal, not sufficient evidence that a split is warranted."
NumStability.Source.Higham.Chapter21.Theorem03.NormwiseBackwardError.UnderdeterminedSolve,NumStability/Source/Higham/Chapter21/Theorem03/NormwiseBackwardError/UnderdeterminedSolve.lean,Source,LeastSquares,15939,14386,1394,160,0.902566,52,37.302726,review_gt_10000,"Size threshold is a review signal, not sufficient evidence that a split is warranted."
NumStability.Source.Higham.Chapter21.Equation05.UnderdeterminedSolve,NumStability/Source/Higham/Chapter21/Equation05/UnderdeterminedSolve.lean,Source,LeastSquares,15938,15774,107,58,0.98971,4,37.383178,review_gt_10000,"Size threshold is a review signal, not sufficient evidence that a split is warranted."
NumStability.Source.Higham.Chapter21.Lemma02.Symmetrization.UnderdeterminedSolve,NumStability/Source/Higham/Chapter21/Lemma02/Symmetrization/UnderdeterminedSolve.lean,Source,LeastSquares,15938,14230,1394,323,0.892835,73,52.367288,review_gt_10000,"Size threshold is a review signal, not sufficient evidence that a split is warranted."
NumStability.Source.Higham.Chapter21.Equation03.UnderdeterminedSolve,NumStability/Source/Higham/Chapter21/Equation03/UnderdeterminedSolve.lean,Source,LeastSquares,15937,15702,166,71,0.985254,7,42.168675,review_gt_10000,"Size threshold is a review signal, not sufficient evidence that a split is warranted."
NumStability.Source.Higham.Chapter21.Equation07.UnderdeterminedSolve,NumStability/Source/Higham/Chapter21/Equation07/UnderdeterminedSolve.lean,Source,LeastSquares,15935,14570,1308,58,0.91434,42,32.110092,review_gt_10000,"Size threshold is a review signal, not sufficient evidence that a split is warranted."
NumStability.Source.Higham.Chapter21.Equation01.UnderdeterminedSolve,NumStability/Source/Higham/Chapter21/Equation01/UnderdeterminedSolve.lean,Source,LeastSquares,15933,15853,37,44,0.994979,1,27.027027,review_gt_10000,"Size threshold is a review signal, not sufficient evidence that a split is warranted."
NumStability.Source.Higham.Chapter21.Equation02.UnderdeterminedSolve,NumStability/Source/Higham/Chapter21/Equation02/UnderdeterminedSolve.lean,Source,LeastSquares,15933,15849,39,46,0.994728,1,25.641026,review_gt_10000,"Size threshold is a review signal, not sufficient evidence that a split is warranted."
NumStability.Source.Higham.Chapter21.Equation10.UnderdeterminedSolve,NumStability/Source/Higham/Chapter21/Equation10/UnderdeterminedSolve.lean,Source,LeastSquares,15933,15375,453,106,0.964978,22,48.565121,review_gt_10000,"Size threshold is a review signal, not sufficient evidence that a split is warranted."
NumStability.Analysis.Perturbation.LeastSquares.BackwardError,NumStability/Analysis/Perturbation/LeastSquares/BackwardError.lean,Analysis,LeastSquares,13709,107,12847,856,0.007805,118,9.185024,review_gt_10000,"Size threshold is a review signal, not sufficient evidence that a split is warranted."
NumStability.Analysis.FloatingPointArithmetic.RoundToEvenLocalError,NumStability/Analysis/FloatingPointArithmetic/RoundToEvenLocalError.lean,Analysis,FloatingPoint,13608,54,12621,979,0.003968,350,27.731559,review_gt_10000,"Size threshold is a review signal, not sufficient evidence that a split is warranted."
NumStability.Analysis.Perturbation.LeastSquares.Equality.MixedStability,NumStability/Analysis/Perturbation/LeastSquares/Equality/MixedStability.lean,Analysis,LeastSquares,12102,146,10755,1340,0.012064,182,16.922362,review_gt_10000,"Size threshold is a review signal, not sufficient evidence that a split is warranted."
NumStability.Analysis.MatrixAlgebra,NumStability/Analysis/MatrixAlgebra.lean,Analysis,Other,11142,770,8975,1461,0.069108,660,73.537604,review_gt_10000,"Size threshold is a review signal, not sufficient evidence that a split is warranted."
NumStability.Algorithms.MatrixEquations.Sylvester.Equation.Diagonal,NumStability/Algorithms/MatrixEquations/Sylvester/Equation/Diagonal.lean,Algorithms,MatrixEquations,10787,10237,294,257,0.949013,24,81.632653,review_gt_10000,"Size threshold is a review signal, not sufficient evidence that a split is warranted."
NumStability.Algorithms.MatrixEquations.Sylvester.Conditioning.AttainedMinima.BackwardError,NumStability/Algorithms/MatrixEquations/Sylvester/Conditioning/AttainedMinima/BackwardError.lean,Algorithms,MatrixEquations,10777,5903,4314,561,0.547741,141,32.684284,review_gt_10000,"Size threshold is a review signal, not sufficient evidence that a split is warranted."
NumStability.Source.Higham.Chapter16.Section04.PracticalErrorBounds.Equation29Extensions.Minimizers,NumStability/Source/Higham/Chapter16/Section04/PracticalErrorBounds/Equation29Extensions/Minimizers.lean,Source,Perturbation,10772,9808,522,443,0.910509,14,26.819923,review_gt_10000,"Size threshold is a review signal, not sufficient evidence that a split is warranted."
NumStability.Source.Higham.Chapter16.Minimizers.Results,NumStability/Source/Higham/Chapter16/Minimizers/Results.lean,Source,HighamSourceOther,10770,6537,3524,710,0.606964,129,36.606129,review_gt_10000,"Size threshold is a review signal, not sufficient evidence that a split is warranted."
NumStability.Source.Higham.Chapter16.Section02.SylvesterAndLyapunovBackwardError.AttainedMinima.Equations15And21,NumStability/Source/Higham/Chapter16/Section02/SylvesterAndLyapunovBackwardError/AttainedMinima/Equations15And21.lean,Source,MatrixEquations,10768,10624,88,57,0.986627,4,45.454545,review_gt_10000,"Size threshold is a review signal, not sufficient evidence that a split is warranted."
NumStability.Source.Higham.Chapter16.Section03.PerturbationAndConditioning.AttainedSeparation.Equation26,NumStability/Source/Higham/Chapter16/Section03/PerturbationAndConditioning/AttainedSeparation/Equation26.lean,Source,Norms,10766,10693,15,59,0.993219,0,0.0,review_gt_10000,"Size threshold is a review signal, not sufficient evidence that a split is warranted."
NumStability.Algorithms.MatrixEquations.Sylvester.Conditioning.AttainedMinima.Separation,NumStability/Algorithms/MatrixEquations/Sylvester/Conditioning/AttainedMinima/Separation.lean,Algorithms,MatrixEquations,10765,10504,179,83,0.975755,14,78.212291,review_gt_10000,"Size threshold is a review signal, not sufficient evidence that a split is warranted."
NumStability.Source.Higham.Chapter16.Section03.PerturbationAndConditioning.Equation27,NumStability/Source/Higham/Chapter16/Section03/PerturbationAndConditioning/Equation27.lean,Source,Norms,10477,9836,395,250,0.938818,20,50.632911,review_gt_10000,"Size threshold is a review signal, not sufficient evidence that a split is warranted."
NumStability.Algorithms.MatrixEquations.Sylvester.Conditioning.SigmaMinBounds.Vectorized,NumStability/Algorithms/MatrixEquations/Sylvester/Conditioning/SigmaMinBounds/Vectorized.lean,Algorithms,MatrixEquations,10081,4450,4678,961,0.441424,290,61.992304,review_gt_10000,"Size threshold is a review signal, not sufficient evidence that a split is warranted."
NumStability.Algorithms.LinearSystems.LeastSquares.Equality.Basic,NumStability/Algorithms/LinearSystems/LeastSquares/Equality/Basic.lean,Algorithms,LeastSquares,10079,47,8835,1238,0.004663,388,43.916242,review_gt_10000,"Size threshold is a review signal, not sufficient evidence that a split is warranted."
NumStability.Source.Higham.Chapter16.Section03.PerturbationAndConditioning.SigmaMinCorollaries.Vectorized,NumStability/Source/Higham/Chapter16/Section03/PerturbationAndConditioning/SigmaMinCorollaries/Vectorized.lean,Source,Norms,10078,8088,1617,374,0.80254,66,40.816327,review_gt_10000,"Size threshold is a review signal, not sufficient evidence that a split is warranted."
NumStability.Source.Higham.Chapter16.Section01.SylvesterEquation.ComplexSolvability.Vectorized,NumStability/Source/Higham/Chapter16/Section01/SylvesterEquation/ComplexSolvability/Vectorized.lean,Source,MatrixEquations,10071,9636,175,261,0.956807,1,5.714286,review_gt_10000,"Size threshold is a review signal, not sufficient evidence that a split is warranted."
NumStability.Source.Higham.Chapter16.Section02.BartelsStewart.Equations04To08.Vectorized,NumStability/Source/Higham/Chapter16/Section02/BartelsStewart/Equations04To08/Vectorized.lean,Source,HighamSourceOther,10071,9831,185,56,0.976169,6,32.432432,review_gt_10000,"Size threshold is a review signal, not sufficient evidence that a split is warranted."
NumStability.Source.Higham.Chapter16.VecNorm.Results,NumStability/Source/Higham/Chapter16/VecNorm/Results.lean,Source,HighamSourceOther,10070,9369,523,179,0.930387,33,63.097514,review_gt_10000,"Size threshold is a review signal, not sufficient evidence that a split is warranted."
NumStability.Source.Higham.Chapter16.Section04.PracticalErrorBounds.Equation29Extensions.Vectorized,NumStability/Source/Higham/Chapter16/Section04/PracticalErrorBounds/Equation29Extensions/Vectorized.lean,Source,Perturbation,10068,9502,379,188,0.943782,18,47.493404,review_gt_10000,"Size threshold is a review signal, not sufficient evidence that a split is warranted."
NumStability.Algorithms.MatrixEquations.Sylvester.Solvers.ComplexSchur.VectorizedSolvability,NumStability/Algorithms/MatrixEquations/Sylvester/Solvers/ComplexSchur/VectorizedSolvability.lean,Algorithms,MatrixEquations,10065,10027,26,13,0.996225,1,38.461538,review_gt_10000,"Size threshold is a review signal, not sufficient evidence that a split is warranted."
