module,source_path,physical_layer,effective_layer,signal,scope_interpretation,note
NumStability.Algorithms.Ch10ActualSourceClosure,NumStability/Algorithms/Ch10ActualSourceClosure.lean,Algorithms,Algorithms,actual,canonical_layer_review_signal,Name substring signal only; not a finding that the module is incoherent.
NumStability.Algorithms.Ch10ActualSourceClosure,NumStability/Algorithms/Ch10ActualSourceClosure.lean,Algorithms,Algorithms,closure,canonical_layer_review_signal,Name substring signal only; not a finding that the module is incoherent.
NumStability.Algorithms.Ch10Ch14Lemma66Op2Bridge,NumStability/Algorithms/Ch10Ch14Lemma66Op2Bridge.lean,Algorithms,Algorithms,bridge,canonical_layer_review_signal,Name substring signal only; not a finding that the module is incoherent.
NumStability.Algorithms.Ch10ComplexPositiveDefiniteSourceClosure,NumStability/Algorithms/Ch10ComplexPositiveDefiniteSourceClosure.lean,Algorithms,Algorithms,closure,canonical_layer_review_signal,Name substring signal only; not a finding that the module is incoherent.
NumStability.Algorithms.Ch10PivotedPSDSourceClosure,NumStability/Algorithms/Ch10PivotedPSDSourceClosure.lean,Algorithms,Algorithms,closure,canonical_layer_review_signal,Name substring signal only; not a finding that the module is incoherent.
NumStability.Algorithms.Ch14Cor146UniformInverseBridge,NumStability/Algorithms/Ch14Cor146UniformInverseBridge.lean,Algorithms,Algorithms,bridge,canonical_layer_review_signal,Name substring signal only; not a finding that the module is incoherent.
NumStability.Algorithms.Ch14Cor147FinalDivisionFamilyClosure,NumStability/Algorithms/Ch14Cor147FinalDivisionFamilyClosure.lean,Algorithms,Algorithms,closure,canonical_layer_review_signal,Name substring signal only; not a finding that the module is incoherent.
NumStability.Algorithms.Ch14Cor147FinalDivisionFamilyClosure,NumStability/Algorithms/Ch14Cor147FinalDivisionFamilyClosure.lean,Algorithms,Algorithms,final,canonical_layer_review_signal,Name substring signal only; not a finding that the module is incoherent.
NumStability.Algorithms.Ch14Corollary146Closure,NumStability/Algorithms/Ch14Corollary146Closure.lean,Algorithms,Algorithms,closure,canonical_layer_review_signal,Name substring signal only; not a finding that the module is incoherent.
NumStability.Algorithms.Ch14Corollary146SourceClosure,NumStability/Algorithms/Ch14Corollary146SourceClosure.lean,Algorithms,Algorithms,closure,canonical_layer_review_signal,Name substring signal only; not a finding that the module is incoherent.
NumStability.Algorithms.Ch14Corollary147Closure,NumStability/Algorithms/Ch14Corollary147Closure.lean,Algorithms,Algorithms,closure,canonical_layer_review_signal,Name substring signal only; not a finding that the module is incoherent.
NumStability.Algorithms.Ch14Corollary147SourceClosure,NumStability/Algorithms/Ch14Corollary147SourceClosure.lean,Algorithms,Algorithms,closure,canonical_layer_review_signal,Name substring signal only; not a finding that the module is incoherent.
NumStability.Algorithms.Ch14GJEActualDoolittleAdapter,NumStability/Algorithms/Ch14GJEActualDoolittleAdapter.lean,Algorithms,Algorithms,actual,canonical_layer_review_signal,Name substring signal only; not a finding that the module is incoherent.
NumStability.Algorithms.Ch14GJEFinalDivisionClosure,NumStability/Algorithms/Ch14GJEFinalDivisionClosure.lean,Algorithms,Algorithms,closure,canonical_layer_review_signal,Name substring signal only; not a finding that the module is incoherent.
NumStability.Algorithms.Ch14GJEFinalDivisionClosure,NumStability/Algorithms/Ch14GJEFinalDivisionClosure.lean,Algorithms,Algorithms,final,canonical_layer_review_signal,Name substring signal only; not a finding that the module is incoherent.
NumStability.Algorithms.Ch14GJEOperationalBridge,NumStability/Algorithms/Ch14GJEOperationalBridge.lean,Algorithms,Algorithms,bridge,canonical_layer_review_signal,Name substring signal only; not a finding that the module is incoherent.
NumStability.Algorithms.Ch14GJEPrintedEnvelopeClosure,NumStability/Algorithms/Ch14GJEPrintedEnvelopeClosure.lean,Algorithms,Algorithms,closure,canonical_layer_review_signal,Name substring signal only; not a finding that the module is incoherent.
NumStability.Algorithms.Ch14GJESourceAccumulationBridge,NumStability/Algorithms/Ch14GJESourceAccumulationBridge.lean,Algorithms,Algorithms,bridge,canonical_layer_review_signal,Name substring signal only; not a finding that the module is incoherent.
NumStability.Algorithms.Ch14GJETheorem145SourceClosure,NumStability/Algorithms/Ch14GJETheorem145SourceClosure.lean,Algorithms,Algorithms,closure,canonical_layer_review_signal,Name substring signal only; not a finding that the module is incoherent.
NumStability.Algorithms.Ch14GaussJordanSourceClosure,NumStability/Algorithms/Ch14GaussJordanSourceClosure.lean,Algorithms,Algorithms,closure,canonical_layer_review_signal,Name substring signal only; not a finding that the module is incoherent.
NumStability.Algorithms.Ch14Method1BWhole,NumStability/Algorithms/Ch14Method1BWhole.lean,Algorithms,Algorithms,whole,canonical_layer_review_signal,Name substring signal only; not a finding that the module is incoherent.
NumStability.Algorithms.Ch14Method2CWhole,NumStability/Algorithms/Ch14Method2CWhole.lean,Algorithms,Algorithms,whole,canonical_layer_review_signal,Name substring signal only; not a finding that the module is incoherent.
NumStability.Algorithms.Ch15DixonClosure,NumStability/Algorithms/Ch15DixonClosure.lean,Algorithms,Algorithms,closure,canonical_layer_review_signal,Name substring signal only; not a finding that the module is incoherent.
NumStability.Algorithms.Ch5SourceClosure,NumStability/Algorithms/Ch5SourceClosure.lean,Algorithms,Algorithms,closure,canonical_layer_review_signal,Name substring signal only; not a finding that the module is incoherent.
NumStability.Algorithms.Cholesky.Aasen118ReducedCh11Closure,NumStability/Algorithms/Cholesky/Aasen118ReducedCh11Closure.lean,Algorithms,Algorithms,closure,canonical_layer_review_signal,Name substring signal only; not a finding that the module is incoherent.
NumStability.Algorithms.Cholesky.AasenAdjacentPivotSourceResidualCh11Closure,NumStability/Algorithms/Cholesky/AasenAdjacentPivotSourceResidualCh11Closure.lean,Algorithms,Algorithms,closure,canonical_layer_review_signal,Name substring signal only; not a finding that the module is incoherent.
NumStability.Algorithms.Cholesky.AasenAdjacentPivotTridiagExecutorCh11Closure,NumStability/Algorithms/Cholesky/AasenAdjacentPivotTridiagExecutorCh11Closure.lean,Algorithms,Algorithms,closure,canonical_layer_review_signal,Name substring signal only; not a finding that the module is incoherent.
NumStability.Algorithms.Cholesky.AasenCoupledFpCh11Closure,NumStability/Algorithms/Cholesky/AasenCoupledFpCh11Closure.lean,Algorithms,Algorithms,closure,canonical_layer_review_signal,Name substring signal only; not a finding that the module is incoherent.
NumStability.Algorithms.Cholesky.AasenDirect118Ch11Closure,NumStability/Algorithms/Cholesky/AasenDirect118Ch11Closure.lean,Algorithms,Algorithms,closure,canonical_layer_review_signal,Name substring signal only; not a finding that the module is incoherent.
NumStability.Algorithms.Cholesky.AasenDirectTridiagGEPPSolveCh11Closure,NumStability/Algorithms/Cholesky/AasenDirectTridiagGEPPSolveCh11Closure.lean,Algorithms,Algorithms,closure,canonical_layer_review_signal,Name substring signal only; not a finding that the module is incoherent.
NumStability.Algorithms.Cholesky.AasenFactorNormCh11Closure,NumStability/Algorithms/Cholesky/AasenFactorNormCh11Closure.lean,Algorithms,Algorithms,closure,canonical_layer_review_signal,Name substring signal only; not a finding that the module is incoherent.
NumStability.Algorithms.Cholesky.AasenFactorResidualCh11Closure,NumStability/Algorithms/Cholesky/AasenFactorResidualCh11Closure.lean,Algorithms,Algorithms,closure,canonical_layer_review_signal,Name substring signal only; not a finding that the module is incoherent.
NumStability.Algorithms.Cholesky.AasenGrowthCh11Closure,NumStability/Algorithms/Cholesky/AasenGrowthCh11Closure.lean,Algorithms,Algorithms,closure,canonical_layer_review_signal,Name substring signal only; not a finding that the module is incoherent.
NumStability.Algorithms.Cholesky.AasenPrintedCoefficientAlgebraCh11Closure,NumStability/Algorithms/Cholesky/AasenPrintedCoefficientAlgebraCh11Closure.lean,Algorithms,Algorithms,closure,canonical_layer_review_signal,Name substring signal only; not a finding that the module is incoherent.
NumStability.Algorithms.Cholesky.AasenSourceSharpFactorResidualCh11Closure,NumStability/Algorithms/Cholesky/AasenSourceSharpFactorResidualCh11Closure.lean,Algorithms,Algorithms,closure,canonical_layer_review_signal,Name substring signal only; not a finding that the module is incoherent.
NumStability.Algorithms.Cholesky.AasenTridiagGEPPCh11Closure,NumStability/Algorithms/Cholesky/AasenTridiagGEPPCh11Closure.lean,Algorithms,Algorithms,closure,canonical_layer_review_signal,Name substring signal only; not a finding that the module is incoherent.
NumStability.Algorithms.Cholesky.AasenUnitOuterSolveCh11Closure,NumStability/Algorithms/Cholesky/AasenUnitOuterSolveCh11Closure.lean,Algorithms,Algorithms,closure,canonical_layer_review_signal,Name substring signal only; not a finding that the module is incoherent.
NumStability.Algorithms.Cholesky.BlockLDLTAllOneByOnePrintedCh11Closure,NumStability/Algorithms/Cholesky/BlockLDLTAllOneByOnePrintedCh11Closure.lean,Algorithms,Algorithms,closure,canonical_layer_review_signal,Name substring signal only; not a finding that the module is incoherent.
NumStability.Algorithms.Cholesky.BlockLDLTBunchTridiagonalCh11Closure,NumStability/Algorithms/Cholesky/BlockLDLTBunchTridiagonalCh11Closure.lean,Algorithms,Algorithms,closure,canonical_layer_review_signal,Name substring signal only; not a finding that the module is incoherent.
NumStability.Algorithms.Cholesky.BlockLDLTMixedPivotCh11Closure,NumStability/Algorithms/Cholesky/BlockLDLTMixedPivotCh11Closure.lean,Algorithms,Algorithms,closure,canonical_layer_review_signal,Name substring signal only; not a finding that the module is incoherent.
NumStability.Algorithms.Cholesky.BlockLDLTSolveBackwardCh11Closure,NumStability/Algorithms/Cholesky/BlockLDLTSolveBackwardCh11Closure.lean,Algorithms,Algorithms,closure,canonical_layer_review_signal,Name substring signal only; not a finding that the module is incoherent.
NumStability.Algorithms.Cholesky.BunchKaufmanSolveCh11Closure,NumStability/Algorithms/Cholesky/BunchKaufmanSolveCh11Closure.lean,Algorithms,Algorithms,closure,canonical_layer_review_signal,Name substring signal only; not a finding that the module is incoherent.
NumStability.Algorithms.Cholesky.BunchTridiagonalActualSolveCh11Closure,NumStability/Algorithms/Cholesky/BunchTridiagonalActualSolveCh11Closure.lean,Algorithms,Algorithms,actual,canonical_layer_review_signal,Name substring signal only; not a finding that the module is incoherent.
NumStability.Algorithms.Cholesky.BunchTridiagonalActualSolveCh11Closure,NumStability/Algorithms/Cholesky/BunchTridiagonalActualSolveCh11Closure.lean,Algorithms,Algorithms,closure,canonical_layer_review_signal,Name substring signal only; not a finding that the module is incoherent.
NumStability.Algorithms.Cholesky.BunchTridiagonalCapstoneCh11Closure,NumStability/Algorithms/Cholesky/BunchTridiagonalCapstoneCh11Closure.lean,Algorithms,Algorithms,closure,canonical_layer_review_signal,Name substring signal only; not a finding that the module is incoherent.
NumStability.Algorithms.Cholesky.BunchTridiagonalFactorBoundCh11Closure,NumStability/Algorithms/Cholesky/BunchTridiagonalFactorBoundCh11Closure.lean,Algorithms,Algorithms,closure,canonical_layer_review_signal,Name substring signal only; not a finding that the module is incoherent.
NumStability.Algorithms.Cholesky.BunchTridiagonalGrowthCh11Closure,NumStability/Algorithms/Cholesky/BunchTridiagonalGrowthCh11Closure.lean,Algorithms,Algorithms,closure,canonical_layer_review_signal,Name substring signal only; not a finding that the module is incoherent.
NumStability.Algorithms.Cholesky.BunchTridiagonalGrowthInvariantCh11Closure,NumStability/Algorithms/Cholesky/BunchTridiagonalGrowthInvariantCh11Closure.lean,Algorithms,Algorithms,closure,canonical_layer_review_signal,Name substring signal only; not a finding that the module is incoherent.
NumStability.Algorithms.Cholesky.BunchTridiagonalHFactorCh11Closure,NumStability/Algorithms/Cholesky/BunchTridiagonalHFactorCh11Closure.lean,Algorithms,Algorithms,closure,canonical_layer_review_signal,Name substring signal only; not a finding that the module is incoherent.
NumStability.Algorithms.Cholesky.BunchTridiagonalSparseFactorCh11Closure,NumStability/Algorithms/Cholesky/BunchTridiagonalSparseFactorCh11Closure.lean,Algorithms,Algorithms,closure,canonical_layer_review_signal,Name substring signal only; not a finding that the module is incoherent.
NumStability.Algorithms.Cholesky.BunchTridiagonalSparseSolveCh11Closure,NumStability/Algorithms/Cholesky/BunchTridiagonalSparseSolveCh11Closure.lean,Algorithms,Algorithms,closure,canonical_layer_review_signal,Name substring signal only; not a finding that the module is incoherent.
NumStability.Algorithms.Cholesky.Higham11BunchActualSharpGrowthClosure,NumStability/Algorithms/Cholesky/Higham11BunchActualSharpGrowthClosure.lean,Algorithms,Algorithms,actual,canonical_layer_review_signal,Name substring signal only; not a finding that the module is incoherent.
NumStability.Algorithms.Cholesky.Higham11BunchActualSharpGrowthClosure,NumStability/Algorithms/Cholesky/Higham11BunchActualSharpGrowthClosure.lean,Algorithms,Algorithms,closure,canonical_layer_review_signal,Name substring signal only; not a finding that the module is incoherent.
NumStability.Algorithms.Cholesky.Higham11BunchKaufmanActualSelector,NumStability/Algorithms/Cholesky/Higham11BunchKaufmanActualSelector.lean,Algorithms,Algorithms,actual,canonical_layer_review_signal,Name substring signal only; not a finding that the module is incoherent.
NumStability.Algorithms.Cholesky.Higham11BunchKaufmanRoundedBridge,NumStability/Algorithms/Cholesky/Higham11BunchKaufmanRoundedBridge.lean,Algorithms,Algorithms,bridge,canonical_layer_review_signal,Name substring signal only; not a finding that the module is incoherent.
NumStability.Algorithms.Cholesky.Higham11BunchKaufmanRoundedClosure,NumStability/Algorithms/Cholesky/Higham11BunchKaufmanRoundedClosure.lean,Algorithms,Algorithms,closure,canonical_layer_review_signal,Name substring signal only; not a finding that the module is incoherent.
NumStability.Algorithms.Cholesky.Higham11BunchSharpGrowthBridge,NumStability/Algorithms/Cholesky/Higham11BunchSharpGrowthBridge.lean,Algorithms,Algorithms,bridge,canonical_layer_review_signal,Name substring signal only; not a finding that the module is incoherent.
NumStability.Algorithms.Cholesky.Higham11Chapter9ActualExecutorBridge,NumStability/Algorithms/Cholesky/Higham11Chapter9ActualExecutorBridge.lean,Algorithms,Algorithms,actual,canonical_layer_review_signal,Name substring signal only; not a finding that the module is incoherent.
NumStability.Algorithms.Cholesky.Higham11Chapter9ActualExecutorBridge,NumStability/Algorithms/Cholesky/Higham11Chapter9ActualExecutorBridge.lean,Algorithms,Algorithms,bridge,canonical_layer_review_signal,Name substring signal only; not a finding that the module is incoherent.
NumStability.Algorithms.Cholesky.Higham11Chapter9BridgeClosure,NumStability/Algorithms/Cholesky/Higham11Chapter9BridgeClosure.lean,Algorithms,Algorithms,bridge,canonical_layer_review_signal,Name substring signal only; not a finding that the module is incoherent.
NumStability.Algorithms.Cholesky.Higham11Chapter9BridgeClosure,NumStability/Algorithms/Cholesky/Higham11Chapter9BridgeClosure.lean,Algorithms,Algorithms,closure,canonical_layer_review_signal,Name substring signal only; not a finding that the module is incoherent.
NumStability.Algorithms.Cholesky.Higham11RookSourceClosure,NumStability/Algorithms/Cholesky/Higham11RookSourceClosure.lean,Algorithms,Algorithms,closure,canonical_layer_review_signal,Name substring signal only; not a finding that the module is incoherent.
NumStability.Algorithms.Cholesky.Higham11SkewActualSelector,NumStability/Algorithms/Cholesky/Higham11SkewActualSelector.lean,Algorithms,Algorithms,actual,canonical_layer_review_signal,Name substring signal only; not a finding that the module is incoherent.
NumStability.Algorithms.Cholesky.TwoByTwoSchurStepCh11Closure,NumStability/Algorithms/Cholesky/TwoByTwoSchurStepCh11Closure.lean,Algorithms,Algorithms,closure,canonical_layer_review_signal,Name substring signal only; not a finding that the module is incoherent.
NumStability.Algorithms.FastMatMul.Higham23Remaining,NumStability/Algorithms/FastMatMul/Higham23Remaining.lean,Algorithms,Algorithms,remaining,canonical_layer_review_signal,Name substring signal only; not a finding that the module is incoherent.
NumStability.Algorithms.HighamChapter12Ch9GenericSolverBridge,NumStability/Algorithms/HighamChapter12Ch9GenericSolverBridge.lean,Algorithms,Algorithms,bridge,canonical_layer_review_signal,Name substring signal only; not a finding that the module is incoherent.
NumStability.Algorithms.HighamChapter12Ch9SolverBridge,NumStability/Algorithms/HighamChapter12Ch9SolverBridge.lean,Algorithms,Algorithms,bridge,canonical_layer_review_signal,Name substring signal only; not a finding that the module is incoherent.
NumStability.Algorithms.HighamChapter15BoydSourceClosure,NumStability/Algorithms/HighamChapter15BoydSourceClosure.lean,Algorithms,Algorithms,closure,canonical_layer_review_signal,Name substring signal only; not a finding that the module is incoherent.
NumStability.Algorithms.HighamChapter15Ch7PracticalBoundBridge,NumStability/Algorithms/HighamChapter15Ch7PracticalBoundBridge.lean,Algorithms,Algorithms,bridge,canonical_layer_review_signal,Name substring signal only; not a finding that the module is incoherent.
NumStability.Algorithms.HighamChapter3NoGuardDotBridge,NumStability/Algorithms/HighamChapter3NoGuardDotBridge.lean,Algorithms,Algorithms,bridge,canonical_layer_review_signal,Name substring signal only; not a finding that the module is incoherent.
NumStability.Algorithms.HighamChapter8FanInClosure,NumStability/Algorithms/HighamChapter8FanInClosure.lean,Algorithms,Algorithms,closure,canonical_layer_review_signal,Name substring signal only; not a finding that the module is incoherent.
NumStability.Algorithms.HighamChapter9CompletePivotSharpClosure,NumStability/Algorithms/HighamChapter9CompletePivotSharpClosure.lean,Algorithms,Algorithms,closure,canonical_layer_review_signal,Name substring signal only; not a finding that the module is incoherent.
NumStability.Algorithms.HighamChapter9ComplexClosure,NumStability/Algorithms/HighamChapter9ComplexClosure.lean,Algorithms,Algorithms,closure,canonical_layer_review_signal,Name substring signal only; not a finding that the module is incoherent.
NumStability.Algorithms.HighamChapter9DoolittleClosure,NumStability/Algorithms/HighamChapter9DoolittleClosure.lean,Algorithms,Algorithms,closure,canonical_layer_review_signal,Name substring signal only; not a finding that the module is incoherent.
NumStability.Algorithms.HighamChapter9Theorem914Actual,NumStability/Algorithms/HighamChapter9Theorem914Actual.lean,Algorithms,Algorithms,actual,canonical_layer_review_signal,Name substring signal only; not a finding that the module is incoherent.
NumStability.Algorithms.HighamChapter9Theorem99Closure,NumStability/Algorithms/HighamChapter9Theorem99Closure.lean,Algorithms,Algorithms,closure,canonical_layer_review_signal,Name substring signal only; not a finding that the module is incoherent.
NumStability.Algorithms.HighamChapter9Theorem99ComplexClosure,NumStability/Algorithms/HighamChapter9Theorem99ComplexClosure.lean,Algorithms,Algorithms,closure,canonical_layer_review_signal,Name substring signal only; not a finding that the module is incoherent.
NumStability.Algorithms.HighamChapters1To9SourceClosure,NumStability/Algorithms/HighamChapters1To9SourceClosure.lean,Algorithms,Algorithms,closure,canonical_layer_review_signal,Name substring signal only; not a finding that the module is incoherent.
NumStability.Algorithms.LU.BlockLUArbitraryNormSourceClosure,NumStability/Algorithms/LU/BlockLUArbitraryNormSourceClosure.lean,Algorithms,Algorithms,closure,canonical_layer_review_signal,Name substring signal only; not a finding that the module is incoherent.
NumStability.Algorithms.LU.BlockLUComputationSourceClosure,NumStability/Algorithms/LU/BlockLUComputationSourceClosure.lean,Algorithms,Algorithms,closure,canonical_layer_review_signal,Name substring signal only; not a finding that the module is incoherent.
NumStability.Algorithms.LU.BlockLUPointRowGrowthSourceClosure,NumStability/Algorithms/LU/BlockLUPointRowGrowthSourceClosure.lean,Algorithms,Algorithms,closure,canonical_layer_review_signal,Name substring signal only; not a finding that the module is incoherent.
NumStability.Algorithms.LU.BlockLURowSourceClosure,NumStability/Algorithms/LU/BlockLURowSourceClosure.lean,Algorithms,Algorithms,closure,canonical_layer_review_signal,Name substring signal only; not a finding that the module is incoherent.
NumStability.Algorithms.LU.BlockLUSPDSourceClosure,NumStability/Algorithms/LU/BlockLUSPDSourceClosure.lean,Algorithms,Algorithms,closure,canonical_layer_review_signal,Name substring signal only; not a finding that the module is incoherent.
NumStability.Algorithms.LU.BlockLUScalarGrowthBridge,NumStability/Algorithms/LU/BlockLUScalarGrowthBridge.lean,Algorithms,Algorithms,bridge,canonical_layer_review_signal,Name substring signal only; not a finding that the module is incoherent.
NumStability.Algorithms.LU.BlockLUSourceClosure,NumStability/Algorithms/LU/BlockLUSourceClosure.lean,Algorithms,Algorithms,closure,canonical_layer_review_signal,Name substring signal only; not a finding that the module is incoherent.
NumStability.Algorithms.LU.Higham15Problem15_6Closure,NumStability/Algorithms/LU/Higham15Problem15_6Closure.lean,Algorithms,Algorithms,closure,canonical_layer_review_signal,Name substring signal only; not a finding that the module is incoherent.
NumStability.Algorithms.LU.TridiagonalCondCh15Closure,NumStability/Algorithms/LU/TridiagonalCondCh15Closure.lean,Algorithms,Algorithms,closure,canonical_layer_review_signal,Name substring signal only; not a finding that the module is incoherent.
NumStability.Algorithms.LU.TridiagonalCondCh15IkebeClosure,NumStability/Algorithms/LU/TridiagonalCondCh15IkebeClosure.lean,Algorithms,Algorithms,closure,canonical_layer_review_signal,Name substring signal only; not a finding that the module is incoherent.
NumStability.Algorithms.LeastSquares.Higham20EliminationActual,NumStability/Algorithms/LeastSquares/Higham20EliminationActual.lean,Algorithms,Algorithms,actual,canonical_layer_review_signal,Name substring signal only; not a finding that the module is incoherent.
NumStability.Algorithms.LeastSquares.Higham20Remaining,NumStability/Algorithms/LeastSquares/Higham20Remaining.lean,Algorithms,Algorithms,remaining,canonical_layer_review_signal,Name substring signal only; not a finding that the module is incoherent.
NumStability.Algorithms.LeastSquares.Higham20Theorem20_7ActualAssembly,NumStability/Algorithms/LeastSquares/Higham20Theorem20_7ActualAssembly.lean,Algorithms,Algorithms,actual,canonical_layer_review_signal,Name substring signal only; not a finding that the module is incoherent.
NumStability.Algorithms.LeastSquares.Higham20Theorem20_7ActualBackSub,NumStability/Algorithms/LeastSquares/Higham20Theorem20_7ActualBackSub.lean,Algorithms,Algorithms,actual,canonical_layer_review_signal,Name substring signal only; not a finding that the module is incoherent.
NumStability.Algorithms.LeastSquares.Higham20Theorem20_7ActualClosure,NumStability/Algorithms/LeastSquares/Higham20Theorem20_7ActualClosure.lean,Algorithms,Algorithms,actual,canonical_layer_review_signal,Name substring signal only; not a finding that the module is incoherent.
NumStability.Algorithms.LeastSquares.Higham20Theorem20_7ActualClosure,NumStability/Algorithms/LeastSquares/Higham20Theorem20_7ActualClosure.lean,Algorithms,Algorithms,closure,canonical_layer_review_signal,Name substring signal only; not a finding that the module is incoherent.
NumStability.Algorithms.LeastSquares.Higham20Theorem20_7ActualGrowth,NumStability/Algorithms/LeastSquares/Higham20Theorem20_7ActualGrowth.lean,Algorithms,Algorithms,actual,canonical_layer_review_signal,Name substring signal only; not a finding that the module is incoherent.
NumStability.Algorithms.LeastSquares.Higham20Theorem20_7ActualRhs,NumStability/Algorithms/LeastSquares/Higham20Theorem20_7ActualRhs.lean,Algorithms,Algorithms,actual,canonical_layer_review_signal,Name substring signal only; not a finding that the module is incoherent.
NumStability.Algorithms.LeastSquares.Higham20Theorem20_7ActualTrace,NumStability/Algorithms/LeastSquares/Higham20Theorem20_7ActualTrace.lean,Algorithms,Algorithms,actual,canonical_layer_review_signal,Name substring signal only; not a finding that the module is incoherent.
NumStability.Algorithms.LinearSystems.Underdetermined.QR.Givens.StoredReplay.Closure,NumStability/Algorithms/LinearSystems/Underdetermined/QR/Givens/StoredReplay/Closure.lean,Algorithms,Algorithms,closure,canonical_layer_review_signal,Name substring signal only; not a finding that the module is incoherent.
NumStability.Algorithms.LinearSystems.Underdetermined.SeminormalEquations.ForwardError.ActualOutput,NumStability/Algorithms/LinearSystems/Underdetermined/SeminormalEquations/ForwardError/ActualOutput.lean,Algorithms,Algorithms,actual,canonical_layer_review_signal,Name substring signal only; not a finding that the module is incoherent.
NumStability.Algorithms.LinearSystems.Underdetermined.SeminormalEquations.HouseholderClosure.Closure,NumStability/Algorithms/LinearSystems/Underdetermined/SeminormalEquations/HouseholderClosure/Closure.lean,Algorithms,Algorithms,closure,canonical_layer_review_signal,Name substring signal only; not a finding that the module is incoherent.
NumStability.Algorithms.LinearSystems.Underdetermined.SeminormalEquations.HouseholderClosure.Uniform,NumStability/Algorithms/LinearSystems/Underdetermined/SeminormalEquations/HouseholderClosure/Uniform.lean,Algorithms,Algorithms,closure,canonical_layer_review_signal,Name substring signal only; not a finding that the module is incoherent.
NumStability.Algorithms.Nonlinear.Higham25EigenClosure,NumStability/Algorithms/Nonlinear/Higham25EigenClosure.lean,Algorithms,Algorithms,closure,canonical_layer_review_signal,Name substring signal only; not a finding that the module is incoherent.
NumStability.Algorithms.QR.Higham19Alg12MGSClosure,NumStability/Algorithms/QR/Higham19Alg12MGSClosure.lean,Algorithms,Algorithms,closure,canonical_layer_review_signal,Name substring signal only; not a finding that the module is incoherent.
NumStability.Algorithms.QR.Higham19Alg12MGSPaddedClosure,NumStability/Algorithms/QR/Higham19Alg12MGSPaddedClosure.lean,Algorithms,Algorithms,closure,canonical_layer_review_signal,Name substring signal only; not a finding that the module is incoherent.
NumStability.Algorithms.QR.Higham19Lemma3ActualSequence,NumStability/Algorithms/QR/Higham19Lemma3ActualSequence.lean,Algorithms,Algorithms,actual,canonical_layer_review_signal,Name substring signal only; not a finding that the module is incoherent.
NumStability.Algorithms.QR.Higham19Problem6ActualStep,NumStability/Algorithms/QR/Higham19Problem6ActualStep.lean,Algorithms,Algorithms,actual,canonical_layer_review_signal,Name substring signal only; not a finding that the module is incoherent.
NumStability.Algorithms.QR.Higham19SensitivityClosure,NumStability/Algorithms/QR/Higham19SensitivityClosure.lean,Algorithms,Algorithms,closure,canonical_layer_review_signal,Name substring signal only; not a finding that the module is incoherent.
NumStability.Algorithms.QR.Higham19Theorem10ActualMatrix,NumStability/Algorithms/QR/Higham19Theorem10ActualMatrix.lean,Algorithms,Algorithms,actual,canonical_layer_review_signal,Name substring signal only; not a finding that the module is incoherent.
NumStability.Algorithms.QR.Higham19Theorem5SourceClosure,NumStability/Algorithms/QR/Higham19Theorem5SourceClosure.lean,Algorithms,Algorithms,closure,canonical_layer_review_signal,Name substring signal only; not a finding that the module is incoherent.
NumStability.Algorithms.QR.Higham19Theorem6ActualSource,NumStability/Algorithms/QR/Higham19Theorem6ActualSource.lean,Algorithms,Algorithms,actual,canonical_layer_review_signal,Name substring signal only; not a finding that the module is incoherent.
NumStability.Algorithms.QR.Higham19Thm6Final,NumStability/Algorithms/QR/Higham19Thm6Final.lean,Algorithms,Algorithms,final,canonical_layer_review_signal,Name substring signal only; not a finding that the module is incoherent.
NumStability.Algorithms.QR.Higham19WYApplicationClosure,NumStability/Algorithms/QR/Higham19WYApplicationClosure.lean,Algorithms,Algorithms,closure,canonical_layer_review_signal,Name substring signal only; not a finding that the module is incoherent.
NumStability.Algorithms.Summation.Tree.RecursiveBridge,NumStability/Algorithms/Summation/Tree/RecursiveBridge.lean,Algorithms,Algorithms,bridge,canonical_layer_review_signal,Name substring signal only; not a finding that the module is incoherent.
NumStability.Algorithms.TestMatrices.Higham28GinibreGaussianBridge,NumStability/Algorithms/TestMatrices/Higham28GinibreGaussianBridge.lean,Algorithms,Algorithms,bridge,canonical_layer_review_signal,Name substring signal only; not a finding that the module is incoherent.
NumStability.Algorithms.Underdetermined.Higham21GivensClosure,NumStability/Algorithms/Underdetermined/Higham21GivensClosure.lean,Algorithms,Algorithms,closure,canonical_layer_review_signal,Name substring signal only; not a finding that the module is incoherent.
NumStability.Algorithms.Underdetermined.Higham21SNEActualOutput,NumStability/Algorithms/Underdetermined/Higham21SNEActualOutput.lean,Algorithms,Algorithms,actual,canonical_layer_review_signal,Name substring signal only; not a finding that the module is incoherent.
NumStability.Algorithms.Underdetermined.Higham21SNEClosure,NumStability/Algorithms/Underdetermined/Higham21SNEClosure.lean,Algorithms,Algorithms,closure,canonical_layer_review_signal,Name substring signal only; not a finding that the module is incoherent.
NumStability.Algorithms.Underdetermined.Higham21Theorem214SourceClosure,NumStability/Algorithms/Underdetermined/Higham21Theorem214SourceClosure.lean,Algorithms,Algorithms,closure,canonical_layer_review_signal,Name substring signal only; not a finding that the module is incoherent.
NumStability.Algorithms.Vandermonde.Higham22Ch12RefinementBridge,NumStability/Algorithms/Vandermonde/Higham22Ch12RefinementBridge.lean,Algorithms,Algorithms,bridge,canonical_layer_review_signal,Name substring signal only; not a finding that the module is incoherent.
NumStability.Algorithms.Vandermonde.Higham22ComplexConfluentRefinementBridge,NumStability/Algorithms/Vandermonde/Higham22ComplexConfluentRefinementBridge.lean,Algorithms,Algorithms,bridge,canonical_layer_review_signal,Name substring signal only; not a finding that the module is incoherent.
NumStability.Algorithms.Vandermonde.Higham22MonomialClosure,NumStability/Algorithms/Vandermonde/Higham22MonomialClosure.lean,Algorithms,Algorithms,closure,canonical_layer_review_signal,Name substring signal only; not a finding that the module is incoherent.
NumStability.Analysis.CStarMatrices.Basic.RealMatrixBridge,NumStability/Analysis/CStarMatrices/Basic/RealMatrixBridge.lean,Analysis,Analysis,bridge,canonical_layer_review_signal,Name substring signal only; not a finding that the module is incoherent.
NumStability.Analysis.CStarMatrixBridge,NumStability/Analysis/CStarMatrixBridge.lean,Analysis,Analysis,bridge,canonical_layer_review_signal,Name substring signal only; not a finding that the module is incoherent.
NumStability.Analysis.Ch17SemiconvergentBlockFormSourceClosure,NumStability/Analysis/Ch17SemiconvergentBlockFormSourceClosure.lean,Analysis,Analysis,closure,canonical_layer_review_signal,Name substring signal only; not a finding that the module is incoherent.
NumStability.Analysis.LinearOperators.MatrixPowers.Spijker.KreissBridge,NumStability/Analysis/LinearOperators/MatrixPowers/Spijker/KreissBridge.lean,Analysis,Analysis,bridge,canonical_layer_review_signal,Name substring signal only; not a finding that the module is incoherent.
NumStability.Analysis.MatrixPowersSpijkerClosure,NumStability/Analysis/MatrixPowersSpijkerClosure.lean,Analysis,Analysis,closure,canonical_layer_review_signal,Name substring signal only; not a finding that the module is incoherent.
NumStability.Source.Higham.Chapter04.Algorithm03.SourceClosure.Basic,NumStability/Source/Higham/Chapter04/Algorithm03/SourceClosure/Basic.lean,Source,Source,closure,source_or_other_name_signal,Name substring signal only; not a finding that the module is incoherent.
NumStability.Source.Higham.Chapter06.Lemma06.OperatorTwoNormBound.Bridge,NumStability/Source/Higham/Chapter06/Lemma06/OperatorTwoNormBound/Bridge.lean,Source,Source,bridge,source_or_other_name_signal,Name substring signal only; not a finding that the module is incoherent.
NumStability.Source.Higham.Chapter09.CompletePivotSharpClosure,NumStability/Source/Higham/Chapter09/CompletePivotSharpClosure.lean,Source,Source,closure,source_or_other_name_signal,Name substring signal only; not a finding that the module is incoherent.
NumStability.Source.Higham.Chapter09.ComplexClosure,NumStability/Source/Higham/Chapter09/ComplexClosure.lean,Source,Source,closure,source_or_other_name_signal,Name substring signal only; not a finding that the module is incoherent.
NumStability.Source.Higham.Chapter09.DoolittleClosure,NumStability/Source/Higham/Chapter09/DoolittleClosure.lean,Source,Source,closure,source_or_other_name_signal,Name substring signal only; not a finding that the module is incoherent.
NumStability.Source.Higham.Chapter09.Theorem14.Actual,NumStability/Source/Higham/Chapter09/Theorem14/Actual.lean,Source,Source,actual,source_or_other_name_signal,Name substring signal only; not a finding that the module is incoherent.
NumStability.Source.Higham.Chapter09.Theorem914Actual,NumStability/Source/Higham/Chapter09/Theorem914Actual.lean,Source,Source,actual,source_or_other_name_signal,Name substring signal only; not a finding that the module is incoherent.
NumStability.Source.Higham.Chapter09.Theorem99Closure,NumStability/Source/Higham/Chapter09/Theorem99Closure.lean,Source,Source,closure,source_or_other_name_signal,Name substring signal only; not a finding that the module is incoherent.
NumStability.Source.Higham.Chapter09.Theorem99ComplexClosure,NumStability/Source/Higham/Chapter09/Theorem99ComplexClosure.lean,Source,Source,closure,source_or_other_name_signal,Name substring signal only; not a finding that the module is incoherent.
NumStability.Source.Higham.Chapter10.Equation07.AbsoluteFactorNorm.Bridge,NumStability/Source/Higham/Chapter10/Equation07/AbsoluteFactorNorm/Bridge.lean,Source,Source,bridge,source_or_other_name_signal,Name substring signal only; not a finding that the module is incoherent.
NumStability.Source.Higham.Chapter10.Equation30.ComplexPositiveDefinite.SourceClosure,NumStability/Source/Higham/Chapter10/Equation30/ComplexPositiveDefinite/SourceClosure.lean,Source,Source,closure,source_or_other_name_signal,Name substring signal only; not a finding that the module is incoherent.
NumStability.Source.Higham.Chapter10.Lemma11.PivotSequenceStability.SourceClosure,NumStability/Source/Higham/Chapter10/Lemma11/PivotSequenceStability/SourceClosure.lean,Source,Source,closure,source_or_other_name_signal,Name substring signal only; not a finding that the module is incoherent.
NumStability.Source.Higham.Chapter10.Theorem06.RoundedCholesky.ActualClosure,NumStability/Source/Higham/Chapter10/Theorem06/RoundedCholesky/ActualClosure.lean,Source,Source,actual,source_or_other_name_signal,Name substring signal only; not a finding that the module is incoherent.
NumStability.Source.Higham.Chapter10.Theorem06.RoundedCholesky.ActualClosure,NumStability/Source/Higham/Chapter10/Theorem06/RoundedCholesky/ActualClosure.lean,Source,Source,closure,source_or_other_name_signal,Name substring signal only; not a finding that the module is incoherent.
NumStability.Source.Higham.Chapter10.Theorem06.RoundedCholesky.ForwardError.ActualAlgorithm,NumStability/Source/Higham/Chapter10/Theorem06/RoundedCholesky/ForwardError/ActualAlgorithm.lean,Source,Source,actual,source_or_other_name_signal,Name substring signal only; not a finding that the module is incoherent.
NumStability.Source.Higham.Chapter10.Theorem14.CompletePivotedPSD.ActualComputation.ErrorBounds,NumStability/Source/Higham/Chapter10/Theorem14/CompletePivotedPSD/ActualComputation/ErrorBounds.lean,Source,Source,actual,source_or_other_name_signal,Name substring signal only; not a finding that the module is incoherent.
NumStability.Source.Higham.Chapter10.Theorem14.CompletePivotedPSD.ActualRun,NumStability/Source/Higham/Chapter10/Theorem14/CompletePivotedPSD/ActualRun.lean,Source,Source,actual,source_or_other_name_signal,Name substring signal only; not a finding that the module is incoherent.
NumStability.Source.Higham.Chapter11.Bunch.ActualSharpGrowthClosure,NumStability/Source/Higham/Chapter11/Bunch/ActualSharpGrowthClosure.lean,Source,Source,actual,source_or_other_name_signal,Name substring signal only; not a finding that the module is incoherent.
NumStability.Source.Higham.Chapter11.Bunch.ActualSharpGrowthClosure,NumStability/Source/Higham/Chapter11/Bunch/ActualSharpGrowthClosure.lean,Source,Source,closure,source_or_other_name_signal,Name substring signal only; not a finding that the module is incoherent.
NumStability.Source.Higham.Chapter11.Bunch.SharpGrowthBridge,NumStability/Source/Higham/Chapter11/Bunch/SharpGrowthBridge.lean,Source,Source,bridge,source_or_other_name_signal,Name substring signal only; not a finding that the module is incoherent.
NumStability.Source.Higham.Chapter11.BunchKaufman.ActualSelector,NumStability/Source/Higham/Chapter11/BunchKaufman/ActualSelector.lean,Source,Source,actual,source_or_other_name_signal,Name substring signal only; not a finding that the module is incoherent.
NumStability.Source.Higham.Chapter11.BunchKaufman.Rounded.Bridge,NumStability/Source/Higham/Chapter11/BunchKaufman/Rounded/Bridge.lean,Source,Source,bridge,source_or_other_name_signal,Name substring signal only; not a finding that the module is incoherent.
NumStability.Source.Higham.Chapter11.BunchKaufman.Rounded.Closure,NumStability/Source/Higham/Chapter11/BunchKaufman/Rounded/Closure.lean,Source,Source,closure,source_or_other_name_signal,Name substring signal only; not a finding that the module is incoherent.
NumStability.Source.Higham.Chapter11.BunchTridiagonalActualSolve,NumStability/Source/Higham/Chapter11/BunchTridiagonalActualSolve.lean,Source,Source,actual,source_or_other_name_signal,Name substring signal only; not a finding that the module is incoherent.
NumStability.Source.Higham.Chapter11.Higham11BunchActualSharpGrowthClosure,NumStability/Source/Higham/Chapter11/Higham11BunchActualSharpGrowthClosure.lean,Source,Source,actual,source_or_other_name_signal,Name substring signal only; not a finding that the module is incoherent.
NumStability.Source.Higham.Chapter11.Higham11BunchActualSharpGrowthClosure,NumStability/Source/Higham/Chapter11/Higham11BunchActualSharpGrowthClosure.lean,Source,Source,closure,source_or_other_name_signal,Name substring signal only; not a finding that the module is incoherent.
NumStability.Source.Higham.Chapter11.Higham11BunchKaufmanActualSelector,NumStability/Source/Higham/Chapter11/Higham11BunchKaufmanActualSelector.lean,Source,Source,actual,source_or_other_name_signal,Name substring signal only; not a finding that the module is incoherent.
NumStability.Source.Higham.Chapter11.Higham11BunchKaufmanRoundedBridge,NumStability/Source/Higham/Chapter11/Higham11BunchKaufmanRoundedBridge.lean,Source,Source,bridge,source_or_other_name_signal,Name substring signal only; not a finding that the module is incoherent.
NumStability.Source.Higham.Chapter11.Higham11BunchKaufmanRoundedClosure,NumStability/Source/Higham/Chapter11/Higham11BunchKaufmanRoundedClosure.lean,Source,Source,closure,source_or_other_name_signal,Name substring signal only; not a finding that the module is incoherent.
NumStability.Source.Higham.Chapter11.Higham11BunchSharpGrowthBridge,NumStability/Source/Higham/Chapter11/Higham11BunchSharpGrowthBridge.lean,Source,Source,bridge,source_or_other_name_signal,Name substring signal only; not a finding that the module is incoherent.
NumStability.Source.Higham.Chapter11.Higham11Chapter9ActualExecutorBridge,NumStability/Source/Higham/Chapter11/Higham11Chapter9ActualExecutorBridge.lean,Source,Source,actual,source_or_other_name_signal,Name substring signal only; not a finding that the module is incoherent.
NumStability.Source.Higham.Chapter11.Higham11Chapter9ActualExecutorBridge,NumStability/Source/Higham/Chapter11/Higham11Chapter9ActualExecutorBridge.lean,Source,Source,bridge,source_or_other_name_signal,Name substring signal only; not a finding that the module is incoherent.
NumStability.Source.Higham.Chapter11.Higham11Chapter9BridgeClosure,NumStability/Source/Higham/Chapter11/Higham11Chapter9BridgeClosure.lean,Source,Source,bridge,source_or_other_name_signal,Name substring signal only; not a finding that the module is incoherent.
NumStability.Source.Higham.Chapter11.Higham11Chapter9BridgeClosure,NumStability/Source/Higham/Chapter11/Higham11Chapter9BridgeClosure.lean,Source,Source,closure,source_or_other_name_signal,Name substring signal only; not a finding that the module is incoherent.
NumStability.Source.Higham.Chapter11.Higham11RookSourceClosure,NumStability/Source/Higham/Chapter11/Higham11RookSourceClosure.lean,Source,Source,closure,source_or_other_name_signal,Name substring signal only; not a finding that the module is incoherent.
NumStability.Source.Higham.Chapter11.Higham11SkewActualSelector,NumStability/Source/Higham/Chapter11/Higham11SkewActualSelector.lean,Source,Source,actual,source_or_other_name_signal,Name substring signal only; not a finding that the module is incoherent.
NumStability.Source.Higham.Chapter11.Rook.SourceClosure,NumStability/Source/Higham/Chapter11/Rook/SourceClosure.lean,Source,Source,closure,source_or_other_name_signal,Name substring signal only; not a finding that the module is incoherent.
NumStability.Source.Higham.Chapter11.Skew.ActualSelector,NumStability/Source/Higham/Chapter11/Skew/ActualSelector.lean,Source,Source,actual,source_or_other_name_signal,Name substring signal only; not a finding that the module is incoherent.
NumStability.Source.Higham.Chapter13.Problem04.ScalarGrowthBridge,NumStability/Source/Higham/Chapter13/Problem04/ScalarGrowthBridge.lean,Source,Source,bridge,source_or_other_name_signal,Name substring signal only; not a finding that the module is incoherent.
NumStability.Source.Higham.Chapter13.Section03.ColumnDominanceClosure,NumStability/Source/Higham/Chapter13/Section03/ColumnDominanceClosure.lean,Source,Source,closure,source_or_other_name_signal,Name substring signal only; not a finding that the module is incoherent.
NumStability.Source.Higham.Chapter13.Section03.RowDominanceClosure,NumStability/Source/Higham/Chapter13/Section03/RowDominanceClosure.lean,Source,Source,closure,source_or_other_name_signal,Name substring signal only; not a finding that the module is incoherent.
NumStability.Source.Higham.Chapter14.Algorithm04.Accumulation.GJESourceAccumulationBridge,NumStability/Source/Higham/Chapter14/Algorithm04/Accumulation/GJESourceAccumulationBridge.lean,Source,Source,bridge,source_or_other_name_signal,Name substring signal only; not a finding that the module is incoherent.
NumStability.Source.Higham.Chapter14.Algorithm04.Execution.GJEActualDoolittleAdapter,NumStability/Source/Higham/Chapter14/Algorithm04/Execution/GJEActualDoolittleAdapter.lean,Source,Source,actual,source_or_other_name_signal,Name substring signal only; not a finding that the module is incoherent.
NumStability.Source.Higham.Chapter14.Algorithm04.Execution.GJEFinalDivisionClosure,NumStability/Source/Higham/Chapter14/Algorithm04/Execution/GJEFinalDivisionClosure.lean,Source,Source,closure,source_or_other_name_signal,Name substring signal only; not a finding that the module is incoherent.
NumStability.Source.Higham.Chapter14.Algorithm04.Execution.GJEFinalDivisionClosure,NumStability/Source/Higham/Chapter14/Algorithm04/Execution/GJEFinalDivisionClosure.lean,Source,Source,final,source_or_other_name_signal,Name substring signal only; not a finding that the module is incoherent.
NumStability.Source.Higham.Chapter14.Algorithm04.Execution.GJEOperationalBridge,NumStability/Source/Higham/Chapter14/Algorithm04/Execution/GJEOperationalBridge.lean,Source,Source,bridge,source_or_other_name_signal,Name substring signal only; not a finding that the module is incoherent.
NumStability.Source.Higham.Chapter14.Algorithm04.Execution.GaussJordanSourceClosure,NumStability/Source/Higham/Chapter14/Algorithm04/Execution/GaussJordanSourceClosure.lean,Source,Source,closure,source_or_other_name_signal,Name substring signal only; not a finding that the module is incoherent.
NumStability.Source.Higham.Chapter14.Algorithm04.FinalDivisionStage.FinalizedErrorFamilies,NumStability/Source/Higham/Chapter14/Algorithm04/FinalDivisionStage/FinalizedErrorFamilies.lean,Source,Source,final,source_or_other_name_signal,Name substring signal only; not a finding that the module is incoherent.
NumStability.Source.Higham.Chapter14.Corollary06.SPD.Closure,NumStability/Source/Higham/Chapter14/Corollary06/SPD/Closure.lean,Source,Source,closure,source_or_other_name_signal,Name substring signal only; not a finding that the module is incoherent.
NumStability.Source.Higham.Chapter14.Corollary06.SPD.SourceClosure,NumStability/Source/Higham/Chapter14/Corollary06/SPD/SourceClosure.lean,Source,Source,closure,source_or_other_name_signal,Name substring signal only; not a finding that the module is incoherent.
NumStability.Source.Higham.Chapter14.Corollary06.SPD.UniformInverseBridge,NumStability/Source/Higham/Chapter14/Corollary06/SPD/UniformInverseBridge.lean,Source,Source,bridge,source_or_other_name_signal,Name substring signal only; not a finding that the module is incoherent.
NumStability.Source.Higham.Chapter14.Corollary07.DiagonalDominance.Closure,NumStability/Source/Higham/Chapter14/Corollary07/DiagonalDominance/Closure.lean,Source,Source,closure,source_or_other_name_signal,Name substring signal only; not a finding that the module is incoherent.
NumStability.Source.Higham.Chapter14.Corollary07.DiagonalDominance.FinalDivisionFamilyClosure,NumStability/Source/Higham/Chapter14/Corollary07/DiagonalDominance/FinalDivisionFamilyClosure.lean,Source,Source,closure,source_or_other_name_signal,Name substring signal only; not a finding that the module is incoherent.
NumStability.Source.Higham.Chapter14.Corollary07.DiagonalDominance.FinalDivisionFamilyClosure,NumStability/Source/Higham/Chapter14/Corollary07/DiagonalDominance/FinalDivisionFamilyClosure.lean,Source,Source,final,source_or_other_name_signal,Name substring signal only; not a finding that the module is incoherent.
NumStability.Source.Higham.Chapter14.Corollary07.DiagonalDominance.SourceClosure,NumStability/Source/Higham/Chapter14/Corollary07/DiagonalDominance/SourceClosure.lean,Source,Source,closure,source_or_other_name_signal,Name substring signal only; not a finding that the module is incoherent.
NumStability.Source.Higham.Chapter14.Section02.TriangularInversion.Method1B.BlockResidual.WholeMatrixBounds,NumStability/Source/Higham/Chapter14/Section02/TriangularInversion/Method1B/BlockResidual/WholeMatrixBounds.lean,Source,Source,whole,source_or_other_name_signal,Name substring signal only; not a finding that the module is incoherent.
NumStability.Source.Higham.Chapter14.Section02.TriangularInversion.Method1B.Method1BWhole,NumStability/Source/Higham/Chapter14/Section02/TriangularInversion/Method1B/Method1BWhole.lean,Source,Source,whole,source_or_other_name_signal,Name substring signal only; not a finding that the module is incoherent.
NumStability.Source.Higham.Chapter14.Section02.TriangularInversion.Method2C.Method2CWhole,NumStability/Source/Higham/Chapter14/Section02/TriangularInversion/Method2C/Method2CWhole.lean,Source,Source,whole,source_or_other_name_signal,Name substring signal only; not a finding that the module is incoherent.
NumStability.Source.Higham.Chapter14.Section02.TriangularInversion.Method2C.WholeMatrixResidual.LeftResidualBounds,NumStability/Source/Higham/Chapter14/Section02/TriangularInversion/Method2C/WholeMatrixResidual/LeftResidualBounds.lean,Source,Source,whole,source_or_other_name_signal,Name substring signal only; not a finding that the module is incoherent.
NumStability.Source.Higham.Chapter14.Section03.ResidualOperatorTwoNorm.Bridge,NumStability/Source/Higham/Chapter14/Section03/ResidualOperatorTwoNorm/Bridge.lean,Source,Source,bridge,source_or_other_name_signal,Name substring signal only; not a finding that the module is incoherent.
NumStability.Source.Higham.Chapter14.Theorem05.ForwardError.GJEFinalDivisionClosure,NumStability/Source/Higham/Chapter14/Theorem05/ForwardError/GJEFinalDivisionClosure.lean,Source,Source,closure,source_or_other_name_signal,Name substring signal only; not a finding that the module is incoherent.
NumStability.Source.Higham.Chapter14.Theorem05.ForwardError.GJEFinalDivisionClosure,NumStability/Source/Higham/Chapter14/Theorem05/ForwardError/GJEFinalDivisionClosure.lean,Source,Source,final,source_or_other_name_signal,Name substring signal only; not a finding that the module is incoherent.
NumStability.Source.Higham.Chapter14.Theorem05.ForwardError.GJEPrintedEnvelopeClosure,NumStability/Source/Higham/Chapter14/Theorem05/ForwardError/GJEPrintedEnvelopeClosure.lean,Source,Source,closure,source_or_other_name_signal,Name substring signal only; not a finding that the module is incoherent.
NumStability.Source.Higham.Chapter14.Theorem05.ForwardError.GJETheorem145SourceClosure,NumStability/Source/Higham/Chapter14/Theorem05/ForwardError/GJETheorem145SourceClosure.lean,Source,Source,closure,source_or_other_name_signal,Name substring signal only; not a finding that the module is incoherent.
NumStability.Source.Higham.Chapter19.Algorithm12.MGSClosure,NumStability/Source/Higham/Chapter19/Algorithm12/MGSClosure.lean,Source,Source,closure,source_or_other_name_signal,Name substring signal only; not a finding that the module is incoherent.
NumStability.Source.Higham.Chapter19.Algorithm12.MGSPaddedClosure,NumStability/Source/Higham/Chapter19/Algorithm12/MGSPaddedClosure.lean,Source,Source,closure,source_or_other_name_signal,Name substring signal only; not a finding that the module is incoherent.
NumStability.Source.Higham.Chapter19.Lemma03.ActualSequence,NumStability/Source/Higham/Chapter19/Lemma03/ActualSequence.lean,Source,Source,actual,source_or_other_name_signal,Name substring signal only; not a finding that the module is incoherent.
NumStability.Source.Higham.Chapter19.Problem06.ActualStep,NumStability/Source/Higham/Chapter19/Problem06/ActualStep.lean,Source,Source,actual,source_or_other_name_signal,Name substring signal only; not a finding that the module is incoherent.
NumStability.Source.Higham.Chapter19.Sensitivity.Closure,NumStability/Source/Higham/Chapter19/Sensitivity/Closure.lean,Source,Source,closure,source_or_other_name_signal,Name substring signal only; not a finding that the module is incoherent.
NumStability.Source.Higham.Chapter19.StoredLoop.Perturbation.Bridge,NumStability/Source/Higham/Chapter19/StoredLoop/Perturbation/Bridge.lean,Source,Source,bridge,source_or_other_name_signal,Name substring signal only; not a finding that the module is incoherent.
NumStability.Source.Higham.Chapter19.Theorem05.SourceClosure,NumStability/Source/Higham/Chapter19/Theorem05/SourceClosure.lean,Source,Source,closure,source_or_other_name_signal,Name substring signal only; not a finding that the module is incoherent.
NumStability.Source.Higham.Chapter19.Theorem06.ActualSource,NumStability/Source/Higham/Chapter19/Theorem06/ActualSource.lean,Source,Source,actual,source_or_other_name_signal,Name substring signal only; not a finding that the module is incoherent.
NumStability.Source.Higham.Chapter19.Theorem06.Final,NumStability/Source/Higham/Chapter19/Theorem06/Final.lean,Source,Source,final,source_or_other_name_signal,Name substring signal only; not a finding that the module is incoherent.
NumStability.Source.Higham.Chapter19.Theorem10.ActualMatrix,NumStability/Source/Higham/Chapter19/Theorem10/ActualMatrix.lean,Source,Source,actual,source_or_other_name_signal,Name substring signal only; not a finding that the module is incoherent.
NumStability.Source.Higham.Chapter19.WYApplicationClosure,NumStability/Source/Higham/Chapter19/WYApplicationClosure.lean,Source,Source,closure,source_or_other_name_signal,Name substring signal only; not a finding that the module is incoherent.
NumStability.Source.Higham.Chapter20.Remaining,NumStability/Source/Higham/Chapter20/Remaining.lean,Source,Source,remaining,source_or_other_name_signal,Name substring signal only; not a finding that the module is incoherent.
NumStability.Source.Higham.Chapter20.Theorem07.ActualAssembly,NumStability/Source/Higham/Chapter20/Theorem07/ActualAssembly.lean,Source,Source,actual,source_or_other_name_signal,Name substring signal only; not a finding that the module is incoherent.
NumStability.Source.Higham.Chapter20.Theorem07.ActualBackSub,NumStability/Source/Higham/Chapter20/Theorem07/ActualBackSub.lean,Source,Source,actual,source_or_other_name_signal,Name substring signal only; not a finding that the module is incoherent.
NumStability.Source.Higham.Chapter20.Theorem07.ActualClosure,NumStability/Source/Higham/Chapter20/Theorem07/ActualClosure.lean,Source,Source,actual,source_or_other_name_signal,Name substring signal only; not a finding that the module is incoherent.
NumStability.Source.Higham.Chapter20.Theorem07.ActualClosure,NumStability/Source/Higham/Chapter20/Theorem07/ActualClosure.lean,Source,Source,closure,source_or_other_name_signal,Name substring signal only; not a finding that the module is incoherent.
NumStability.Source.Higham.Chapter20.Theorem07.ActualGrowth,NumStability/Source/Higham/Chapter20/Theorem07/ActualGrowth.lean,Source,Source,actual,source_or_other_name_signal,Name substring signal only; not a finding that the module is incoherent.
NumStability.Source.Higham.Chapter20.Theorem07.ActualRhs,NumStability/Source/Higham/Chapter20/Theorem07/ActualRhs.lean,Source,Source,actual,source_or_other_name_signal,Name substring signal only; not a finding that the module is incoherent.
NumStability.Source.Higham.Chapter20.Theorem07.ActualTrace,NumStability/Source/Higham/Chapter20/Theorem07/ActualTrace.lean,Source,Source,actual,source_or_other_name_signal,Name substring signal only; not a finding that the module is incoherent.
NumStability.Source.Higham.Chapter21.Equation08.EquationClosure,NumStability/Source/Higham/Chapter21/Equation08/EquationClosure.lean,Source,Source,closure,source_or_other_name_signal,Name substring signal only; not a finding that the module is incoherent.
NumStability.Source.Higham.Chapter21.Equation09.EquationClosure,NumStability/Source/Higham/Chapter21/Equation09/EquationClosure.lean,Source,Source,closure,source_or_other_name_signal,Name substring signal only; not a finding that the module is incoherent.
NumStability.Source.Higham.Chapter21.Equation10.Closure,NumStability/Source/Higham/Chapter21/Equation10/Closure.lean,Source,Source,closure,source_or_other_name_signal,Name substring signal only; not a finding that the module is incoherent.
NumStability.Source.Higham.Chapter21.Equation11.ActualOutput,NumStability/Source/Higham/Chapter21/Equation11/ActualOutput.lean,Source,Source,actual,source_or_other_name_signal,Name substring signal only; not a finding that the module is incoherent.
NumStability.Source.Higham.Chapter21.Equation11.Closure,NumStability/Source/Higham/Chapter21/Equation11/Closure.lean,Source,Source,closure,source_or_other_name_signal,Name substring signal only; not a finding that the module is incoherent.
NumStability.Source.Higham.Chapter21.Equation11.UniformClosure,NumStability/Source/Higham/Chapter21/Equation11/UniformClosure.lean,Source,Source,closure,source_or_other_name_signal,Name substring signal only; not a finding that the module is incoherent.
NumStability.Source.Higham.Chapter21.Theorem04.GivensQMethod.Closure,NumStability/Source/Higham/Chapter21/Theorem04/GivensQMethod/Closure.lean,Source,Source,closure,source_or_other_name_signal,Name substring signal only; not a finding that the module is incoherent.
NumStability.Source.Higham.Chapter21.Theorem04.SeminormalEquations.ActualOutput,NumStability/Source/Higham/Chapter21/Theorem04/SeminormalEquations/ActualOutput.lean,Source,Source,actual,source_or_other_name_signal,Name substring signal only; not a finding that the module is incoherent.
NumStability.Source.Higham.Chapter21.Theorem04.SeminormalEquations.Closure,NumStability/Source/Higham/Chapter21/Theorem04/SeminormalEquations/Closure.lean,Source,Source,closure,source_or_other_name_signal,Name substring signal only; not a finding that the module is incoherent.
NumStability.Source.Higham.Chapter21.Theorem04.SourceClosure.SourceClosure,NumStability/Source/Higham/Chapter21/Theorem04/SourceClosure/SourceClosure.lean,Source,Source,closure,source_or_other_name_signal,Name substring signal only; not a finding that the module is incoherent.
NumStability.Source.Higham.Chapter21.Theorem04.SourceClosure.Supplement.Core,NumStability/Source/Higham/Chapter21/Theorem04/SourceClosure/Supplement/Core.lean,Source,Source,closure,source_or_other_name_signal,Name substring signal only; not a finding that the module is incoherent.
NumStability.Source.Higham.Chapter28.Section02.RealGinibre.FiniteExpectation.GinibreGaussianBridge,NumStability/Source/Higham/Chapter28/Section02/RealGinibre/FiniteExpectation/GinibreGaussianBridge.lean,Source,Source,bridge,source_or_other_name_signal,Name substring signal only; not a finding that the module is incoherent.
NumStability.Source.Higham.CrossChapter.SymmetricIndefiniteLU.ActualExecutorBridge,NumStability/Source/Higham/CrossChapter/SymmetricIndefiniteLU/ActualExecutorBridge.lean,Source,Source,actual,source_or_other_name_signal,Name substring signal only; not a finding that the module is incoherent.
NumStability.Source.Higham.CrossChapter.SymmetricIndefiniteLU.ActualExecutorBridge,NumStability/Source/Higham/CrossChapter/SymmetricIndefiniteLU/ActualExecutorBridge.lean,Source,Source,bridge,source_or_other_name_signal,Name substring signal only; not a finding that the module is incoherent.
NumStability.Source.Higham.CrossChapter.SymmetricIndefiniteLU.BridgeClosure,NumStability/Source/Higham/CrossChapter/SymmetricIndefiniteLU/BridgeClosure.lean,Source,Source,bridge,source_or_other_name_signal,Name substring signal only; not a finding that the module is incoherent.
NumStability.Source.Higham.CrossChapter.SymmetricIndefiniteLU.BridgeClosure,NumStability/Source/Higham/CrossChapter/SymmetricIndefiniteLU/BridgeClosure.lean,Source,Source,closure,source_or_other_name_signal,Name substring signal only; not a finding that the module is incoherent.
