task_id,campaign,qualified_distinct,qualified_occurrences,transitive,qualified_live_distinct,distance1,public_transitive,imports,modules,candidates,direct_candidates,substantial_hits,substantial_explicit,time_gain_pct,loc_gain_pct,token_gain_pct
P01-T1,r11,3.6666666666666665,5.0,21.666666666666668,3.6666666666666665,8.0,12.333333333333334,0.6666666666666666,2.0,0.6666666666666666,0.6666666666666666,0.6666666666666666,0.6666666666666666,52.393296048009674,39.225181598062946,47.57913709757629
P01-T2,r11,10.0,18.333333333333332,37.0,10.0,11.666666666666666,24.0,2.0,5.0,4.0,4.0,3.0,3.0,75.29774283289376,60.021436227224015,65.58919359386152
P02-T1,r11,11.0,31.0,23.666666666666668,11.0,5.666666666666667,22.666666666666668,1.0,4.0,1.0,0.6666666666666666,1.0,1.0,16.16002604448585,4.723779023218566,-26.911300534175044
P02-T3,r09/r10,3.3333333333333335,10.666666666666666,7.333333333333333,3.3333333333333335,0.0,7.0,0.3333333333333333,1.3333333333333333,0.0,0.0,0.0,0.0,-19.855665223434247,-10.703363914373094,-209.36673529951943
P03-T3,r09/r10,0.0,0.0,0.0,0.0,0.0,0.0,0.0,0.0,0.0,0.0,0.0,0.0,-14.479890659646225,-0.5252100840336195,-79.02503361290736
P04-T1,r11,4.0,7.0,14.0,4.0,0.0,8.0,1.0,2.0,1.0,0.0,1.0,1.0,11.219506827434975,13.78776142525174,-9.951237164536087
P05-T3,r09/r10,0.0,0.0,0.0,0.0,0.0,0.0,0.0,0.0,0.0,0.0,0.0,0.0,8.969149120073753,10.1159114857745,-24.89177876963263
P06-T3,r09/r10,0.0,0.0,0.0,0.0,0.0,0.0,0.0,0.0,0.0,0.0,0.0,0.0,11.578707088437357,1.0486177311725506,43.27883305323381
P08-T3,r09/r10,0.0,0.0,0.0,0.0,0.0,0.0,0.0,0.0,0.0,0.0,0.0,0.0,32.99494573996465,6.65024630541872,49.77551828157224
P09-T3,r09/r10,0.0,0.0,0.0,0.0,0.0,0.0,0.0,0.0,0.0,0.0,0.0,0.0,7.944514151413526,-9.038322487346356,11.399320934899885
P11-T3,r09/r10,0.0,0.0,0.0,0.0,0.0,0.0,0.0,0.0,0.0,0.0,0.0,0.0,-7.069546319983243,2.54957507082153,-9.690678122008041
P12-T1,r11,10.0,16.666666666666668,47.333333333333336,10.0,16.0,43.333333333333336,1.0,3.0,2.6666666666666665,2.6666666666666665,1.0,0.0,52.78011372758719,49.14586070959264,-19.384592807121447
P13-T3,r09/r10,0.0,0.0,0.0,0.0,0.0,0.0,0.0,0.0,0.0,0.0,0.0,0.0,29.354605755641064,-3.2225579053373674,35.09449604857204
P14-T1,r11,6.666666666666667,16.0,22.666666666666668,6.666666666666667,6.333333333333333,21.666666666666668,1.0,4.0,1.0,0.6666666666666666,1.0,1.0,17.67267232368948,-7.275320970042796,11.144479994861884
P15-T1,r11,12.333333333333334,23.666666666666668,32.666666666666664,12.0,3.6666666666666665,28.666666666666668,1.0,6.0,1.0,0.3333333333333333,1.0,1.0,75.1230614550649,59.193954659949625,55.16578644854746
P15-T2,r11,12.333333333333334,24.333333333333332,95.33333333333333,12.333333333333334,2.6666666666666665,45.333333333333336,2.0,8.0,2.0,0.6666666666666666,2.0,2.0,76.60275368902701,62.786434463794684,78.19656162650082
P15-T3,r09/r10,12.333333333333334,22.666666666666668,30.666666666666668,11.666666666666666,0.0,30.666666666666668,1.0,2.3333333333333335,3.0,0.0,0.0,0.0,10.291883333918648,-10.999543587403002,17.027982024524853
P17-T1,r11,1.3333333333333333,1.3333333333333333,4.0,1.3333333333333333,2.0,4.0,0.3333333333333333,0.3333333333333333,0.0,0.0,0.0,0.0,20.997391781829233,17.233009708737864,-41.049017238870434
P17-T3,r09/r10,0.0,0.0,0.0,0.0,0.0,0.0,0.0,0.0,0.0,0.0,0.0,0.0,4.204771872667333,-9.732360097323609,2.6716250141542135
P19-T3,r09/r10,0.0,0.0,0.0,0.0,0.0,0.0,0.0,0.0,0.0,0.0,0.0,0.0,13.551764783764296,-3.03975058456742,55.296019130303584
P20-T3,r09/r10,1.3333333333333333,1.3333333333333333,1.3333333333333333,1.3333333333333333,0.0,1.3333333333333333,0.3333333333333333,0.3333333333333333,1.0,0.0,0.0,0.0,13.96056348177062,-11.825572801182552,-2.479136739517423
P23-T1,r11,9.0,14.666666666666666,25.666666666666668,9.0,3.0,21.666666666666668,1.0,5.333333333333333,2.6666666666666665,1.0,0.6666666666666666,0.6666666666666666,62.50216631605107,41.047040971168435,28.104743732220612
P24-T3,r09/r10,0.0,0.0,0.0,0.0,0.0,0.0,0.0,0.0,0.0,0.0,0.0,0.0,-22.401743991589235,-19.94134897360704,11.9463457457392
P25-T3,r09/r10,0.0,0.0,0.0,0.0,0.0,0.0,0.0,0.0,0.0,0.0,0.0,0.0,-2.6186999222009,-9.16905444126075,10.544723208977734
P26-T1,r11,6.0,8.0,75.0,6.0,4.666666666666667,29.0,1.0,4.0,1.0,1.0,1.0,1.0,71.92560784808715,67.69610870907968,66.98337561312785
P27-T3,r09/r10,0.0,0.0,0.0,0.0,0.0,0.0,0.0,0.0,0.0,0.0,0.0,0.0,4.643854606930183,5.564648117839599,-9.500436430936881
P28-T1,r11,5.0,5.333333333333333,21.0,5.0,0.0,17.0,1.0,4.0,0.0,0.0,1.0,1.0,77.34296913423151,56.996148908857506,69.10522439605573
P28-T3,r09/r10,0.0,0.0,0.0,0.0,0.0,0.0,0.0,0.0,0.0,0.0,0.0,0.0,-7.889847175808719,10.15761821366025,37.53309444218721
P29-T1,r11,4.666666666666667,5.333333333333333,21.0,4.666666666666667,3.0,17.0,1.0,4.0,0.0,0.0,1.0,1.0,76.77019848167343,69.25207756232686,62.00243860962435
P29-T2,r11,11.0,14.333333333333334,130.66666666666666,11.0,7.666666666666667,44.333333333333336,2.0,5.333333333333333,2.0,2.0,2.0,2.0,61.7874659989927,58.503857765850384,60.961773463239794
P32-T3,r09/r10,0.0,0.0,0.0,0.0,0.0,0.0,0.0,0.0,0.0,0.0,0.0,0.0,-7.630921552600373,-2.4193548387096775,-50.368848864481926
P33-T1,r11,9.0,33.666666666666664,26.0,9.0,9.0,21.333333333333332,1.0,4.666666666666667,0.3333333333333333,0.3333333333333333,0.6666666666666666,0.3333333333333333,70.78155529036951,58.41463414634145,40.6409562675075
P34-T3,r09/r10,0.0,0.0,0.0,0.0,0.0,0.0,0.0,0.0,0.0,0.0,0.0,0.0,23.790259615324207,5.132192846034214,15.499579048831535
P35-T3,r09/r10,0.6666666666666666,0.6666666666666666,1.3333333333333333,0.6666666666666666,0.6666666666666666,1.3333333333333333,0.6666666666666666,1.3333333333333333,0.0,0.0,0.0,0.0,-8.050404787511479,-3.6262203626220324,-1.0779029291254703
P36-T3,r09/r10,0.0,0.0,0.0,0.0,0.0,0.0,0.0,0.0,0.0,0.0,0.0,0.0,-1.3619218860250257,-21.44846796657382,-20.082236989482407
P37-T3,r09/r10,0.0,0.0,0.0,0.0,0.0,0.0,0.0,0.0,0.0,0.0,0.0,0.0,2.440383408315877,-8.382352941176471,56.42008312344871
P39-T3,r09/r10,0.0,0.0,0.0,0.0,0.0,0.0,0.0,0.0,0.0,0.0,0.0,0.0,25.19408146099122,5.285412262156436,29.89079962663715
P40-T3,r09/r10,4.666666666666667,8.666666666666666,10.0,4.666666666666667,1.6666666666666667,10.0,0.6666666666666666,0.6666666666666666,0.0,0.0,0.0,0.0,13.866894749983102,-11.853088480801347,1.3774252956463313
