probe_id,required_namespace_or_qualification,assumptions_and_typeclasses,helper_lemmas_or_client_steps,normalized_statement,observed_friction,friction_level
P01,"Fully qualified #check; open NumStability; method syntax fp.model_basicOp","FPModel; BasicOp; x y : Real; conditional nonzero denominator only for div","Direct application; no helper lemma","Every primitive rounded operation has a relative-error witness bounded by fp.u","FPModel theorem is nested under FPModel and its unified operation interface retains a conditional division side condition",low
P02,"Fully qualified #check; open NumStability","FPModel; gammaValid fp n","Direct application; no helper lemma","gamma is nonnegative on its validity domain","Validity is an explicit proof argument rather than inferred from a concrete format",low
P03,"Fully qualified #check; open NumStability","FPModel; Fin-indexed real vector; gammaValid fp n","Direct application; imported BigOperators notation sufficed","Sequential floating-point summation has bounded per-term perturbation witnesses","Public statement exposes Fin.foldl and an explicit gamma-validity guard",moderate
P04,"Fully qualified #check; open NumStability","FPModel; two Fin-indexed real vectors; gammaValid fp n","Direct application; imported BigOperators notation sufficed","Dot-product forward error is bounded by gamma_n times the absolute inner product","Raw function vectors and explicit dimension/guard; otherwise direct",low
P05,"Fully qualified #check; open NumStability","EuclideanSpace Complex (Fin n); no extra instance supplied","Direct application; no helper lemma","The custom finite complex L2 norm agrees with the EuclideanSpace norm","Users must bridge custom CVec/WithLp/ENNReal representations",moderate
P06,"Fully qualified #check; open NumStability","CMatrix m n; real p; 1 <= p","Direct application; no helper lemma","The induced p-norm is bounded by a column-max p-norm majorant","Long custom predicate/type vocabulary and explicit exponent condition make discovery/type-reading demanding",high
P07,"Fully qualified #check; open NumStability","Function matrices/vectors; IsLeftInverse; exact Ax=b certificate","Direct application; no helper lemma","A left inverse converts residual magnitude into a componentwise forward-error bound","Function-shaped matrices and pointwise inverse/system certificates must be supplied",moderate
P08,"Fully qualified #check; open NumStability","FPModel; m n p; function matrices; gammaValid fp n","Direct application; no helper lemma","Every computed matrix-product entry obeys a gamma_n componentwise forward-error bound","Three explicit dimensions, function matrices, and explicit validity guard",moderate
P09,"Fully qualified #check; open NumStability","FPModel; function matrix/vector; nonzero diagonal; pointwise lower triangularity; gammaValid","Direct application; no helper lemma","Forward substitution returns an exact solve for a bounded perturbed lower-triangular matrix","Triangularity and nonbreakdown are verbose pointwise predicates; existential certificate is otherwise usable",high
P10,"Fully qualified #check; open NumStability","FPModel; A L_hat U_hat; gammaValid; LUBackwardError certificate","Direct application; no helper lemma","A gamma-scaled LU backward-error certificate yields an explicit matrix perturbation","Requires prior construction of custom LUBackwardError rather than executing an LU algorithm",moderate
P11,"Fully qualified #check; open NumStability","Two Fin indices; p != q; scalar identity c^2+s^2=1","Direct application; no helper lemma","A parameterized Givens rotation is orthogonal","Natural explicit algebraic side conditions; custom IsOrthogonal predicate",low
P12,"Fully qualified #check; open NumStability; method syntax h.isLeastSquaresMinimizer","RectLSNormalEquations certificate; no typeclass assumptions","Invoke namespace method on certificate","Rectangular normal equations imply global least-squares minimality","Custom function matrices/objective and theorem nested under the predicate namespace",low
P13,"Fully qualified #check; open NumStability","Positive dimension proof; function matrices A B","Direct application; no inverse proof needed for this abstract scaled bound","The scaled LAPACK one-norm estimate does not exceed the supplied one-norm condition number","Positivity proof is data in the estimator; B is supplied and need not be certified as A inverse for this theorem",moderate
P14,"Fully qualified #check; open NumStability","Function matrix; exact solution; residual equation; perturbed correction solve; update equation","Direct application; no helper lemma","One refinement step satisfies an exact componentwise error identity","Many explicit intermediate vectors and pointwise equations make the endpoint precise but cumbersome",high
P15,"Fully qualified #check; open NumStability","FPModel; function matrices; IsRightInverse; gammaValid","Direct application; no helper lemma","An inverse-based floating-point solve has a gamma-scaled residual bound","Custom inverse certificate, function matrices, explicit validity guard, and nested finite sums",moderate
