stem	phase	command
P01_FloatingPointModel_check	check	/usr/bin/time -p lake env lean -R ../probes/src -o ../probes/build/P01_FloatingPointModel_check.olean -i ../probes/build/P01_FloatingPointModel_check.ilean ../probes/src/P01_FloatingPointModel_check.lean
P01_FloatingPointModel_client	client	/usr/bin/time -p lake env lean -R ../probes/src -o ../probes/build/P01_FloatingPointModel_client.olean -i ../probes/build/P01_FloatingPointModel_client.ilean ../probes/src/P01_FloatingPointModel_client.lean
P02_Gamma_check	check	/usr/bin/time -p -o <library-repo>/tmp/library_audit/higham_v01-045daf2/probes/logs/P02_Gamma_check.time lake env lean -R <library-repo>/tmp/library_audit/higham_v01-045daf2/probes/src -o <library-repo>/tmp/library_audit/higham_v01-045daf2/probes/build/P02_Gamma_check.olean -i <library-repo>/tmp/library_audit/higham_v01-045daf2/probes/build/P02_Gamma_check.ilean <library-repo>/tmp/library_audit/higham_v01-045daf2/probes/src/P02_Gamma_check.lean
P02_Gamma_client	client	/usr/bin/time -p -o <library-repo>/tmp/library_audit/higham_v01-045daf2/probes/logs/P02_Gamma_client.time lake env lean -R <library-repo>/tmp/library_audit/higham_v01-045daf2/probes/src -o <library-repo>/tmp/library_audit/higham_v01-045daf2/probes/build/P02_Gamma_client.olean -i <library-repo>/tmp/library_audit/higham_v01-045daf2/probes/build/P02_Gamma_client.ilean <library-repo>/tmp/library_audit/higham_v01-045daf2/probes/src/P02_Gamma_client.lean
P03_Summation_check	check	/usr/bin/time -p -o <library-repo>/tmp/library_audit/higham_v01-045daf2/probes/logs/P03_Summation_check.time lake env lean -R <library-repo>/tmp/library_audit/higham_v01-045daf2/probes/src -o <library-repo>/tmp/library_audit/higham_v01-045daf2/probes/build/P03_Summation_check.olean -i <library-repo>/tmp/library_audit/higham_v01-045daf2/probes/build/P03_Summation_check.ilean <library-repo>/tmp/library_audit/higham_v01-045daf2/probes/src/P03_Summation_check.lean
P03_Summation_client	client	/usr/bin/time -p -o <library-repo>/tmp/library_audit/higham_v01-045daf2/probes/logs/P03_Summation_client.time lake env lean -R <library-repo>/tmp/library_audit/higham_v01-045daf2/probes/src -o <library-repo>/tmp/library_audit/higham_v01-045daf2/probes/build/P03_Summation_client.olean -i <library-repo>/tmp/library_audit/higham_v01-045daf2/probes/build/P03_Summation_client.ilean <library-repo>/tmp/library_audit/higham_v01-045daf2/probes/src/P03_Summation_client.lean
P04_DotProduct_check	check	/usr/bin/time -p -o <library-repo>/tmp/library_audit/higham_v01-045daf2/probes/logs/P04_DotProduct_check.time lake env lean -R <library-repo>/tmp/library_audit/higham_v01-045daf2/probes/src -o <library-repo>/tmp/library_audit/higham_v01-045daf2/probes/build/P04_DotProduct_check.olean -i <library-repo>/tmp/library_audit/higham_v01-045daf2/probes/build/P04_DotProduct_check.ilean <library-repo>/tmp/library_audit/higham_v01-045daf2/probes/src/P04_DotProduct_check.lean
P04_DotProduct_client	client	/usr/bin/time -p -o <library-repo>/tmp/library_audit/higham_v01-045daf2/probes/logs/P04_DotProduct_client.time lake env lean -R <library-repo>/tmp/library_audit/higham_v01-045daf2/probes/src -o <library-repo>/tmp/library_audit/higham_v01-045daf2/probes/build/P04_DotProduct_client.olean -i <library-repo>/tmp/library_audit/higham_v01-045daf2/probes/build/P04_DotProduct_client.ilean <library-repo>/tmp/library_audit/higham_v01-045daf2/probes/src/P04_DotProduct_client.lean
P05_VectorNorm_check	check	/usr/bin/time -p -o <library-repo>/tmp/library_audit/higham_v01-045daf2/probes/logs/P05_VectorNorm_check.time lake env lean -R <library-repo>/tmp/library_audit/higham_v01-045daf2/probes/src -o <library-repo>/tmp/library_audit/higham_v01-045daf2/probes/build/P05_VectorNorm_check.olean -i <library-repo>/tmp/library_audit/higham_v01-045daf2/probes/build/P05_VectorNorm_check.ilean <library-repo>/tmp/library_audit/higham_v01-045daf2/probes/src/P05_VectorNorm_check.lean
P05_VectorNorm_client	client	/usr/bin/time -p -o <library-repo>/tmp/library_audit/higham_v01-045daf2/probes/logs/P05_VectorNorm_client.time lake env lean -R <library-repo>/tmp/library_audit/higham_v01-045daf2/probes/src -o <library-repo>/tmp/library_audit/higham_v01-045daf2/probes/build/P05_VectorNorm_client.olean -i <library-repo>/tmp/library_audit/higham_v01-045daf2/probes/build/P05_VectorNorm_client.ilean <library-repo>/tmp/library_audit/higham_v01-045daf2/probes/src/P05_VectorNorm_client.lean
P06_MatrixNorm_check	check	/usr/bin/time -p -o <library-repo>/tmp/library_audit/higham_v01-045daf2/probes/logs/P06_MatrixNorm_check.time lake env lean -R <library-repo>/tmp/library_audit/higham_v01-045daf2/probes/src -o <library-repo>/tmp/library_audit/higham_v01-045daf2/probes/build/P06_MatrixNorm_check.olean -i <library-repo>/tmp/library_audit/higham_v01-045daf2/probes/build/P06_MatrixNorm_check.ilean <library-repo>/tmp/library_audit/higham_v01-045daf2/probes/src/P06_MatrixNorm_check.lean
P06_MatrixNorm_client	client	/usr/bin/time -p -o <library-repo>/tmp/library_audit/higham_v01-045daf2/probes/logs/P06_MatrixNorm_client.time lake env lean -R <library-repo>/tmp/library_audit/higham_v01-045daf2/probes/src -o <library-repo>/tmp/library_audit/higham_v01-045daf2/probes/build/P06_MatrixNorm_client.olean -i <library-repo>/tmp/library_audit/higham_v01-045daf2/probes/build/P06_MatrixNorm_client.ilean <library-repo>/tmp/library_audit/higham_v01-045daf2/probes/src/P06_MatrixNorm_client.lean
P07_Perturbation_check	check	/usr/bin/time -p -o <library-repo>/tmp/library_audit/higham_v01-045daf2/probes/logs/P07_Perturbation_check.time lake env lean -R <library-repo>/tmp/library_audit/higham_v01-045daf2/probes/src -o <library-repo>/tmp/library_audit/higham_v01-045daf2/probes/build/P07_Perturbation_check.olean -i <library-repo>/tmp/library_audit/higham_v01-045daf2/probes/build/P07_Perturbation_check.ilean <library-repo>/tmp/library_audit/higham_v01-045daf2/probes/src/P07_Perturbation_check.lean
P07_Perturbation_client	client	/usr/bin/time -p -o <library-repo>/tmp/library_audit/higham_v01-045daf2/probes/logs/P07_Perturbation_client.time lake env lean -R <library-repo>/tmp/library_audit/higham_v01-045daf2/probes/src -o <library-repo>/tmp/library_audit/higham_v01-045daf2/probes/build/P07_Perturbation_client.olean -i <library-repo>/tmp/library_audit/higham_v01-045daf2/probes/build/P07_Perturbation_client.ilean <library-repo>/tmp/library_audit/higham_v01-045daf2/probes/src/P07_Perturbation_client.lean
P08_MatMul_check	check	/usr/bin/time -p -o <library-repo>/tmp/library_audit/higham_v01-045daf2/probes/logs/P08_MatMul_check.time lake env lean -R <library-repo>/tmp/library_audit/higham_v01-045daf2/probes/src -o <library-repo>/tmp/library_audit/higham_v01-045daf2/probes/build/P08_MatMul_check.olean -i <library-repo>/tmp/library_audit/higham_v01-045daf2/probes/build/P08_MatMul_check.ilean <library-repo>/tmp/library_audit/higham_v01-045daf2/probes/src/P08_MatMul_check.lean
P08_MatMul_client	client	/usr/bin/time -p -o <library-repo>/tmp/library_audit/higham_v01-045daf2/probes/logs/P08_MatMul_client.time lake env lean -R <library-repo>/tmp/library_audit/higham_v01-045daf2/probes/src -o <library-repo>/tmp/library_audit/higham_v01-045daf2/probes/build/P08_MatMul_client.olean -i <library-repo>/tmp/library_audit/higham_v01-045daf2/probes/build/P08_MatMul_client.ilean <library-repo>/tmp/library_audit/higham_v01-045daf2/probes/src/P08_MatMul_client.lean
P09_TriangularSolve_check	check	/usr/bin/time -p -o <library-repo>/tmp/library_audit/higham_v01-045daf2/probes/logs/P09_TriangularSolve_check.time lake env lean -R <library-repo>/tmp/library_audit/higham_v01-045daf2/probes/src -o <library-repo>/tmp/library_audit/higham_v01-045daf2/probes/build/P09_TriangularSolve_check.olean -i <library-repo>/tmp/library_audit/higham_v01-045daf2/probes/build/P09_TriangularSolve_check.ilean <library-repo>/tmp/library_audit/higham_v01-045daf2/probes/src/P09_TriangularSolve_check.lean
P09_TriangularSolve_client	client	/usr/bin/time -p -o <library-repo>/tmp/library_audit/higham_v01-045daf2/probes/logs/P09_TriangularSolve_client.time lake env lean -R <library-repo>/tmp/library_audit/higham_v01-045daf2/probes/src -o <library-repo>/tmp/library_audit/higham_v01-045daf2/probes/build/P09_TriangularSolve_client.olean -i <library-repo>/tmp/library_audit/higham_v01-045daf2/probes/build/P09_TriangularSolve_client.ilean <library-repo>/tmp/library_audit/higham_v01-045daf2/probes/src/P09_TriangularSolve_client.lean
P10_LU_check	check	/usr/bin/time -p -o <library-repo>/tmp/library_audit/higham_v01-045daf2/probes/logs/P10_LU_check.time lake env lean -R <library-repo>/tmp/library_audit/higham_v01-045daf2/probes/src -o <library-repo>/tmp/library_audit/higham_v01-045daf2/probes/build/P10_LU_check.olean -i <library-repo>/tmp/library_audit/higham_v01-045daf2/probes/build/P10_LU_check.ilean <library-repo>/tmp/library_audit/higham_v01-045daf2/probes/src/P10_LU_check.lean
P10_LU_client	client	/usr/bin/time -p -o <library-repo>/tmp/library_audit/higham_v01-045daf2/probes/logs/P10_LU_client.time lake env lean -R <library-repo>/tmp/library_audit/higham_v01-045daf2/probes/src -o <library-repo>/tmp/library_audit/higham_v01-045daf2/probes/build/P10_LU_client.olean -i <library-repo>/tmp/library_audit/higham_v01-045daf2/probes/build/P10_LU_client.ilean <library-repo>/tmp/library_audit/higham_v01-045daf2/probes/src/P10_LU_client.lean
P11_QR_check	check	/usr/bin/time -p -o <library-repo>/tmp/library_audit/higham_v01-045daf2/probes/logs/P11_QR_check.time lake env lean -R <library-repo>/tmp/library_audit/higham_v01-045daf2/probes/src -o <library-repo>/tmp/library_audit/higham_v01-045daf2/probes/build/P11_QR_check.olean -i <library-repo>/tmp/library_audit/higham_v01-045daf2/probes/build/P11_QR_check.ilean <library-repo>/tmp/library_audit/higham_v01-045daf2/probes/src/P11_QR_check.lean
P11_QR_client	client	/usr/bin/time -p -o <library-repo>/tmp/library_audit/higham_v01-045daf2/probes/logs/P11_QR_client.time lake env lean -R <library-repo>/tmp/library_audit/higham_v01-045daf2/probes/src -o <library-repo>/tmp/library_audit/higham_v01-045daf2/probes/build/P11_QR_client.olean -i <library-repo>/tmp/library_audit/higham_v01-045daf2/probes/build/P11_QR_client.ilean <library-repo>/tmp/library_audit/higham_v01-045daf2/probes/src/P11_QR_client.lean
P12_LeastSquares_check	check	/usr/bin/time -p -o <library-repo>/tmp/library_audit/higham_v01-045daf2/probes/logs/P12_LeastSquares_check.time lake env lean -R <library-repo>/tmp/library_audit/higham_v01-045daf2/probes/src -o <library-repo>/tmp/library_audit/higham_v01-045daf2/probes/build/P12_LeastSquares_check.olean -i <library-repo>/tmp/library_audit/higham_v01-045daf2/probes/build/P12_LeastSquares_check.ilean <library-repo>/tmp/library_audit/higham_v01-045daf2/probes/src/P12_LeastSquares_check.lean
P12_LeastSquares_client	client	/usr/bin/time -p -o <library-repo>/tmp/library_audit/higham_v01-045daf2/probes/logs/P12_LeastSquares_client.time lake env lean -R <library-repo>/tmp/library_audit/higham_v01-045daf2/probes/src -o <library-repo>/tmp/library_audit/higham_v01-045daf2/probes/build/P12_LeastSquares_client.olean -i <library-repo>/tmp/library_audit/higham_v01-045daf2/probes/build/P12_LeastSquares_client.ilean <library-repo>/tmp/library_audit/higham_v01-045daf2/probes/src/P12_LeastSquares_client.lean
P13_ConditionNumber_check	check	/usr/bin/time -p -o <library-repo>/tmp/library_audit/higham_v01-045daf2/probes/logs/P13_ConditionNumber_check.time lake env lean -R <library-repo>/tmp/library_audit/higham_v01-045daf2/probes/src -o <library-repo>/tmp/library_audit/higham_v01-045daf2/probes/build/P13_ConditionNumber_check.olean -i <library-repo>/tmp/library_audit/higham_v01-045daf2/probes/build/P13_ConditionNumber_check.ilean <library-repo>/tmp/library_audit/higham_v01-045daf2/probes/src/P13_ConditionNumber_check.lean
P13_ConditionNumber_client	client	/usr/bin/time -p -o <library-repo>/tmp/library_audit/higham_v01-045daf2/probes/logs/P13_ConditionNumber_client.time lake env lean -R <library-repo>/tmp/library_audit/higham_v01-045daf2/probes/src -o <library-repo>/tmp/library_audit/higham_v01-045daf2/probes/build/P13_ConditionNumber_client.olean -i <library-repo>/tmp/library_audit/higham_v01-045daf2/probes/build/P13_ConditionNumber_client.ilean <library-repo>/tmp/library_audit/higham_v01-045daf2/probes/src/P13_ConditionNumber_client.lean
P14_IterativeRefinement_check	check	/usr/bin/time -p -o <library-repo>/tmp/library_audit/higham_v01-045daf2/probes/logs/P14_IterativeRefinement_check.time lake env lean -R <library-repo>/tmp/library_audit/higham_v01-045daf2/probes/src -o <library-repo>/tmp/library_audit/higham_v01-045daf2/probes/build/P14_IterativeRefinement_check.olean -i <library-repo>/tmp/library_audit/higham_v01-045daf2/probes/build/P14_IterativeRefinement_check.ilean <library-repo>/tmp/library_audit/higham_v01-045daf2/probes/src/P14_IterativeRefinement_check.lean
P14_IterativeRefinement_client	client	/usr/bin/time -p -o <library-repo>/tmp/library_audit/higham_v01-045daf2/probes/logs/P14_IterativeRefinement_client.time lake env lean -R <library-repo>/tmp/library_audit/higham_v01-045daf2/probes/src -o <library-repo>/tmp/library_audit/higham_v01-045daf2/probes/build/P14_IterativeRefinement_client.olean -i <library-repo>/tmp/library_audit/higham_v01-045daf2/probes/build/P14_IterativeRefinement_client.ilean <library-repo>/tmp/library_audit/higham_v01-045daf2/probes/src/P14_IterativeRefinement_client.lean
P15_MatrixInversion_check	check	/usr/bin/time -p -o <library-repo>/tmp/library_audit/higham_v01-045daf2/probes/logs/P15_MatrixInversion_check.time lake env lean -R <library-repo>/tmp/library_audit/higham_v01-045daf2/probes/src -o <library-repo>/tmp/library_audit/higham_v01-045daf2/probes/build/P15_MatrixInversion_check.olean -i <library-repo>/tmp/library_audit/higham_v01-045daf2/probes/build/P15_MatrixInversion_check.ilean <library-repo>/tmp/library_audit/higham_v01-045daf2/probes/src/P15_MatrixInversion_check.lean
P15_MatrixInversion_client	client	/usr/bin/time -p -o <library-repo>/tmp/library_audit/higham_v01-045daf2/probes/logs/P15_MatrixInversion_client.time lake env lean -R <library-repo>/tmp/library_audit/higham_v01-045daf2/probes/src -o <library-repo>/tmp/library_audit/higham_v01-045daf2/probes/build/P15_MatrixInversion_client.olean -i <library-repo>/tmp/library_audit/higham_v01-045daf2/probes/build/P15_MatrixInversion_client.ilean <library-repo>/tmp/library_audit/higham_v01-045daf2/probes/src/P15_MatrixInversion_client.lean
