chain_id,position,name,kind,refined_kind,module,source_path,source_line,architectural_layer,domain,chapter,associated_source_item,authorship_class,mathematical_role,normalized_statement_excerpt,direct_consumer_declarations,transitive_downstream_consumer_declarations,transitive_downstream_consumer_modules,transitive_downstream_domains,transitive_downstream_chapters
C01,0,NumStability.dotProduct_error_bound,theorem,theorem,NumStability.Algorithms.DotProduct,NumStability/Algorithms/DotProduct.lean,581,Algorithms,DotProduct,Unassigned,,confirmed_source_written,dot-product computation/error result,"theorem dotProduct_error_bound (fp : FPModel) (n : ℕ) (x y : Fin n → ℝ) (hn : gammaValid fp n) : |fl_dotProduct fp n x y - ∑ i : Fin n, x i * y i| ≤ gamma fp n * ∑ i : Fin n, |x i| * |y i| := by",35,2200,93,DotProduct;HighamSourceOther;LU;LeastSquares;MatrixEquations;MatrixMultiplication;MatrixPowers;Norms;Other;Perturbation;Polynomials;QR;Spectral;SymmetricIndefinite,Chapter05;Chapter07;Chapter08;Chapter11;Chapter13;Chapter14;Chapter16;Chapter17;Chapter19;Chapter20;Chapter21;Chapter23;Chapter25;Unassigned
C01,1,NumStability.fl_sum_error_init,theorem,theorem,NumStability.Analysis.Summation.ErrorBounds,NumStability/Analysis/Summation/ErrorBounds.lean,535,Analysis,Summation,Unassigned,,confirmed_source_written,summation error result,"lemma fl_sum_error_init (fp : FPModel) (n : ℕ) (v : Fin n → ℝ) (s : ℝ) (hn : gammaValid fp n) : ∃ (Θ : ℝ) (θ : Fin n → ℝ), |Θ| ≤ gamma fp n ∧ (∀ i, |θ i| ≤ gamma fp n) ∧ Fin.foldl n (fun acc i => fp.fl_add acc (v i)) s = s * (1 + Θ) + ∑ i : Fin n, v i * (1 + θ i) := by",6,3043,194,DotProduct;FloatingPoint;HighamSourceOther;LU;LeastSquares;MatrixEquations;MatrixMultiplication;MatrixPowers;Nonlinear;Norms;Other;Perturbation;Polynomials;ProbabilityStatistics;QR;Spectral;Summation;SymmetricIndefinite;TestMatrices,Chapter01;Chapter04;Chapter05;Chapter07;Chapter08;Chapter11;Chapter12;Chapter13;Chapter14;Chapter16;Chapter17;Chapter18;Chapter19;Chapter20;Chapter21;Chapter23;Chapter25;Unassigned
C02,0,NumStability.forwardSub_backward_error,theorem,theorem,NumStability.Algorithms.LinearSystems.Triangular.ForwardSubstitution,NumStability/Algorithms/LinearSystems/Triangular/ForwardSubstitution.lean,585,Algorithms,Other,Unassigned,,confirmed_source_written,triangular substitution error result,"theorem forwardSub_backward_error (fp : FPModel) (n : ℕ) (L : Fin n → Fin n → ℝ) (b : Fin n → ℝ) (hL : ∀ i, L i i ≠ 0) (hLT : ∀ i j : Fin n, i.val < j.val → L i j = 0) (hn : gammaValid fp n) : ∃ ΔL : Fin n → Fin n → ℝ, (∀ i j, |ΔL i j| ≤ gamma fp n * |L i j|) ∧",34,2184,108,Cholesky;FloatingPoint;HighamSourceOther;LU;LeastSquares;MatrixPowers;Other;Perturbation;QR;Spectral;SymmetricIndefinite,Chapter08;Chapter09;Chapter10;Chapter11;Chapter13;Chapter14;Chapter16;Chapter17;Chapter20;Chapter21;Unassigned
C02,1,NumStability.gamma_nonneg,theorem,theorem,NumStability.Analysis.Rounding,NumStability/Analysis/Rounding.lean,78,Analysis,FloatingPoint,Unassigned,,confirmed_source_written,rounding-error gamma calculus result,lemma gamma_nonneg (fp : FPModel) {n : ℕ} (hn : gammaValid fp n) : 0 ≤ gamma fp n :=,1063,6237,382,Arithmetic;Cholesky;DotProduct;FFT;FloatingPoint;HighamSourceOther;LU;LeastSquares;MatrixEquations;MatrixMultiplication;MatrixPowers;Nonlinear;Norms;Other;Perturbation;Polynomials;ProbabilityStatistics;QR;Spectral;Summation;SymmetricIndefinite,Chapter01;Chapter02;Chapter04;Chapter05;Chapter07;Chapter08;Chapter09;Chapter10;Chapter11;Chapter12;Chapter13;Chapter14;Chapter16;Chapter17;Chapter18;Chapter19;Chapter20;Chapter21;Chapter22;Chapter23;Chapter24;Chapter25;Unassigned
C02,2,NumStability.FPModel.u_nonneg,theorem,theorem,NumStability.FloatingPoint.Model,NumStability/FloatingPoint/Model.lean,57,FloatingPoint,FloatingPoint,Unassigned,,confirmed_source_written,primitive floating-point model law,u_nonneg : 0 ≤ u fl_add : ℝ → ℝ → ℝ fl_sub : ℝ → ℝ → ℝ fl_mul : ℝ → ℝ → ℝ fl_div : ℝ → ℝ → ℝ fl_sqrt : ℝ → ℝ,484,7072,439,Arithmetic;Cholesky;DotProduct;FFT;FloatingPoint;HighamSourceOther;LU;LeastSquares;MatrixEquations;MatrixMultiplication;MatrixPowers;Nonlinear;Norms;Other;Perturbation;Polynomials;ProbabilityStatistics;QR;Spectral;Summation;SymmetricIndefinite;TestMatrices,Chapter01;Chapter02;Chapter04;Chapter05;Chapter07;Chapter08;Chapter09;Chapter10;Chapter11;Chapter12;Chapter13;Chapter14;Chapter16;Chapter17;Chapter18;Chapter19;Chapter20;Chapter21;Chapter22;Chapter23;Chapter24;Chapter25;Unassigned
C03,0,NumStability.matMul_error_bound,theorem,theorem,NumStability.Algorithms.MatMul,NumStability/Algorithms/MatMul.lean,48,Algorithms,MatrixMultiplication,Unassigned,,confirmed_source_written,matrix multiplication error result,"theorem matMul_error_bound (fp : FPModel) (m n p : ℕ) (A : Fin m → Fin n → ℝ) (B : Fin n → Fin p → ℝ) (hn : gammaValid fp n) : ∀ i : Fin m, ∀ j : Fin p, |fl_matMul fp m n p A B i j - ∑ k : Fin n, A i k * B k j| ≤ gamma fp n * ∑ k : Fin n, |A i k| * |B k j| :=",26,297,29,HighamSourceOther;LU;LeastSquares;MatrixEquations;MatrixMultiplication;Norms;Perturbation;Polynomials,Chapter05;Chapter08;Chapter13;Chapter14;Chapter16;Chapter20;Unassigned
C03,1,NumStability.matVec_error_bound,theorem,theorem,NumStability.Algorithms.MatVec,NumStability/Algorithms/MatVec.lean,140,Algorithms,DotProduct,Unassigned,,confirmed_source_written,matrix-vector multiplication error result,"theorem matVec_error_bound (fp : FPModel) (m n : ℕ) (A : Fin m → Fin n → ℝ) (x : Fin n → ℝ) (hn : gammaValid fp n) : ∀ i : Fin m, |fl_matVec fp m n A x i - ∑ j : Fin n, A i j * x j| ≤ gamma fp n * ∑ j : Fin n, |A i j| * |x j| :=",11,331,41,DotProduct;HighamSourceOther;LU;LeastSquares;MatrixEquations;MatrixMultiplication;MatrixPowers;Norms;Perturbation;Polynomials;QR,Chapter05;Chapter08;Chapter13;Chapter14;Chapter16;Chapter17;Chapter20;Chapter21;Unassigned
C03,2,NumStability.dotProduct_error_bound,theorem,theorem,NumStability.Algorithms.DotProduct,NumStability/Algorithms/DotProduct.lean,581,Algorithms,DotProduct,Unassigned,,confirmed_source_written,dot-product computation/error result,"theorem dotProduct_error_bound (fp : FPModel) (n : ℕ) (x y : Fin n → ℝ) (hn : gammaValid fp n) : |fl_dotProduct fp n x y - ∑ i : Fin n, x i * y i| ≤ gamma fp n * ∑ i : Fin n, |x i| * |y i| := by",35,2200,93,DotProduct;HighamSourceOther;LU;LeastSquares;MatrixEquations;MatrixMultiplication;MatrixPowers;Norms;Other;Perturbation;Polynomials;QR;Spectral;SymmetricIndefinite,Chapter05;Chapter07;Chapter08;Chapter11;Chapter13;Chapter14;Chapter16;Chapter17;Chapter19;Chapter20;Chapter21;Chapter23;Chapter25;Unassigned
C03,3,NumStability.fl_sum_error_init,theorem,theorem,NumStability.Analysis.Summation.ErrorBounds,NumStability/Analysis/Summation/ErrorBounds.lean,535,Analysis,Summation,Unassigned,,confirmed_source_written,summation error result,"lemma fl_sum_error_init (fp : FPModel) (n : ℕ) (v : Fin n → ℝ) (s : ℝ) (hn : gammaValid fp n) : ∃ (Θ : ℝ) (θ : Fin n → ℝ), |Θ| ≤ gamma fp n ∧ (∀ i, |θ i| ≤ gamma fp n) ∧ Fin.foldl n (fun acc i => fp.fl_add acc (v i)) s = s * (1 + Θ) + ∑ i : Fin n, v i * (1 + θ i) := by",6,3043,194,DotProduct;FloatingPoint;HighamSourceOther;LU;LeastSquares;MatrixEquations;MatrixMultiplication;MatrixPowers;Nonlinear;Norms;Other;Perturbation;Polynomials;ProbabilityStatistics;QR;Spectral;Summation;SymmetricIndefinite;TestMatrices,Chapter01;Chapter04;Chapter05;Chapter07;Chapter08;Chapter11;Chapter12;Chapter13;Chapter14;Chapter16;Chapter17;Chapter18;Chapter19;Chapter20;Chapter21;Chapter23;Chapter25;Unassigned
C03,4,NumStability.FPModel.model_add,theorem,theorem,NumStability.FloatingPoint.Model,NumStability/FloatingPoint/Model.lean,72,FloatingPoint,FloatingPoint,Unassigned,,confirmed_source_written,primitive floating-point model law,"model_add : ∀ x y, ∃ δ : ℝ, |δ| ≤ u ∧ fl_add x y = (x + y) * (1 + δ) model_sub : ∀ x y, ∃ δ : ℝ,",76,3722,279,Arithmetic;DotProduct;FFT;FloatingPoint;HighamSourceOther;LU;LeastSquares;MatrixEquations;MatrixMultiplication;MatrixPowers;Nonlinear;Norms;Other;Perturbation;Polynomials;ProbabilityStatistics;QR;Spectral;Summation;SymmetricIndefinite;TestMatrices,Chapter01;Chapter04;Chapter05;Chapter07;Chapter08;Chapter10;Chapter11;Chapter12;Chapter13;Chapter14;Chapter16;Chapter17;Chapter18;Chapter19;Chapter20;Chapter21;Chapter22;Chapter23;Chapter24;Chapter25;Unassigned
C04,0,NumStability.inversion_residual_bound,theorem,theorem,NumStability.Algorithms.MatrixInversion.Residuals.MatrixInversion,NumStability/Algorithms/MatrixInversion/Residuals/MatrixInversion.lean,241,Algorithms,Other,Unassigned,,confirmed_source_written,matrix-inversion residual endpoint,"theorem inversion_residual_bound (n : ℕ) (fp : FPModel) (A A_inv : Fin n → Fin n → ℝ) (b : Fin n → ℝ) (hInv : IsRightInverse n A A_inv) (hn : gammaValid fp n) : let x_hat := fl_matVec fp n n A_inv b ∀ i, |b i - ∑ j : Fin n, A i j * x_hat j| ≤ gamma fp n *",0,0,0,,
C04,1,NumStability.matVec_backward_error,theorem,theorem,NumStability.Algorithms.MatVec,NumStability/Algorithms/MatVec.lean,117,Algorithms,DotProduct,Unassigned,,confirmed_source_written,matrix-vector multiplication error result,"theorem matVec_backward_error (fp : FPModel) (m n : ℕ) (A : Fin m → Fin n → ℝ) (x : Fin n → ℝ) (hn : gammaValid fp n) : ∃ ΔA : Fin m → Fin n → ℝ, (∀ i j, |ΔA i j| ≤ gamma fp n * |A i j|) ∧ ∀ i, fl_matVec fp m n A x i = ∑ j : Fin n, (A i j + ΔA i j) * x j := by",10,37,22,DotProduct;FloatingPoint;HighamSourceOther;LeastSquares;MatrixMultiplication;MatrixPowers;Nonlinear;Norms;Other;Perturbation,Chapter07;Chapter08;Chapter12;Chapter14;Chapter18;Chapter20;Chapter25;Unassigned
C04,2,NumStability.dotProduct_backward_stable_x,theorem,theorem,NumStability.Algorithms.DotProduct,NumStability/Algorithms/DotProduct.lean,759,Algorithms,DotProduct,Unassigned,,confirmed_source_written,dot-product computation/error result,"theorem dotProduct_backward_stable_x (fp : FPModel) (n : ℕ) (x y : Fin n → ℝ) (hn : gammaValid fp n) : ∃ Δx : Fin n → ℝ, (∀ i, |Δx i| ≤ gamma fp n * |x i|) ∧ fl_dotProduct fp n x y = ∑ i : Fin n, (x i + Δx i) * y i := by",4,48,25,DotProduct;FloatingPoint;HighamSourceOther;LeastSquares;MatrixMultiplication;MatrixPowers;Nonlinear;Norms;Other;Perturbation,Chapter07;Chapter08;Chapter12;Chapter14;Chapter18;Chapter20;Chapter25;Unassigned
C04,3,NumStability.dotProduct_backward_error,theorem,theorem,NumStability.Algorithms.DotProduct,NumStability/Algorithms/DotProduct.lean,672,Algorithms,DotProduct,Unassigned,,confirmed_source_written,dot-product computation/error result,"theorem dotProduct_backward_error (fp : FPModel) (n : ℕ) (x y : Fin n → ℝ) (hn : gammaValid fp n) : ∃ η : Fin n → ℝ, (∀ i, |η i| ≤ gamma fp n) ∧ fl_dotProduct fp n x y = ∑ i : Fin n, x i * y i * (1 + η i) := by",9,841,109,DotProduct;FloatingPoint;HighamSourceOther;LU;LeastSquares;MatrixMultiplication;MatrixPowers;Nonlinear;Norms;Other;Perturbation;QR,Chapter07;Chapter08;Chapter12;Chapter14;Chapter18;Chapter19;Chapter20;Chapter21;Chapter23;Chapter25;Unassigned
C04,4,NumStability.fl_sum_error_init,theorem,theorem,NumStability.Analysis.Summation.ErrorBounds,NumStability/Analysis/Summation/ErrorBounds.lean,535,Analysis,Summation,Unassigned,,confirmed_source_written,summation error result,"lemma fl_sum_error_init (fp : FPModel) (n : ℕ) (v : Fin n → ℝ) (s : ℝ) (hn : gammaValid fp n) : ∃ (Θ : ℝ) (θ : Fin n → ℝ), |Θ| ≤ gamma fp n ∧ (∀ i, |θ i| ≤ gamma fp n) ∧ Fin.foldl n (fun acc i => fp.fl_add acc (v i)) s = s * (1 + Θ) + ∑ i : Fin n, v i * (1 + θ i) := by",6,3043,194,DotProduct;FloatingPoint;HighamSourceOther;LU;LeastSquares;MatrixEquations;MatrixMultiplication;MatrixPowers;Nonlinear;Norms;Other;Perturbation;Polynomials;ProbabilityStatistics;QR;Spectral;Summation;SymmetricIndefinite;TestMatrices,Chapter01;Chapter04;Chapter05;Chapter07;Chapter08;Chapter11;Chapter12;Chapter13;Chapter14;Chapter16;Chapter17;Chapter18;Chapter19;Chapter20;Chapter21;Chapter23;Chapter25;Unassigned
C04,5,NumStability.FPModel.model_add,theorem,theorem,NumStability.FloatingPoint.Model,NumStability/FloatingPoint/Model.lean,72,FloatingPoint,FloatingPoint,Unassigned,,confirmed_source_written,primitive floating-point model law,"model_add : ∀ x y, ∃ δ : ℝ, |δ| ≤ u ∧ fl_add x y = (x + y) * (1 + δ) model_sub : ∀ x y, ∃ δ : ℝ,",76,3722,279,Arithmetic;DotProduct;FFT;FloatingPoint;HighamSourceOther;LU;LeastSquares;MatrixEquations;MatrixMultiplication;MatrixPowers;Nonlinear;Norms;Other;Perturbation;Polynomials;ProbabilityStatistics;QR;Spectral;Summation;SymmetricIndefinite;TestMatrices,Chapter01;Chapter04;Chapter05;Chapter07;Chapter08;Chapter10;Chapter11;Chapter12;Chapter13;Chapter14;Chapter16;Chapter17;Chapter18;Chapter19;Chapter20;Chapter21;Chapter22;Chapter23;Chapter24;Chapter25;Unassigned
C05,0,NumStability.fl_householderQR_solve_backward_error_gammaHigham_closedInputBounds_of_global_gammaValid,theorem,theorem,NumStability.Algorithms.LinearSystems.QR.QRSolve,NumStability/Algorithms/LinearSystems/QR/QRSolve.lean,5470,Algorithms,QR,Unassigned,,confirmed_source_written,Householder QR solve backward-error endpoint,"theorem fl_householderQR_solve_backward_error_gammaHigham_closedInputBounds_of_global_gammaValid (fp : FPModel) (n : ℕ) (A : Fin n → Fin n → ℝ) (b : Fin n → ℝ) (hn : 0 < n) (hvalid : gammaValid fp (n * householderConstructApplyGammaIndex n)) (hdiag : ∀ i : Fin n, fl_householderQR_R fp n A i i ≠ 0) :",0,0,0,,
C05,1,NumStability.fl_householderQR_R_frobNorm_le_gammaHigham_of_global_gammaValid,theorem,theorem,NumStability.Algorithms.LinearSystems.QR.HouseholderQR,NumStability/Algorithms/LinearSystems/QR/HouseholderQR.lean,7308,Algorithms,QR,Unassigned,,confirmed_source_written,Householder QR factorization error result,theorem fl_householderQR_R_frobNorm_le_gammaHigham_of_global_gammaValid (fp : FPModel) (n : ℕ) (A : Fin n → Fin n → ℝ) (hn : 0 < n) (hvalid : gammaValid fp (n * householderConstructApplyGammaIndex n)) : frobNorm (fl_householderQR_R fp n A) ≤ (1 + gamma fp (n * householderConstructApplyGammaIndex n)) *,1,1,1,QR,Unassigned
C05,2,NumStability.fl_householderQR_witness_explicit_backward_error_gammaHigham_of_global_gammaValid,theorem,theorem,NumStability.Algorithms.LinearSystems.QR.HouseholderQR,NumStability/Algorithms/LinearSystems/QR/HouseholderQR.lean,7276,Algorithms,QR,Unassigned,,confirmed_source_written,Householder QR factorization error result,theorem fl_householderQR_witness_explicit_backward_error_gammaHigham_of_global_gammaValid (fp : FPModel) (n : ℕ) (A : Fin n → Fin n → ℝ) (hn : 0 < n) (hvalid : gammaValid fp (n * householderConstructApplyGammaIndex n)) : HouseholderQRExplicitBackwardError n A (fl_householderQR_witness fp n A).Q,3,6,2,QR,Unassigned
C05,3,NumStability.fl_householderQR_witness_explicit_backward_error_of_global_gammaValid,theorem,theorem,NumStability.Algorithms.LinearSystems.QR.HouseholderQR,NumStability/Algorithms/LinearSystems/QR/HouseholderQR.lean,7230,Algorithms,QR,Unassigned,,confirmed_source_written,Householder QR factorization error result,theorem fl_householderQR_witness_explicit_backward_error_of_global_gammaValid (fp : FPModel) (n : ℕ) (A : Fin n → Fin n → ℝ) (hvalid : gammaValid fp (11 * n + 23)) : HouseholderQRExplicitBackwardError n A (fl_householderQR_witness fp n A).Q (fl_householderQR_witness fp n A).R (householderQRBackwardCoeff fp n A * frobNorm A) := by,3,13,2,QR,Unassigned
C05,4,NumStability.fl_householderQRPanel_R_explicit_backward_error,theorem,theorem,NumStability.Algorithms.LinearSystems.QR.HouseholderQR,NumStability/Algorithms/LinearSystems/QR/HouseholderQR.lean,6557,Algorithms,QR,Unassigned,,confirmed_source_written,Householder QR factorization error result,"theorem fl_householderQRPanel_R_explicit_backward_error (fp : FPModel) : ∀ (m p : ℕ) (A : Fin m → Fin p → ℝ), HouseholderQRPanelReady fp m p A → HouseholderQRPanelExplicitBackwardError m p A (fl_householderQRPanel_Q fp m p A) (fl_householderQRPanel_R fp m p A) (householderQRPanelBackwardCoeff fp m p A * frobNorm A) := by",3,33,4,HighamSourceOther;LeastSquares;QR,Chapter19;Unassigned
C05,5,NumStability.fl_householder_first_column_panel_step_error,theorem,theorem,NumStability.Algorithms.LinearSystems.QR.HouseholderQR,NumStability/Algorithms/LinearSystems/QR/HouseholderQR.lean,3922,Algorithms,QR,Unassigned,,confirmed_source_written,Householder construction/application error result,theorem fl_householder_first_column_panel_step_error (fp : FPModel) {m p : ℕ} (hm0 : 0 < m) (hp0 : 0 < p) (A : Fin m → Fin p → ℝ) (hx : panelFirstColumn hp0 A ≠ 0) (hvalid : gammaValid fp (11 * m + 23)) : ColumnwiseHouseholderStepErrorRect m p (householder m,7,420,37,HighamSourceOther;LU;LeastSquares;QR,Chapter19;Chapter20;Chapter21;Unassigned
C05,6,NumStability.fl_householderConstructApply_matrix_step_error_rect,theorem,theorem,NumStability.Algorithms.LinearSystems.QR.HouseholderMatrixStep,NumStability/Algorithms/LinearSystems/QR/HouseholderMatrixStep.lean,143,Algorithms,QR,Unassigned,,confirmed_source_written,Householder construction/application error result,theorem fl_householderConstructApply_matrix_step_error_rect (fp : FPModel) {m p : ℕ} (hm0 : 0 < m) (x : Fin m → ℝ) (A : Fin m → Fin p → ℝ) (hx : x ≠ 0) (hvalid : gammaValid fp (11 * m + 23)) : ColumnwiseHouseholderStepErrorRect m p (householder m,4,462,38,HighamSourceOther;LU;LeastSquares;QR,Chapter19;Chapter20;Chapter21;Unassigned
C05,7,NumStability.fl_householderConstructApply_appError,theorem,theorem,NumStability.Algorithms.LinearSystems.QR.HouseholderOneStep,NumStability/Algorithms/LinearSystems/QR/HouseholderOneStep.lean,184,Algorithms,QR,Unassigned,,confirmed_source_written,Householder construction/application error result,theorem fl_householderConstructApply_appError (fp : FPModel) {n : ℕ} (hn0 : 0 < n) (x b : Fin n → ℝ) (hx : x ≠ 0) (hvalid : gammaValid fp (11 * n + 23)) : HouseholderAppError n (householder n (householderNormalizedVector n,5,537,41,HighamSourceOther;LU;LeastSquares;QR,Chapter19;Chapter20;Chapter21;Unassigned
C05,8,NumStability.fl_householderVectorError,theorem,theorem,NumStability.Algorithms.LinearSystems.QR.HouseholderReflector,NumStability/Algorithms/LinearSystems/QR/HouseholderReflector.lean,902,Algorithms,QR,Unassigned,,confirmed_source_written,Householder construction/application error result,theorem fl_householderVectorError (fp : FPModel) {n : ℕ} (hn0 : 0 < n) (x : Fin n → ℝ) (hx : x ≠ 0) (hvalid : gammaValid fp (8 * n + 16)) : HouseholderVectorError n (householderNormalizedVector n (householderVector hn0 x) (householderBetaFromScale hn0 x)) (fl_householderNormalizedVector fp hn0 x),4,590,51,HighamSourceOther;LU;LeastSquares;QR,Chapter19;Chapter20;Chapter21;Unassigned
C05,9,NumStability.fl_householderConstructionError,theorem,theorem,NumStability.Algorithms.LinearSystems.QR.HouseholderReflector,NumStability/Algorithms/LinearSystems/QR/HouseholderReflector.lean,742,Algorithms,QR,Unassigned,,confirmed_source_written,Householder construction/application error result,theorem fl_householderConstructionError (fp : FPModel) {n : ℕ} (hn0 : 0 < n) (x : Fin n → ℝ) (hx : x ≠ 0) (hn : gammaValid fp (4 * n + 8)) : HouseholderConstructionError fp hn0 x (fl_householderVector fp hn0 x) (fl_householderBeta fp hn0 x) := by,2,592,52,HighamSourceOther;LU;LeastSquares;QR,Chapter19;Chapter20;Chapter21;Unassigned
C05,10,NumStability.fl_householderVector_zero_relative_error,theorem,theorem,NumStability.Algorithms.LinearSystems.QR.HouseholderReflector,NumStability/Algorithms/LinearSystems/QR/HouseholderReflector.lean,538,Algorithms,QR,Unassigned,,confirmed_source_written,Householder construction/application error result,"theorem fl_householderVector_zero_relative_error (fp : FPModel) {n : ℕ} (hn0 : 0 < n) (x : Fin n → ℝ) (hx : x ≠ 0) (hn : gammaValid fp (2 * (n + 2))) : ∃ θ : ℝ, |θ| ≤ gamma fp (n + 2) ∧ fl_householderVector fp hn0 x ⟨0, hn0⟩ = householderVector hn0 x ⟨0, hn0⟩ * (1 + θ) := by",3,600,54,HighamSourceOther;LU;LeastSquares;QR,Chapter19;Chapter20;Chapter21;Unassigned
C05,11,NumStability.fl_householderScale_relative_error,theorem,theorem,NumStability.Algorithms.LinearSystems.QR.HouseholderReflector,NumStability/Algorithms/LinearSystems/QR/HouseholderReflector.lean,379,Algorithms,QR,Unassigned,,confirmed_source_written,Householder construction/application error result,"theorem fl_householderScale_relative_error (fp : FPModel) {n : ℕ} (hn0 : 0 < n) (x : Fin n → ℝ) (hn : gammaValid fp (2 * (n + 1))) : ∃ θ : ℝ, |θ| ≤ gamma fp (n + 1) ∧ fl_householderScale fp hn0 x = householderScale hn0 x * (1 + θ) := by",4,606,54,HighamSourceOther;LU;LeastSquares;QR,Chapter19;Chapter20;Chapter21;Unassigned
C05,12,NumStability.fl_norm2_relative_error,theorem,theorem,NumStability.Algorithms.Norm2,NumStability/Algorithms/Norm2.lean,315,Algorithms,Norms,Unassigned,,confirmed_source_written,vector/matrix norm definition or inequality,"theorem fl_norm2_relative_error (fp : FPModel) (n : ℕ) (x : Fin n → ℝ) (hn : gammaValid fp (2 * (n + 1))) : ∃ θ : ℝ, |θ| ≤ gamma fp (n + 1) ∧ fl_norm2 fp n x = Real.sqrt (∑ i : Fin n, x i * x i) * (1 + θ) := by",6,728,75,HighamSourceOther;LU;LeastSquares;QR,Chapter19;Chapter20;Chapter21;Unassigned
C05,13,NumStability.fl_norm2_relative_error_sqrt_factor,theorem,theorem,NumStability.Algorithms.Norm2,NumStability/Algorithms/Norm2.lean,194,Algorithms,Norms,Unassigned,,confirmed_source_written,vector/matrix norm definition or inequality,"theorem fl_norm2_relative_error_sqrt_factor (fp : FPModel) (n : ℕ) (x : Fin n → ℝ) (hn : gammaValid fp (2 * n)) : ∃ (θ δ : ℝ), |θ| ≤ gamma fp n ∧ |δ| ≤ fp.u ∧ 0 ≤ 1 + θ ∧ fl_norm2 fp n x =",3,748,79,HighamSourceOther;LU;LeastSquares;Norms;QR,Chapter19;Chapter20;Chapter21;Unassigned
C05,14,NumStability.FPModel.model_sqrt,theorem,theorem,NumStability.FloatingPoint.Model,NumStability/FloatingPoint/Model.lean,93,FloatingPoint,FloatingPoint,Unassigned,,confirmed_source_written,primitive floating-point model law,"model_sqrt : ∀ x, 0 ≤ x → ∃ δ : ℝ, |δ| ≤ u ∧ fl_sqrt x = Real.sqrt x * (1 + δ) namespace FPModel",39,975,110,Arithmetic;Cholesky;HighamSourceOther;LU;LeastSquares;Norms;QR;SymmetricIndefinite,Chapter10;Chapter11;Chapter19;Chapter20;Chapter21;Unassigned
C06,0,NumStability.higham12_6_rectRoundedLoop_lu_solve_SolverWBound_source,theorem,theorem,NumStability.Source.Higham.CrossChapter.LUSolverWeights.Doolittle,NumStability/Source/Higham/CrossChapter/LUSolverWeights/Doolittle.lean,59,Source,LU,Unassigned,Higham Chapter 12,confirmed_source_written,solver error-weight predicate or bound,"theorem higham12_6_rectRoundedLoop_lu_solve_SolverWBound_source {n : ℕ} (fp : FPModel) (A : Fin n → Fin n → ℝ) (b : Fin n → ℝ) (hU_diag : ∀ k : Fin n, higham9_2_rectRoundedLoopU fp (Nat.le_refl n) A k k ≠ 0) (hn : gammaValid fp n) (hn3 : gammaValid fp (3 * n)) :",0,0,0,,
C06,1,NumStability.higham9_4_rectRoundedLoop_square_lu_solve_backward_error_source,theorem,theorem,NumStability.Source.Higham.Chapter09.DoolittleClosure,NumStability/Source/Higham/Chapter09/DoolittleClosure.lean,738,Source,HighamSourceOther,Chapter09,Higham Chapter 9,confirmed_source_written,LU/Doolittle factorization or solve backward-error result,"theorem higham9_4_rectRoundedLoop_square_lu_solve_backward_error_source {n : ℕ} (fp : FPModel) (A : Fin n → Fin n → ℝ) (b : Fin n → ℝ) (hU_diag : ∀ k : Fin n, higham9_2_rectRoundedLoopU fp (Nat.le_refl n) A k k ≠ 0) (hn : gammaValid fp n) (hn3 : gammaValid fp (3 * n)) :",1,1,1,LU,Unassigned
C06,2,NumStability.higham9_3_rectRoundedLoop_square_to_LUBackwardError_source,theorem,theorem,NumStability.Source.Higham.Chapter09.DoolittleClosure,NumStability/Source/Higham/Chapter09/DoolittleClosure.lean,666,Source,HighamSourceOther,Chapter09,Higham Chapter 9,confirmed_source_written,LU/Doolittle factorization or solve backward-error result,"theorem higham9_3_rectRoundedLoop_square_to_LUBackwardError_source {n : ℕ} (fp : FPModel) (A : Fin n → Fin n → ℝ) (hU_diag : ∀ k : Fin n, higham9_2_rectRoundedLoopU fp (Nat.le_refl n) A k k ≠ 0) (hn : gammaValid fp n) : LUBackwardError n A (higham9_2_rectRoundedLoopL fp (Nat.le_refl n) A)",5,10,3,HighamSourceOther;LU,Chapter09;Chapter14;Unassigned
C06,3,NumStability.higham9_3_rectRoundedLoop_source_backward_error,theorem,theorem,NumStability.Source.Higham.Chapter09.DoolittleClosure,NumStability/Source/Higham/Chapter09/DoolittleClosure.lean,644,Source,HighamSourceOther,Chapter09,Higham Chapter 9,confirmed_source_written,supporting formal result,"theorem higham9_3_rectRoundedLoop_source_backward_error {m n : ℕ} (fp : FPModel) (hmn : n ≤ m) (A : Fin m → Fin n → ℝ) (hU_diag : ∀ k : Fin n, higham9_2_rectRoundedLoopU fp hmn A k k ≠ 0) (hn : gammaValid fp n) : ∃ ΔA : Fin m → Fin n → ℝ, (∀ i j, |ΔA i j| ≤ gamma fp n * ∑ k : Fin n,",1,11,3,HighamSourceOther;LU,Chapter09;Chapter14;Unassigned
C06,4,NumStability.higham9_2_rectRoundedLoopSourceCertificate,theorem,theorem,NumStability.Source.Higham.Chapter09.DoolittleClosure,NumStability/Source/Higham/Chapter09/DoolittleClosure.lean,544,Source,HighamSourceOther,Chapter09,Higham Chapter 9,confirmed_source_written,supporting formal result,"theorem higham9_2_rectRoundedLoopSourceCertificate {m n : ℕ} (fp : FPModel) (hmn : n ≤ m) (A : Fin m → Fin n → ℝ) (hU_diag : ∀ k : Fin n, higham9_2_rectRoundedLoopU fp hmn A k k ≠ 0) (hn : gammaValid fp n) : higham9_2_RectDoolittleSourceCertificate hmn A (higham9_2_rectRoundedLoopL fp hmn A) (higham9_2_rectRoundedLoopU fp hmn A) fp where",1,12,3,HighamSourceOther;LU,Chapter09;Chapter14;Unassigned
C06,5,NumStability.higham9_2_rectFlDoolittleLEntry_source_residual_abs_le,theorem,theorem,NumStability.Source.Higham.Chapter09.DoolittleClosure,NumStability/Source/Higham/Chapter09/DoolittleClosure.lean,428,Source,HighamSourceOther,Chapter09,Higham Chapter 9,confirmed_source_written,LU/Doolittle factorization or solve backward-error result,theorem higham9_2_rectFlDoolittleLEntry_source_residual_abs_le {m n : ℕ} (fp : FPModel) (A L : Fin m → Fin n → ℝ) (U : Fin n → Fin n → ℝ) (i : Fin m) (k : Fin n) (hn : gammaValid fp n) (hUkk : U k k ≠ 0) (hentry : L i k = higham9_2_rectFlDoolittleLEntry fp A L U i k) : |(A i k - higham9_2_rectPrefixDot L U i k k) - L i k * U k k| ≤,2,15,4,HighamSourceOther;LU,Chapter09;Chapter10;Chapter14;Unassigned
C06,6,NumStability.higham9_2_flMulSubFold_div_source_residual_abs_le,theorem,theorem,NumStability.Source.Higham.Chapter09.DoolittleClosure,NumStability/Source/Higham/Chapter09/DoolittleClosure.lean,288,Source,HighamSourceOther,Chapter09,Higham Chapter 9,confirmed_source_written,supporting formal result,theorem higham9_2_flMulSubFold_div_source_residual_abs_le (fp : FPModel) (m : ℕ) (c bk : ℝ) (hbk : bk ≠ 0) (a x : Fin m → ℝ) (hm1 : gammaValid fp (m + 1)) : let fold : ℝ :=,1,16,4,HighamSourceOther;LU,Chapter09;Chapter10;Chapter14;Unassigned
C06,7,NumStability.gamma_mul,theorem,theorem,NumStability.Analysis.Rounding,NumStability/Analysis/Rounding.lean,415,Analysis,FloatingPoint,Unassigned,,confirmed_source_written,rounding-error gamma calculus result,"lemma gamma_mul (fp : FPModel) (j k : ℕ) (θj θk : ℝ) (hj : |θj| ≤ gamma fp j) (hk : |θk| ≤ gamma fp k) (hval : gammaValid fp (j + k)) : ∃ θ : ℝ, |θ| ≤ gamma fp (j + k) ∧ (1 + θj) * (1 + θk) = 1 + θ := by",81,4739,362,Arithmetic;Cholesky;DotProduct;FFT;FloatingPoint;HighamSourceOther;LU;LeastSquares;MatrixEquations;MatrixMultiplication;MatrixPowers;Nonlinear;Norms;Other;Perturbation;Polynomials;ProbabilityStatistics;QR;Spectral;Summation;SymmetricIndefinite;TestMatrices,Chapter01;Chapter04;Chapter05;Chapter07;Chapter08;Chapter09;Chapter10;Chapter11;Chapter12;Chapter13;Chapter14;Chapter16;Chapter17;Chapter18;Chapter19;Chapter20;Chapter21;Chapter22;Chapter23;Chapter24;Chapter25;Unassigned
C07,0,NumStability.Ch22B.ch22b_horner_derivative_error_via_higham5_7,theorem,theorem,NumStability.Source.Higham.Chapter22.Section03.RealRefinement,NumStability/Source/Higham/Chapter22/Section03/RealRefinement.lean,109,Source,HighamSourceOther,Chapter22,Higham Chapter 22;Higham Chapter 5,confirmed_source_written,polynomial derivative-evaluation error result,theorem ch22b_horner_derivative_error_via_higham5_7 (fp : FPModel) (x : ℝ) (coeffsDesc : List ℝ) (hvalid : gammaValid fp (2 * (coeffsDesc.length - 1))) : |(fl_hornerDerivativeDesc fp x coeffsDesc).2 - polyDescDeriv x coeffsDesc| ≤ gamma fp (2 * (coeffsDesc.length - 1)) * polyDescDerivAbs x coeffsDesc :=,0,0,0,,
C07,1,NumStability.fl_hornerDerivativeDesc_snd_forward_error_bound_coupled,theorem,theorem,NumStability.Algorithms.PolynomialEvaluation.DerivativeEvaluation.ErrorBounds,NumStability/Algorithms/PolynomialEvaluation/DerivativeEvaluation/ErrorBounds.lean,394,Algorithms,Perturbation,Unassigned,,confirmed_source_written,polynomial derivative-evaluation error result,theorem fl_hornerDerivativeDesc_snd_forward_error_bound_coupled (fp : FPModel) (x : ℝ) (coeffsDesc : List ℝ) (hvalid : gammaValid fp (2 * (coeffsDesc.length - 1))) : |(fl_hornerDerivativeDesc fp x coeffsDesc).2 - polyDescDeriv x coeffsDesc| ≤ gamma fp (2 * (coeffsDesc.length - 1)) * polyDescDerivAbs x coeffsDesc := by,3,5,3,HighamSourceOther;Perturbation,Chapter05;Chapter22;Unassigned
C07,2,NumStability.gamma_nonneg,theorem,theorem,NumStability.Analysis.Rounding,NumStability/Analysis/Rounding.lean,78,Analysis,FloatingPoint,Unassigned,,confirmed_source_written,rounding-error gamma calculus result,lemma gamma_nonneg (fp : FPModel) {n : ℕ} (hn : gammaValid fp n) : 0 ≤ gamma fp n :=,1063,6237,382,Arithmetic;Cholesky;DotProduct;FFT;FloatingPoint;HighamSourceOther;LU;LeastSquares;MatrixEquations;MatrixMultiplication;MatrixPowers;Nonlinear;Norms;Other;Perturbation;Polynomials;ProbabilityStatistics;QR;Spectral;Summation;SymmetricIndefinite,Chapter01;Chapter02;Chapter04;Chapter05;Chapter07;Chapter08;Chapter09;Chapter10;Chapter11;Chapter12;Chapter13;Chapter14;Chapter16;Chapter17;Chapter18;Chapter19;Chapter20;Chapter21;Chapter22;Chapter23;Chapter24;Chapter25;Unassigned
C08,0,NumStability.cholesky_solve_spd_backward_stable,theorem,theorem,NumStability.Algorithms.LinearSystems.Cholesky.Solve.Basic,NumStability/Algorithms/LinearSystems/Cholesky/Solve/Basic.lean,155,Algorithms,Cholesky,Unassigned,,confirmed_source_written,Cholesky factorization/solve stability result,"theorem cholesky_solve_spd_backward_stable (fp : FPModel) (n : ℕ) (A R_hat : Fin n → Fin n → ℝ) (b : Fin n → ℝ) (hR_diag : ∀ i : Fin n, R_hat i i ≠ 0) (hChol : CholeskyBackwardError n A R_hat (gamma fp (n + 1))) (hn1 : gammaValid fp (n + 1)) (hn1_lt : gamma fp (n + 1) < 1)",0,0,0,,
C08,1,NumStability.cholesky_solve_backward_error,theorem,theorem,NumStability.Algorithms.LinearSystems.Cholesky.Solve.Basic,NumStability/Algorithms/LinearSystems/Cholesky/Solve/Basic.lean,101,Algorithms,Cholesky,Unassigned,,confirmed_source_written,Cholesky factorization/solve stability result,"theorem cholesky_solve_backward_error (fp : FPModel) (n : ℕ) (A R_hat : Fin n → Fin n → ℝ) (b : Fin n → ℝ) (hR_diag : ∀ i : Fin n, R_hat i i ≠ 0) (hChol : CholeskyBackwardError n A R_hat (gamma fp (n + 1))) (hn1 : gammaValid fp (n + 1)) (hn3 : gammaValid fp (3 * n + 1)) :",2,3,3,Cholesky;HighamSourceOther,Chapter10;Unassigned
C08,2,NumStability.cholesky_solve_backward_error_expanded,theorem,theorem,NumStability.Algorithms.LinearSystems.Cholesky.Solve.Basic,NumStability/Algorithms/LinearSystems/Cholesky/Solve/Basic.lean,43,Algorithms,Cholesky,Unassigned,,confirmed_source_written,Cholesky factorization/solve stability result,"theorem cholesky_solve_backward_error_expanded (fp : FPModel) (n : ℕ) (A R_hat : Fin n → Fin n → ℝ) (b : Fin n → ℝ) (hR_diag : ∀ i : Fin n, R_hat i i ≠ 0) (hChol : CholeskyBackwardError n A R_hat (gamma fp (n + 1))) (hn1 : gammaValid fp (n + 1)) : let R_hatT := fun i j : Fin n => R_hat j i",4,21,13,Cholesky;HighamSourceOther;LeastSquares,Chapter10;Chapter20;Chapter21;Unassigned
C08,3,NumStability.backSub_backward_error,theorem,theorem,NumStability.Algorithms.LinearSystems.Triangular.BackSubstitution,NumStability/Algorithms/LinearSystems/Triangular/BackSubstitution.lean,1012,Algorithms,Other,Unassigned,,confirmed_source_written,triangular substitution error result,"theorem backSub_backward_error (fp : FPModel) (n : ℕ) (U : Fin n → Fin n → ℝ) (b : Fin n → ℝ) (hU : ∀ i, U i i ≠ 0) (hUT : ∀ i j : Fin n, j.val < i.val → U i j = 0) (hn : gammaValid fp n) : ∃ ΔU : Fin n → Fin n → ℝ, (∀ i j, |ΔU i j| ≤ gamma fp n * |U i j|) ∧",28,2258,91,Cholesky;FloatingPoint;HighamSourceOther;LU;LeastSquares;MatrixEquations;MatrixPowers;Other;Perturbation;QR;SymmetricIndefinite,Chapter08;Chapter09;Chapter10;Chapter11;Chapter13;Chapter14;Chapter16;Chapter17;Chapter19;Chapter20;Chapter21;Unassigned
C08,4,NumStability.backSub_row_tight,theorem,theorem,NumStability.Algorithms.LinearSystems.Triangular.BackSubstitution,NumStability/Algorithms/LinearSystems/Triangular/BackSubstitution.lean,655,Algorithms,Other,Unassigned,,confirmed_source_written,triangular substitution error result,"lemma backSub_row_tight (fp : FPModel) (n : ℕ) (U : Fin n → Fin n → ℝ) (b : Fin n → ℝ) (hU : ∀ i, U i i ≠ 0) (hn : gammaValid fp n) (i : Fin n) : ∃ (φ : Fin n → ℝ), |φ i| ≤ gamma fp (n - i.val) ∧",3,2262,92,Cholesky;FloatingPoint;HighamSourceOther;LU;LeastSquares;MatrixEquations;MatrixPowers;Other;Perturbation;QR;SymmetricIndefinite,Chapter08;Chapter09;Chapter10;Chapter11;Chapter13;Chapter14;Chapter16;Chapter17;Chapter19;Chapter20;Chapter21;Unassigned
C08,5,NumStability.gamma_mul,theorem,theorem,NumStability.Analysis.Rounding,NumStability/Analysis/Rounding.lean,415,Analysis,FloatingPoint,Unassigned,,confirmed_source_written,rounding-error gamma calculus result,"lemma gamma_mul (fp : FPModel) (j k : ℕ) (θj θk : ℝ) (hj : |θj| ≤ gamma fp j) (hk : |θk| ≤ gamma fp k) (hval : gammaValid fp (j + k)) : ∃ θ : ℝ, |θ| ≤ gamma fp (j + k) ∧ (1 + θj) * (1 + θk) = 1 + θ := by",81,4739,362,Arithmetic;Cholesky;DotProduct;FFT;FloatingPoint;HighamSourceOther;LU;LeastSquares;MatrixEquations;MatrixMultiplication;MatrixPowers;Nonlinear;Norms;Other;Perturbation;Polynomials;ProbabilityStatistics;QR;Spectral;Summation;SymmetricIndefinite;TestMatrices,Chapter01;Chapter04;Chapter05;Chapter07;Chapter08;Chapter09;Chapter10;Chapter11;Chapter12;Chapter13;Chapter14;Chapter16;Chapter17;Chapter18;Chapter19;Chapter20;Chapter21;Chapter22;Chapter23;Chapter24;Chapter25;Unassigned
C09,0,NumStability.RectLSNormalEquations.isLeastSquaresMinimizer,theorem,theorem,NumStability.Algorithms.LinearSystems.LeastSquares.NormalEquations,NumStability/Algorithms/LinearSystems/LeastSquares/NormalEquations.lean,222,Algorithms,LeastSquares,Unassigned,,confirmed_source_written,vector/matrix norm definition or inequality,theorem RectLSNormalEquations.isLeastSquaresMinimizer {m n : ℕ} {A : Fin m → Fin n → ℝ} {b : Fin m → ℝ} {x : Fin n → ℝ} (h : RectLSNormalEquations A b x) : IsLeastSquaresMinimizer A b x := by,10,226,17,HighamSourceOther;LeastSquares;QR,Chapter20;Unassigned
C09,1,NumStability.RectLSNormalEquations.residual_orthogonal,theorem,theorem,NumStability.Algorithms.LinearSystems.LeastSquares.NormalEquations,NumStability/Algorithms/LinearSystems/LeastSquares/NormalEquations.lean,140,Algorithms,LeastSquares,Unassigned,,confirmed_source_written,vector/matrix norm definition or inequality,"theorem RectLSNormalEquations.residual_orthogonal {m n : ℕ} {A : Fin m → Fin n → ℝ} {b : Fin m → ℝ} {x : Fin n → ℝ} (h : RectLSNormalEquations A b x) : ∀ j : Fin n, ∑ i : Fin m, A i j * lsResidual A b x i = 0 :=",7,341,21,HighamSourceOther;LeastSquares;QR,Chapter20;Unassigned
C09,2,NumStability.RectLSNormalEquations.iff_residual_orthogonal,theorem,theorem,NumStability.Algorithms.LinearSystems.LeastSquares.NormalEquations,NumStability/Algorithms/LinearSystems/LeastSquares/NormalEquations.lean,122,Algorithms,LeastSquares,Unassigned,,confirmed_source_written,vector/matrix norm definition or inequality,"theorem RectLSNormalEquations.iff_residual_orthogonal {m n : ℕ} (A : Fin m → Fin n → ℝ) (b : Fin m → ℝ) (x : Fin n → ℝ) : RectLSNormalEquations A b x ↔ ∀ j : Fin n, ∑ i : Fin m, A i j * lsResidual A b x i = 0 := by",3,344,21,HighamSourceOther;LeastSquares;QR,Chapter20;Unassigned
C10,0,NumStability.condOneNumber_ge_scaled_estimator,theorem,theorem,NumStability.Analysis.ConditionEstimatorLowerBound,NumStability/Analysis/ConditionEstimatorLowerBound.lean,94,Analysis,Norms,Unassigned,,confirmed_source_written,condition-estimator result,theorem condOneNumber_ge_scaled_estimator {n : ℕ} (hn : 0 < n) (A B : Fin n → Fin n → ℝ) : oneNorm A * lapackNormEstimator hn B ≤ condOneNumber A B :=,2,3,2,Norms,Chapter15;Unassigned
C10,1,NumStability.lapackNormEstimator_lower_bound,theorem,theorem,NumStability.Algorithms.CondEstimation,NumStability/Algorithms/CondEstimation.lean,108,Algorithms,Other,Unassigned,,confirmed_source_written,vector/matrix norm definition or inequality,theorem lapackNormEstimator_lower_bound {n : ℕ} (hn : 0 < n) (A : Fin n → Fin n → ℝ) : lapackNormEstimator hn A ≤ oneNorm A := by,3,12,5,MatrixEquations;Norms;Perturbation,Chapter15;Chapter16;Unassigned
C11,0,NumStability.complexMatrixLpNorm_upper_bound_by_columnMax_lpNorm,theorem,theorem,NumStability.Analysis.MatrixNorms.Lp,NumStability/Analysis/MatrixNorms/Lp.lean,2303,Analysis,Norms,Unassigned,,confirmed_source_written,vector/matrix norm definition or inequality,theorem complexMatrixLpNorm_upper_bound_by_columnMax_lpNorm {m n : ℕ} {p : ℝ} (hp : 1 ≤ p) (A : CMatrix m n) : MixedSubordinateMatrixBound (complexVecLpNorm (n := n) (ENNReal.ofReal p)) (complexVecLpNorm (n := m) (ENNReal.ofReal p)) A ((n : ℝ) ^ (1 - p⁻¹) * complexMatrixColumnMaxVectorNorm,1,13,2,Norms,Unassigned
C11,1,NumStability.complexVecOneNorm_le_card_rpow_mul_complexVecLpNorm,theorem,theorem,NumStability.Analysis.VectorNorms.Basic,NumStability/Analysis/VectorNorms/Basic.lean,820,Analysis,Norms,Unassigned,,confirmed_source_written,vector/matrix norm definition or inequality,theorem complexVecOneNorm_le_card_rpow_mul_complexVecLpNorm {n : ℕ} {p : ℝ} (hp : 1 ≤ p) (x : CVec n) : complexVecOneNorm x ≤ (n : ℝ) ^ (1 - p⁻¹) * complexVecLpNorm (ENNReal.ofReal p) x := by,3,35,7,Norms,Chapter07;Unassigned
C11,2,NumStability.complexVecLpNorm,definition,definition,NumStability.Analysis.VectorNorms.Basic,NumStability/Analysis/VectorNorms/Basic.lean,79,Analysis,Norms,Unassigned,,confirmed_source_written,vector/matrix norm definition or inequality,noncomputable def complexVecLpNorm {n : ℕ} (p : ℝ≥0∞) (x : CVec n) : ℝ :=,253,731,78,FFT;HighamSourceOther;LeastSquares;MatrixPowers;Nonlinear;Norms;Polynomials;Spectral,Chapter06;Chapter07;Chapter08;Chapter09;Chapter15;Chapter18;Chapter19;Chapter20;Chapter21;Chapter22;Chapter24;Unassigned
C12,0,NumStability.higham24_theorem24_3_literal_forward_error_multiple_kappa_u,theorem,theorem,NumStability.Source.Higham.Chapter24.CirculantForwardError,NumStability/Source/Higham/Chapter24/CirculantForwardError.lean,376,Source,FFT,Chapter24,Higham Chapter 24,confirmed_source_written,Chapter 24 structured FFT/circulant result,"theorem higham24_theorem24_3_literal_forward_error_multiple_kappa_u (fp : FPModel) (hgamma4 : gammaValid fp 4) (weight : forall s, Higham24BitIndex s -> Complex) (mu cMu : Real) (hmu : 0 <= mu) (hcMu : 0 <= cMu) (hmuLinear : mu <= cMu * fp.u) (hw : forall s (p : Higham24BitIndex s), Higham24WeightApproximation",0,0,0,,
C12,1,NumStability.higham24_theorem24_3_literal_quadraticRemainder,theorem,theorem,NumStability.Source.Higham.Chapter24.StructuredMixedStability,NumStability/Source/Higham/Chapter24/StructuredMixedStability.lean,1161,Source,HighamSourceOther,Chapter24,Higham Chapter 24,confirmed_source_written,Chapter 24 structured FFT/circulant result,"theorem higham24_theorem24_3_literal_quadraticRemainder (fp : FPModel) (hgamma4 : gammaValid fp 4) (weight : ∀ s, Higham24BitIndex s → ℂ) (mu cMu : ℝ) (hmu : 0 ≤ mu) (hcMu : 0 ≤ cMu) (hmuLinear : mu ≤ cMu * fp.u) (hw : ∀ s (p : Higham24BitIndex s), Higham24WeightApproximation",1,1,1,FFT,Chapter24
C12,2,NumStability.higham24_theorem24_3_literal_firstOrder,theorem,theorem,NumStability.Source.Higham.Chapter24.StructuredMixedStability,NumStability/Source/Higham/Chapter24/StructuredMixedStability.lean,1115,Source,HighamSourceOther,Chapter24,Higham Chapter 24,confirmed_source_written,Chapter 24 structured FFT/circulant result,"theorem higham24_theorem24_3_literal_firstOrder (fp : FPModel) (hgamma4 : gammaValid fp 4) (weight : ∀ s, Higham24BitIndex s → ℂ) (mu : ℝ) (hmu : 0 ≤ mu) (hw : ∀ s (p : Higham24BitIndex s), Higham24WeightApproximation (higham24FourierRoot (2 ^ s) ^ higham24BitIndexBEValue s p)",1,2,2,FFT;HighamSourceOther,Chapter24
C12,3,NumStability.higham24_theorem24_3_literal_exactRadii,theorem,theorem,NumStability.Source.Higham.Chapter24.StructuredMixedStability,NumStability/Source/Higham/Chapter24/StructuredMixedStability.lean,1058,Source,HighamSourceOther,Chapter24,Higham Chapter 24,confirmed_source_written,Chapter 24 structured FFT/circulant result,"theorem higham24_theorem24_3_literal_exactRadii (fp : FPModel) (hgamma4 : gammaValid fp 4) (weight : ∀ s, Higham24BitIndex s → ℂ) (mu : ℝ) (hmu : 0 ≤ mu) (hw : ∀ s (p : Higham24BitIndex s), Higham24WeightApproximation (higham24FourierRoot (2 ^ s) ^ higham24BitIndexBEValue s p)",1,3,2,FFT;HighamSourceOther,Chapter24
C12,4,NumStability.higham24_literalGeneratorPerturbation_norm_le,theorem,theorem,NumStability.Source.Higham.Chapter24.StructuredMixedStability,NumStability/Source/Higham/Chapter24/StructuredMixedStability.lean,518,Source,HighamSourceOther,Chapter24,Higham Chapter 24,confirmed_source_written,vector/matrix norm definition or inequality,"theorem higham24_literalGeneratorPerturbation_norm_le (fp : FPModel) (hgamma4 : gammaValid fp 4) (weight : ∀ s, Higham24BitIndex s → ℂ) (mu : ℝ) (hmu : 0 ≤ mu) (hw : ∀ s (p : Higham24BitIndex s), Higham24WeightApproximation (higham24FourierRoot (2 ^ s) ^ higham24BitIndexBEValue s p)",1,4,2,FFT;HighamSourceOther,Chapter24
C12,5,NumStability.higham24_literalScalingInverse_norm_le,theorem,theorem,NumStability.Source.Higham.Chapter24.StructuredMixedStability,NumStability/Source/Higham/Chapter24/StructuredMixedStability.lean,111,Source,HighamSourceOther,Chapter24,Higham Chapter 24,confirmed_source_written,vector/matrix norm definition or inequality,"theorem higham24_literalScalingInverse_norm_le (fp : FPModel) (hgamma4 : gammaValid fp 4) {n : ℕ} (d g : Fin n → ℂ) (hd : ∀ i, d i ≠ 0) (hsmall : Real.sqrt 2 * gamma fp 4 < 1) : ‖higham24LiteralScalingInverse fp hgamma4 d g hd‖ ≤ (1 - Real.sqrt 2 * gamma fp 4)⁻¹ := by",1,5,2,FFT;HighamSourceOther,Chapter24
C12,6,NumStability.higham24_diagonalSolveRelativeError_spec,theorem,theorem,NumStability.Source.Higham.Chapter24.RoundedDiagonalSolve,NumStability/Source/Higham/Chapter24/RoundedDiagonalSolve.lean,38,Source,HighamSourceOther,Chapter24,Higham Chapter 24,confirmed_source_written,Chapter 24 structured FFT/circulant result,"theorem higham24_diagonalSolveRelativeError_spec (fp : FPModel) (hgamma4 : gammaValid fp 4) {n : ℕ} (d g : Fin n → ℂ) (hd : ∀ i, d i ≠ 0) (i : Fin n) : ‖higham24DiagonalSolveRelativeError fp hgamma4 d g hd i‖ ≤ Real.sqrt 2 * gamma fp 4 ∧ higham24RoundedDiagonalSolve fp d g i = (g i / d i) *",5,17,4,FFT;HighamSourceOther,Chapter24
C12,7,NumStability.fl_complexDiv_rel_error_model,theorem,theorem,NumStability.Analysis.ComplexArithmetic,NumStability/Analysis/ComplexArithmetic.lean,1010,Analysis,Arithmetic,Unassigned,,confirmed_source_written,complex/scalar arithmetic rounding-error result,theorem fl_complexDiv_rel_error_model (fp : FPModel) (hγ : gammaValid fp 4) (x y : ℂ) (hy : y ≠ 0) : complexRelErrorModel (fl_complexDiv fp x y) (x / y) (Real.sqrt 2 * gamma fp 4) := by,2,32,4,FFT;HighamSourceOther,Chapter24
C12,8,NumStability.fl_complexDiv_error_bound,theorem,theorem,NumStability.Analysis.ComplexArithmetic,NumStability/Analysis/ComplexArithmetic.lean,980,Analysis,Arithmetic,Unassigned,,confirmed_source_written,complex/scalar arithmetic rounding-error result,theorem fl_complexDiv_error_bound (fp : FPModel) (hγ : gammaValid fp 4) (x y : ℂ) (hy : y ≠ 0) : ‖fl_complexDiv fp x y - x / y‖ ≤ Real.sqrt 2 * gamma fp 4 * ‖x / y‖ := by,1,33,5,Arithmetic;FFT;HighamSourceOther,Chapter24;Unassigned
C12,9,NumStability.fl_complexDiv_normSq_error_le,theorem,theorem,NumStability.Analysis.ComplexArithmetic,NumStability/Analysis/ComplexArithmetic.lean,938,Analysis,Arithmetic,Unassigned,,confirmed_source_written,vector/matrix norm definition or inequality,theorem fl_complexDiv_normSq_error_le (fp : FPModel) (hγ : gammaValid fp 4) (x y : ℂ) (hy : y ≠ 0) : Complex.normSq (fl_complexDiv fp x y - x / y) ≤ 2 * (gamma fp 4) ^ 2 * Complex.normSq (x / y) := by,1,34,5,Arithmetic;FFT;HighamSourceOther,Chapter24;Unassigned
C12,10,NumStability.fl_complexDiv_im_exact_error_le_gamma4,theorem,theorem,NumStability.Analysis.ComplexArithmetic,NumStability/Analysis/ComplexArithmetic.lean,923,Analysis,Arithmetic,Unassigned,,confirmed_source_written,rounding-error gamma calculus result,theorem fl_complexDiv_im_exact_error_le_gamma4 (fp : FPModel) (hγ : gammaValid fp 4) (x y : ℂ) (hy : y ≠ 0) : |(fl_complexDiv fp x y - x / y).im| ≤ gamma fp 4 * ((|x.im * y.re| + |x.re * y.im|) / Complex.normSq y) := by,1,35,5,Arithmetic;FFT;HighamSourceOther,Chapter24;Unassigned
C12,11,NumStability.fl_complexDiv_im_error_le_gamma4,theorem,theorem,NumStability.Analysis.ComplexArithmetic,NumStability/Analysis/ComplexArithmetic.lean,858,Analysis,Arithmetic,Unassigned,,confirmed_source_written,rounding-error gamma calculus result,theorem fl_complexDiv_im_error_le_gamma4 (fp : FPModel) (hγ : gammaValid fp 4) (x y : ℂ) (hy : y ≠ 0) : |fl_complexDivNumIm fp x y / fl_complexDivDen fp y - (x.im * y.re - x.re * y.im) / Complex.normSq y| ≤ gamma fp 4 * ((|x.im * y.re| + |x.re * y.im|) / Complex.normSq y) := by,1,36,5,Arithmetic;FFT;HighamSourceOther,Chapter24;Unassigned
C12,12,NumStability.fl_complexDivDen_error_le_gamma2,theorem,theorem,NumStability.Analysis.ComplexArithmetic,NumStability/Analysis/ComplexArithmetic.lean,812,Analysis,Arithmetic,Unassigned,,confirmed_source_written,rounding-error gamma calculus result,theorem fl_complexDivDen_error_le_gamma2 (fp : FPModel) (hγ : gammaValid fp 2) (y : ℂ) : |fl_complexDivDen fp y - Complex.normSq y| ≤ gamma fp 2 * Complex.normSq y := by,2,39,5,Arithmetic;FFT;HighamSourceOther,Chapter24;Unassigned
C12,13,NumStability.fl_mul_add_error_le_gamma2,theorem,theorem,NumStability.Analysis.ComplexArithmetic,NumStability/Analysis/ComplexArithmetic.lean,213,Analysis,Arithmetic,Unassigned,,confirmed_source_written,rounding-error gamma calculus result,theorem fl_mul_add_error_le_gamma2 (fp : FPModel) (hγ : gammaValid fp 2) (a b c d : ℝ) : |fp.fl_add (fp.fl_mul a d) (fp.fl_mul b c) - (a * d + b * c)| ≤ gamma fp 2 * (|a * d| + |b * c|) := by,3,84,11,Arithmetic;FFT;HighamSourceOther;Perturbation,Chapter05;Chapter22;Chapter24;Unassigned
C12,14,NumStability.FPModel.model_add,theorem,theorem,NumStability.FloatingPoint.Model,NumStability/FloatingPoint/Model.lean,72,FloatingPoint,FloatingPoint,Unassigned,,confirmed_source_written,primitive floating-point model law,"model_add : ∀ x y, ∃ δ : ℝ, |δ| ≤ u ∧ fl_add x y = (x + y) * (1 + δ) model_sub : ∀ x y, ∃ δ : ℝ,",76,3722,279,Arithmetic;DotProduct;FFT;FloatingPoint;HighamSourceOther;LU;LeastSquares;MatrixEquations;MatrixMultiplication;MatrixPowers;Nonlinear;Norms;Other;Perturbation;Polynomials;ProbabilityStatistics;QR;Spectral;Summation;SymmetricIndefinite;TestMatrices,Chapter01;Chapter04;Chapter05;Chapter07;Chapter08;Chapter10;Chapter11;Chapter12;Chapter13;Chapter14;Chapter16;Chapter17;Chapter18;Chapter19;Chapter20;Chapter21;Chapter22;Chapter23;Chapter24;Chapter25;Unassigned
