chain_id,edge_role,step,source,source_module,target,target_module,target_scope,occurs_in_type,occurs_in_body,same_module,compiled_raw_artifact,compiled_raw_data_row_number
C01,path,1,NumStability.dotProduct_error_bound,NumStability.Algorithms.DotProduct,NumStability.fl_sum_error_init,NumStability.Analysis.Summation.ErrorBounds,project,false,true,false,raw/direct_dependencies.csv.gz,112068
C02,path,1,NumStability.forwardSub_backward_error,NumStability.Algorithms.LinearSystems.Triangular.ForwardSubstitution,NumStability.gamma_nonneg,NumStability.Analysis.Rounding,project,false,true,false,raw/direct_dependencies.csv.gz,188096
C02,path,2,NumStability.gamma_nonneg,NumStability.Analysis.Rounding,NumStability.FPModel.u_nonneg,NumStability.FloatingPoint.Model,project,false,true,false,raw/direct_dependencies.csv.gz,4209
C03,path,1,NumStability.matMul_error_bound,NumStability.Algorithms.MatMul,NumStability.matVec_error_bound,NumStability.Algorithms.MatVec,project,false,true,false,raw/direct_dependencies.csv.gz,175833
C03,path,2,NumStability.matVec_error_bound,NumStability.Algorithms.MatVec,NumStability.dotProduct_error_bound,NumStability.Algorithms.DotProduct,project,false,true,false,raw/direct_dependencies.csv.gz,173338
C03,path,3,NumStability.dotProduct_error_bound,NumStability.Algorithms.DotProduct,NumStability.fl_sum_error_init,NumStability.Analysis.Summation.ErrorBounds,project,false,true,false,raw/direct_dependencies.csv.gz,112068
C03,path,4,NumStability.fl_sum_error_init,NumStability.Analysis.Summation.ErrorBounds,NumStability.FPModel.model_add,NumStability.FloatingPoint.Model,project,false,true,false,raw/direct_dependencies.csv.gz,107533
C04,path,1,NumStability.inversion_residual_bound,NumStability.Algorithms.MatrixInversion.Residuals.MatrixInversion,NumStability.matVec_backward_error,NumStability.Algorithms.MatVec,project,false,true,false,raw/direct_dependencies.csv.gz,1682311
C04,path,2,NumStability.matVec_backward_error,NumStability.Algorithms.MatVec,NumStability.dotProduct_backward_stable_x,NumStability.Algorithms.DotProduct,project,false,true,false,raw/direct_dependencies.csv.gz,173155
C04,path,3,NumStability.dotProduct_backward_stable_x,NumStability.Algorithms.DotProduct,NumStability.dotProduct_backward_error,NumStability.Algorithms.DotProduct,project,false,true,true,raw/direct_dependencies.csv.gz,113505
C04,path,4,NumStability.dotProduct_backward_error,NumStability.Algorithms.DotProduct,NumStability.fl_sum_error_init,NumStability.Analysis.Summation.ErrorBounds,project,false,true,false,raw/direct_dependencies.csv.gz,113400
C04,path,5,NumStability.fl_sum_error_init,NumStability.Analysis.Summation.ErrorBounds,NumStability.FPModel.model_add,NumStability.FloatingPoint.Model,project,false,true,false,raw/direct_dependencies.csv.gz,107533
C05,path,1,NumStability.fl_householderQR_solve_backward_error_gammaHigham_closedInputBounds_of_global_gammaValid,NumStability.Algorithms.LinearSystems.QR.QRSolve,NumStability.fl_householderQR_R_frobNorm_le_gammaHigham_of_global_gammaValid,NumStability.Algorithms.LinearSystems.QR.HouseholderQR,project,false,true,false,raw/direct_dependencies.csv.gz,413144
C05,path,2,NumStability.fl_householderQR_R_frobNorm_le_gammaHigham_of_global_gammaValid,NumStability.Algorithms.LinearSystems.QR.HouseholderQR,NumStability.fl_householderQR_witness_explicit_backward_error_gammaHigham_of_global_gammaValid,NumStability.Algorithms.LinearSystems.QR.HouseholderQR,project,false,true,true,raw/direct_dependencies.csv.gz,376757
C05,path,3,NumStability.fl_householderQR_witness_explicit_backward_error_gammaHigham_of_global_gammaValid,NumStability.Algorithms.LinearSystems.QR.HouseholderQR,NumStability.fl_householderQR_witness_explicit_backward_error_of_global_gammaValid,NumStability.Algorithms.LinearSystems.QR.HouseholderQR,project,false,true,true,raw/direct_dependencies.csv.gz,368757
C05,path,4,NumStability.fl_householderQR_witness_explicit_backward_error_of_global_gammaValid,NumStability.Algorithms.LinearSystems.QR.HouseholderQR,NumStability.fl_householderQRPanel_R_explicit_backward_error,NumStability.Algorithms.LinearSystems.QR.HouseholderQR,project,false,true,true,raw/direct_dependencies.csv.gz,372663
C05,path,5,NumStability.fl_householderQRPanel_R_explicit_backward_error,NumStability.Algorithms.LinearSystems.QR.HouseholderQR,NumStability.fl_householder_first_column_panel_step_error,NumStability.Algorithms.LinearSystems.QR.HouseholderQR,project,false,true,true,raw/direct_dependencies.csv.gz,363598
C05,path,6,NumStability.fl_householder_first_column_panel_step_error,NumStability.Algorithms.LinearSystems.QR.HouseholderQR,NumStability.fl_householderConstructApply_matrix_step_error_rect,NumStability.Algorithms.LinearSystems.QR.HouseholderMatrixStep,project,false,true,false,raw/direct_dependencies.csv.gz,368448
C05,path,7,NumStability.fl_householderConstructApply_matrix_step_error_rect,NumStability.Algorithms.LinearSystems.QR.HouseholderMatrixStep,NumStability.fl_householderConstructApply_appError,NumStability.Algorithms.LinearSystems.QR.HouseholderOneStep,project,false,true,false,raw/direct_dependencies.csv.gz,362899
C05,path,8,NumStability.fl_householderConstructApply_appError,NumStability.Algorithms.LinearSystems.QR.HouseholderOneStep,NumStability.fl_householderVectorError,NumStability.Algorithms.LinearSystems.QR.HouseholderReflector,project,false,true,false,raw/direct_dependencies.csv.gz,362783
C05,path,9,NumStability.fl_householderVectorError,NumStability.Algorithms.LinearSystems.QR.HouseholderReflector,NumStability.fl_householderConstructionError,NumStability.Algorithms.LinearSystems.QR.HouseholderReflector,project,false,true,true,raw/direct_dependencies.csv.gz,356182
C05,path,10,NumStability.fl_householderConstructionError,NumStability.Algorithms.LinearSystems.QR.HouseholderReflector,NumStability.fl_householderVector_zero_relative_error,NumStability.Algorithms.LinearSystems.QR.HouseholderReflector,project,false,true,true,raw/direct_dependencies.csv.gz,357097
C05,path,11,NumStability.fl_householderVector_zero_relative_error,NumStability.Algorithms.LinearSystems.QR.HouseholderReflector,NumStability.fl_householderScale_relative_error,NumStability.Algorithms.LinearSystems.QR.HouseholderReflector,project,false,true,true,raw/direct_dependencies.csv.gz,355072
C05,path,12,NumStability.fl_householderScale_relative_error,NumStability.Algorithms.LinearSystems.QR.HouseholderReflector,NumStability.fl_norm2_relative_error,NumStability.Algorithms.Norm2,project,false,true,false,raw/direct_dependencies.csv.gz,355232
C05,path,13,NumStability.fl_norm2_relative_error,NumStability.Algorithms.Norm2,NumStability.fl_norm2_relative_error_sqrt_factor,NumStability.Algorithms.Norm2,project,false,true,true,raw/direct_dependencies.csv.gz,353936
C05,path,14,NumStability.fl_norm2_relative_error_sqrt_factor,NumStability.Algorithms.Norm2,NumStability.FPModel.model_sqrt,NumStability.FloatingPoint.Model,project,false,true,false,raw/direct_dependencies.csv.gz,352712
C05,branch,branch,NumStability.fl_householderQR_solve_backward_error_gammaHigham_closedInputBounds_of_global_gammaValid,NumStability.Algorithms.LinearSystems.QR.QRSolve,NumStability.fl_householderQR_solve_backward_error_gammaHigham_rhsClosedGrowth_of_global_gammaValid,NumStability.Algorithms.LinearSystems.QR.QRSolve,project,false,true,true,raw/direct_dependencies.csv.gz,413154
C06,path,1,NumStability.higham12_6_rectRoundedLoop_lu_solve_SolverWBound_source,NumStability.Source.Higham.CrossChapter.LUSolverWeights.Doolittle,NumStability.higham9_4_rectRoundedLoop_square_lu_solve_backward_error_source,NumStability.Source.Higham.Chapter09.DoolittleClosure,project,false,true,false,raw/direct_dependencies.csv.gz,3962289
C06,path,2,NumStability.higham9_4_rectRoundedLoop_square_lu_solve_backward_error_source,NumStability.Source.Higham.Chapter09.DoolittleClosure,NumStability.higham9_3_rectRoundedLoop_square_to_LUBackwardError_source,NumStability.Source.Higham.Chapter09.DoolittleClosure,project,false,true,true,raw/direct_dependencies.csv.gz,2186348
C06,path,3,NumStability.higham9_3_rectRoundedLoop_square_to_LUBackwardError_source,NumStability.Source.Higham.Chapter09.DoolittleClosure,NumStability.higham9_3_rectRoundedLoop_source_backward_error,NumStability.Source.Higham.Chapter09.DoolittleClosure,project,false,true,true,raw/direct_dependencies.csv.gz,2186648
C06,path,4,NumStability.higham9_3_rectRoundedLoop_source_backward_error,NumStability.Source.Higham.Chapter09.DoolittleClosure,NumStability.higham9_2_rectRoundedLoopSourceCertificate,NumStability.Source.Higham.Chapter09.DoolittleClosure,project,false,true,true,raw/direct_dependencies.csv.gz,2186155
C06,path,5,NumStability.higham9_2_rectRoundedLoopSourceCertificate,NumStability.Source.Higham.Chapter09.DoolittleClosure,NumStability.higham9_2_rectFlDoolittleLEntry_source_residual_abs_le,NumStability.Source.Higham.Chapter09.DoolittleClosure,project,false,true,true,raw/direct_dependencies.csv.gz,2188007
C06,path,6,NumStability.higham9_2_rectFlDoolittleLEntry_source_residual_abs_le,NumStability.Source.Higham.Chapter09.DoolittleClosure,NumStability.higham9_2_flMulSubFold_div_source_residual_abs_le,NumStability.Source.Higham.Chapter09.DoolittleClosure,project,false,true,true,raw/direct_dependencies.csv.gz,2185396
C06,path,7,NumStability.higham9_2_flMulSubFold_div_source_residual_abs_le,NumStability.Source.Higham.Chapter09.DoolittleClosure,NumStability.gamma_mul,NumStability.Analysis.Rounding,project,false,true,false,raw/direct_dependencies.csv.gz,2185335
C06,branch,branch,NumStability.higham12_6_rectRoundedLoop_lu_solve_SolverWBound_source,NumStability.Source.Higham.CrossChapter.LUSolverWeights.Doolittle,NumStability.higham12_1_SolverWBound,NumStability.Source.Higham.Chapter12.IterativeRefinement.Results.Theorems,project,true,true,false,raw/direct_dependencies.csv.gz,3962249
C06,branch,branch,NumStability.higham12_6_lu_solve_SolverWBound,NumStability.Source.Higham.CrossChapter.LUSolverWeights.Factorization,NumStability.higham9_4_lu_solve_backward_error,NumStability.Source.Higham.Chapter09.Section03,project,false,true,false,raw/direct_dependencies.csv.gz,3962677
C06,branch,branch,NumStability.higham12_6_lu_solve_SolverWBound,NumStability.Source.Higham.CrossChapter.LUSolverWeights.Factorization,NumStability.higham12_1_SolverWBound,NumStability.Source.Higham.Chapter12.IterativeRefinement.Results.Theorems,project,true,true,false,raw/direct_dependencies.csv.gz,3962652
C07,path,1,NumStability.Ch22B.ch22b_horner_derivative_error_via_higham5_7,NumStability.Source.Higham.Chapter22.Section03.RealRefinement,NumStability.fl_hornerDerivativeDesc_snd_forward_error_bound_coupled,NumStability.Algorithms.PolynomialEvaluation.DerivativeEvaluation.ErrorBounds,project,false,true,false,raw/direct_dependencies.csv.gz,3371548
C07,path,2,NumStability.fl_hornerDerivativeDesc_snd_forward_error_bound_coupled,NumStability.Algorithms.PolynomialEvaluation.DerivativeEvaluation.ErrorBounds,NumStability.gamma_nonneg,NumStability.Analysis.Rounding,project,false,true,false,raw/direct_dependencies.csv.gz,1793393
C08,path,1,NumStability.cholesky_solve_spd_backward_stable,NumStability.Algorithms.LinearSystems.Cholesky.Solve.Basic,NumStability.cholesky_solve_backward_error,NumStability.Algorithms.LinearSystems.Cholesky.Solve.Basic,project,false,true,true,raw/direct_dependencies.csv.gz,283811
C08,path,2,NumStability.cholesky_solve_backward_error,NumStability.Algorithms.LinearSystems.Cholesky.Solve.Basic,NumStability.cholesky_solve_backward_error_expanded,NumStability.Algorithms.LinearSystems.Cholesky.Solve.Basic,project,false,true,true,raw/direct_dependencies.csv.gz,284359
C08,path,3,NumStability.cholesky_solve_backward_error_expanded,NumStability.Algorithms.LinearSystems.Cholesky.Solve.Basic,NumStability.backSub_backward_error,NumStability.Algorithms.LinearSystems.Triangular.BackSubstitution,project,false,true,false,raw/direct_dependencies.csv.gz,283978
C08,path,4,NumStability.backSub_backward_error,NumStability.Algorithms.LinearSystems.Triangular.BackSubstitution,NumStability.backSub_row_tight,NumStability.Algorithms.LinearSystems.Triangular.BackSubstitution,project,false,true,true,raw/direct_dependencies.csv.gz,181207
C08,path,5,NumStability.backSub_row_tight,NumStability.Algorithms.LinearSystems.Triangular.BackSubstitution,NumStability.gamma_mul,NumStability.Analysis.Rounding,project,false,true,false,raw/direct_dependencies.csv.gz,186146
C09,path,1,NumStability.RectLSNormalEquations.isLeastSquaresMinimizer,NumStability.Algorithms.LinearSystems.LeastSquares.NormalEquations,NumStability.RectLSNormalEquations.residual_orthogonal,NumStability.Algorithms.LinearSystems.LeastSquares.NormalEquations,project,false,true,true,raw/direct_dependencies.csv.gz,431666
C09,path,2,NumStability.RectLSNormalEquations.residual_orthogonal,NumStability.Algorithms.LinearSystems.LeastSquares.NormalEquations,NumStability.RectLSNormalEquations.iff_residual_orthogonal,NumStability.Algorithms.LinearSystems.LeastSquares.NormalEquations,project,false,true,true,raw/direct_dependencies.csv.gz,431360
C09,branch,branch,NumStability.RectLSNormalEquations.isLeastSquaresMinimizer,NumStability.Algorithms.LinearSystems.LeastSquares.NormalEquations,NumStability.vecNorm2Sq_nonneg,NumStability.Analysis.MatrixAlgebra,project,false,true,false,raw/direct_dependencies.csv.gz,431578
C10,path,1,NumStability.condOneNumber_ge_scaled_estimator,NumStability.Analysis.ConditionEstimatorLowerBound,NumStability.lapackNormEstimator_lower_bound,NumStability.Algorithms.CondEstimation,project,false,true,false,raw/direct_dependencies.csv.gz,1925742
C11,path,1,NumStability.complexMatrixLpNorm_upper_bound_by_columnMax_lpNorm,NumStability.Analysis.MatrixNorms.Lp,NumStability.complexVecOneNorm_le_card_rpow_mul_complexVecLpNorm,NumStability.Analysis.VectorNorms.Basic,project,false,true,false,raw/direct_dependencies.csv.gz,299750
C11,path,2,NumStability.complexVecOneNorm_le_card_rpow_mul_complexVecLpNorm,NumStability.Analysis.VectorNorms.Basic,NumStability.complexVecLpNorm,NumStability.Analysis.VectorNorms.Basic,project,true,true,true,raw/direct_dependencies.csv.gz,244984
C12,path,1,NumStability.higham24_theorem24_3_literal_forward_error_multiple_kappa_u,NumStability.Source.Higham.Chapter24.CirculantForwardError,NumStability.higham24_theorem24_3_literal_quadraticRemainder,NumStability.Source.Higham.Chapter24.StructuredMixedStability,project,false,true,false,raw/direct_dependencies.csv.gz,3405619
C12,path,2,NumStability.higham24_theorem24_3_literal_quadraticRemainder,NumStability.Source.Higham.Chapter24.StructuredMixedStability,NumStability.higham24_theorem24_3_literal_firstOrder,NumStability.Source.Higham.Chapter24.StructuredMixedStability,project,false,true,true,raw/direct_dependencies.csv.gz,3403277
C12,path,3,NumStability.higham24_theorem24_3_literal_firstOrder,NumStability.Source.Higham.Chapter24.StructuredMixedStability,NumStability.higham24_theorem24_3_literal_exactRadii,NumStability.Source.Higham.Chapter24.StructuredMixedStability,project,false,true,true,raw/direct_dependencies.csv.gz,3401065
C12,path,4,NumStability.higham24_theorem24_3_literal_exactRadii,NumStability.Source.Higham.Chapter24.StructuredMixedStability,NumStability.higham24_literalGeneratorPerturbation_norm_le,NumStability.Source.Higham.Chapter24.StructuredMixedStability,project,false,true,true,raw/direct_dependencies.csv.gz,3400997
C12,path,5,NumStability.higham24_literalGeneratorPerturbation_norm_le,NumStability.Source.Higham.Chapter24.StructuredMixedStability,NumStability.higham24_literalScalingInverse_norm_le,NumStability.Source.Higham.Chapter24.StructuredMixedStability,project,false,true,true,raw/direct_dependencies.csv.gz,3403770
C12,path,6,NumStability.higham24_literalScalingInverse_norm_le,NumStability.Source.Higham.Chapter24.StructuredMixedStability,NumStability.higham24_diagonalSolveRelativeError_spec,NumStability.Source.Higham.Chapter24.RoundedDiagonalSolve,project,false,true,false,raw/direct_dependencies.csv.gz,3402522
C12,path,7,NumStability.higham24_diagonalSolveRelativeError_spec,NumStability.Source.Higham.Chapter24.RoundedDiagonalSolve,NumStability.fl_complexDiv_rel_error_model,NumStability.Analysis.ComplexArithmetic,project,false,true,false,raw/direct_dependencies.csv.gz,3397887
C12,path,8,NumStability.fl_complexDiv_rel_error_model,NumStability.Analysis.ComplexArithmetic,NumStability.fl_complexDiv_error_bound,NumStability.Analysis.ComplexArithmetic,project,false,true,true,raw/direct_dependencies.csv.gz,1797632
C12,path,9,NumStability.fl_complexDiv_error_bound,NumStability.Analysis.ComplexArithmetic,NumStability.fl_complexDiv_normSq_error_le,NumStability.Analysis.ComplexArithmetic,project,false,true,true,raw/direct_dependencies.csv.gz,1803613
C12,path,10,NumStability.fl_complexDiv_normSq_error_le,NumStability.Analysis.ComplexArithmetic,NumStability.fl_complexDiv_im_exact_error_le_gamma4,NumStability.Analysis.ComplexArithmetic,project,false,true,true,raw/direct_dependencies.csv.gz,1805613
C12,path,11,NumStability.fl_complexDiv_im_exact_error_le_gamma4,NumStability.Analysis.ComplexArithmetic,NumStability.fl_complexDiv_im_error_le_gamma4,NumStability.Analysis.ComplexArithmetic,project,false,true,true,raw/direct_dependencies.csv.gz,1798782
C12,path,12,NumStability.fl_complexDiv_im_error_le_gamma4,NumStability.Analysis.ComplexArithmetic,NumStability.fl_complexDivDen_error_le_gamma2,NumStability.Analysis.ComplexArithmetic,project,false,true,true,raw/direct_dependencies.csv.gz,1799137
C12,path,13,NumStability.fl_complexDivDen_error_le_gamma2,NumStability.Analysis.ComplexArithmetic,NumStability.fl_mul_add_error_le_gamma2,NumStability.Analysis.ComplexArithmetic,project,false,true,true,raw/direct_dependencies.csv.gz,1801546
C12,path,14,NumStability.fl_mul_add_error_le_gamma2,NumStability.Analysis.ComplexArithmetic,NumStability.FPModel.model_add,NumStability.FloatingPoint.Model,project,false,true,false,raw/direct_dependencies.csv.gz,1801299
