chain_id,step,source,source_module,target,target_module,occurs_in_type,occurs_in_body,edge_class,same_module,cross_layer,cross_domain,cross_chapter,dependency_relation,raw_artifact,raw_row_key
C01,1,NumStability.dotProduct_error_bound,NumStability.Algorithms.DotProduct,NumStability.fl_sum_error_init,NumStability.Analysis.Summation.ErrorBounds,false,true,body,false,true,true,false,direct adjacent edge; chain start-to-later node is transitive when step > 1,current_graph/metrics/direct_project_dependencies.csv.gz,NumStability.dotProduct_error_bound -> NumStability.fl_sum_error_init
C02,1,NumStability.forwardSub_backward_error,NumStability.Algorithms.LinearSystems.Triangular.ForwardSubstitution,NumStability.gamma_nonneg,NumStability.Analysis.Rounding,false,true,body,false,true,true,false,direct adjacent edge; chain start-to-later node is transitive when step > 1,current_graph/metrics/direct_project_dependencies.csv.gz,NumStability.forwardSub_backward_error -> NumStability.gamma_nonneg
C02,2,NumStability.gamma_nonneg,NumStability.Analysis.Rounding,NumStability.FPModel.u_nonneg,NumStability.FloatingPoint.Model,false,true,body,false,true,false,false,direct adjacent edge; chain start-to-later node is transitive when step > 1,current_graph/metrics/direct_project_dependencies.csv.gz,NumStability.gamma_nonneg -> NumStability.FPModel.u_nonneg
C03,1,NumStability.matMul_error_bound,NumStability.Algorithms.MatMul,NumStability.matVec_error_bound,NumStability.Algorithms.MatVec,false,true,body,false,false,true,false,direct adjacent edge; chain start-to-later node is transitive when step > 1,current_graph/metrics/direct_project_dependencies.csv.gz,NumStability.matMul_error_bound -> NumStability.matVec_error_bound
C03,2,NumStability.matVec_error_bound,NumStability.Algorithms.MatVec,NumStability.dotProduct_error_bound,NumStability.Algorithms.DotProduct,false,true,body,false,false,false,false,direct adjacent edge; chain start-to-later node is transitive when step > 1,current_graph/metrics/direct_project_dependencies.csv.gz,NumStability.matVec_error_bound -> NumStability.dotProduct_error_bound
C03,3,NumStability.dotProduct_error_bound,NumStability.Algorithms.DotProduct,NumStability.fl_sum_error_init,NumStability.Analysis.Summation.ErrorBounds,false,true,body,false,true,true,false,direct adjacent edge; chain start-to-later node is transitive when step > 1,current_graph/metrics/direct_project_dependencies.csv.gz,NumStability.dotProduct_error_bound -> NumStability.fl_sum_error_init
C03,4,NumStability.fl_sum_error_init,NumStability.Analysis.Summation.ErrorBounds,NumStability.FPModel.model_add,NumStability.FloatingPoint.Model,false,true,body,false,true,true,false,direct adjacent edge; chain start-to-later node is transitive when step > 1,current_graph/metrics/direct_project_dependencies.csv.gz,NumStability.fl_sum_error_init -> NumStability.FPModel.model_add
C04,1,NumStability.inversion_residual_bound,NumStability.Algorithms.MatrixInversion.Residuals.MatrixInversion,NumStability.matVec_backward_error,NumStability.Algorithms.MatVec,false,true,body,false,false,true,false,direct adjacent edge; chain start-to-later node is transitive when step > 1,current_graph/metrics/direct_project_dependencies.csv.gz,NumStability.inversion_residual_bound -> NumStability.matVec_backward_error
C04,2,NumStability.matVec_backward_error,NumStability.Algorithms.MatVec,NumStability.dotProduct_backward_stable_x,NumStability.Algorithms.DotProduct,false,true,body,false,false,false,false,direct adjacent edge; chain start-to-later node is transitive when step > 1,current_graph/metrics/direct_project_dependencies.csv.gz,NumStability.matVec_backward_error -> NumStability.dotProduct_backward_stable_x
C04,3,NumStability.dotProduct_backward_stable_x,NumStability.Algorithms.DotProduct,NumStability.dotProduct_backward_error,NumStability.Algorithms.DotProduct,false,true,body,true,false,false,false,direct adjacent edge; chain start-to-later node is transitive when step > 1,current_graph/metrics/direct_project_dependencies.csv.gz,NumStability.dotProduct_backward_stable_x -> NumStability.dotProduct_backward_error
C04,4,NumStability.dotProduct_backward_error,NumStability.Algorithms.DotProduct,NumStability.fl_sum_error_init,NumStability.Analysis.Summation.ErrorBounds,false,true,body,false,true,true,false,direct adjacent edge; chain start-to-later node is transitive when step > 1,current_graph/metrics/direct_project_dependencies.csv.gz,NumStability.dotProduct_backward_error -> NumStability.fl_sum_error_init
C04,5,NumStability.fl_sum_error_init,NumStability.Analysis.Summation.ErrorBounds,NumStability.FPModel.model_add,NumStability.FloatingPoint.Model,false,true,body,false,true,true,false,direct adjacent edge; chain start-to-later node is transitive when step > 1,current_graph/metrics/direct_project_dependencies.csv.gz,NumStability.fl_sum_error_init -> NumStability.FPModel.model_add
C05,1,NumStability.fl_householderQR_solve_backward_error_gammaHigham_closedInputBounds_of_global_gammaValid,NumStability.Algorithms.LinearSystems.QR.QRSolve,NumStability.fl_householderQR_R_frobNorm_le_gammaHigham_of_global_gammaValid,NumStability.Algorithms.LinearSystems.QR.HouseholderQR,false,true,body,false,false,false,false,direct adjacent edge; chain start-to-later node is transitive when step > 1,current_graph/metrics/direct_project_dependencies.csv.gz,NumStability.fl_householderQR_solve_backward_error_gammaHigham_closedInputBounds_of_global_gammaValid -> NumStability.fl_householderQR_R_frobNorm_le_gammaHigham_of_global_gammaValid
C05,2,NumStability.fl_householderQR_R_frobNorm_le_gammaHigham_of_global_gammaValid,NumStability.Algorithms.LinearSystems.QR.HouseholderQR,NumStability.fl_householderQR_witness_explicit_backward_error_gammaHigham_of_global_gammaValid,NumStability.Algorithms.LinearSystems.QR.HouseholderQR,false,true,body,true,false,false,false,direct adjacent edge; chain start-to-later node is transitive when step > 1,current_graph/metrics/direct_project_dependencies.csv.gz,NumStability.fl_householderQR_R_frobNorm_le_gammaHigham_of_global_gammaValid -> NumStability.fl_householderQR_witness_explicit_backward_error_gammaHigham_of_global_gammaValid
C05,3,NumStability.fl_householderQR_witness_explicit_backward_error_gammaHigham_of_global_gammaValid,NumStability.Algorithms.LinearSystems.QR.HouseholderQR,NumStability.fl_householderQR_witness_explicit_backward_error_of_global_gammaValid,NumStability.Algorithms.LinearSystems.QR.HouseholderQR,false,true,body,true,false,false,false,direct adjacent edge; chain start-to-later node is transitive when step > 1,current_graph/metrics/direct_project_dependencies.csv.gz,NumStability.fl_householderQR_witness_explicit_backward_error_gammaHigham_of_global_gammaValid -> NumStability.fl_householderQR_witness_explicit_backward_error_of_global_gammaValid
C05,4,NumStability.fl_householderQR_witness_explicit_backward_error_of_global_gammaValid,NumStability.Algorithms.LinearSystems.QR.HouseholderQR,NumStability.fl_householderQRPanel_R_explicit_backward_error,NumStability.Algorithms.LinearSystems.QR.HouseholderQR,false,true,body,true,false,false,false,direct adjacent edge; chain start-to-later node is transitive when step > 1,current_graph/metrics/direct_project_dependencies.csv.gz,NumStability.fl_householderQR_witness_explicit_backward_error_of_global_gammaValid -> NumStability.fl_householderQRPanel_R_explicit_backward_error
C05,5,NumStability.fl_householderQRPanel_R_explicit_backward_error,NumStability.Algorithms.LinearSystems.QR.HouseholderQR,NumStability.fl_householder_first_column_panel_step_error,NumStability.Algorithms.LinearSystems.QR.HouseholderQR,false,true,body,true,false,false,false,direct adjacent edge; chain start-to-later node is transitive when step > 1,current_graph/metrics/direct_project_dependencies.csv.gz,NumStability.fl_householderQRPanel_R_explicit_backward_error -> NumStability.fl_householder_first_column_panel_step_error
C05,6,NumStability.fl_householder_first_column_panel_step_error,NumStability.Algorithms.LinearSystems.QR.HouseholderQR,NumStability.fl_householderConstructApply_matrix_step_error_rect,NumStability.Algorithms.LinearSystems.QR.HouseholderMatrixStep,false,true,body,false,false,false,false,direct adjacent edge; chain start-to-later node is transitive when step > 1,current_graph/metrics/direct_project_dependencies.csv.gz,NumStability.fl_householder_first_column_panel_step_error -> NumStability.fl_householderConstructApply_matrix_step_error_rect
C05,7,NumStability.fl_householderConstructApply_matrix_step_error_rect,NumStability.Algorithms.LinearSystems.QR.HouseholderMatrixStep,NumStability.fl_householderConstructApply_appError,NumStability.Algorithms.LinearSystems.QR.HouseholderOneStep,false,true,body,false,false,false,false,direct adjacent edge; chain start-to-later node is transitive when step > 1,current_graph/metrics/direct_project_dependencies.csv.gz,NumStability.fl_householderConstructApply_matrix_step_error_rect -> NumStability.fl_householderConstructApply_appError
C05,8,NumStability.fl_householderConstructApply_appError,NumStability.Algorithms.LinearSystems.QR.HouseholderOneStep,NumStability.fl_householderVectorError,NumStability.Algorithms.LinearSystems.QR.HouseholderReflector,false,true,body,false,false,false,false,direct adjacent edge; chain start-to-later node is transitive when step > 1,current_graph/metrics/direct_project_dependencies.csv.gz,NumStability.fl_householderConstructApply_appError -> NumStability.fl_householderVectorError
C05,9,NumStability.fl_householderVectorError,NumStability.Algorithms.LinearSystems.QR.HouseholderReflector,NumStability.fl_householderConstructionError,NumStability.Algorithms.LinearSystems.QR.HouseholderReflector,false,true,body,true,false,false,false,direct adjacent edge; chain start-to-later node is transitive when step > 1,current_graph/metrics/direct_project_dependencies.csv.gz,NumStability.fl_householderVectorError -> NumStability.fl_householderConstructionError
C05,10,NumStability.fl_householderConstructionError,NumStability.Algorithms.LinearSystems.QR.HouseholderReflector,NumStability.fl_householderVector_zero_relative_error,NumStability.Algorithms.LinearSystems.QR.HouseholderReflector,false,true,body,true,false,false,false,direct adjacent edge; chain start-to-later node is transitive when step > 1,current_graph/metrics/direct_project_dependencies.csv.gz,NumStability.fl_householderConstructionError -> NumStability.fl_householderVector_zero_relative_error
C05,11,NumStability.fl_householderVector_zero_relative_error,NumStability.Algorithms.LinearSystems.QR.HouseholderReflector,NumStability.fl_householderScale_relative_error,NumStability.Algorithms.LinearSystems.QR.HouseholderReflector,false,true,body,true,false,false,false,direct adjacent edge; chain start-to-later node is transitive when step > 1,current_graph/metrics/direct_project_dependencies.csv.gz,NumStability.fl_householderVector_zero_relative_error -> NumStability.fl_householderScale_relative_error
C05,12,NumStability.fl_householderScale_relative_error,NumStability.Algorithms.LinearSystems.QR.HouseholderReflector,NumStability.fl_norm2_relative_error,NumStability.Algorithms.Norm2,false,true,body,false,false,true,false,direct adjacent edge; chain start-to-later node is transitive when step > 1,current_graph/metrics/direct_project_dependencies.csv.gz,NumStability.fl_householderScale_relative_error -> NumStability.fl_norm2_relative_error
C05,13,NumStability.fl_norm2_relative_error,NumStability.Algorithms.Norm2,NumStability.fl_norm2_relative_error_sqrt_factor,NumStability.Algorithms.Norm2,false,true,body,true,false,false,false,direct adjacent edge; chain start-to-later node is transitive when step > 1,current_graph/metrics/direct_project_dependencies.csv.gz,NumStability.fl_norm2_relative_error -> NumStability.fl_norm2_relative_error_sqrt_factor
C05,14,NumStability.fl_norm2_relative_error_sqrt_factor,NumStability.Algorithms.Norm2,NumStability.FPModel.model_sqrt,NumStability.FloatingPoint.Model,false,true,body,false,true,true,false,direct adjacent edge; chain start-to-later node is transitive when step > 1,current_graph/metrics/direct_project_dependencies.csv.gz,NumStability.fl_norm2_relative_error_sqrt_factor -> NumStability.FPModel.model_sqrt
C06,1,NumStability.higham12_6_rectRoundedLoop_lu_solve_SolverWBound_source,NumStability.Source.Higham.CrossChapter.LUSolverWeights.Doolittle,NumStability.higham9_4_rectRoundedLoop_square_lu_solve_backward_error_source,NumStability.Source.Higham.Chapter09.DoolittleClosure,false,true,body,false,false,true,false,direct adjacent edge; chain start-to-later node is transitive when step > 1,current_graph/metrics/direct_project_dependencies.csv.gz,NumStability.higham12_6_rectRoundedLoop_lu_solve_SolverWBound_source -> NumStability.higham9_4_rectRoundedLoop_square_lu_solve_backward_error_source
C06,2,NumStability.higham9_4_rectRoundedLoop_square_lu_solve_backward_error_source,NumStability.Source.Higham.Chapter09.DoolittleClosure,NumStability.higham9_3_rectRoundedLoop_square_to_LUBackwardError_source,NumStability.Source.Higham.Chapter09.DoolittleClosure,false,true,body,true,false,false,false,direct adjacent edge; chain start-to-later node is transitive when step > 1,current_graph/metrics/direct_project_dependencies.csv.gz,NumStability.higham9_4_rectRoundedLoop_square_lu_solve_backward_error_source -> NumStability.higham9_3_rectRoundedLoop_square_to_LUBackwardError_source
C06,3,NumStability.higham9_3_rectRoundedLoop_square_to_LUBackwardError_source,NumStability.Source.Higham.Chapter09.DoolittleClosure,NumStability.higham9_3_rectRoundedLoop_source_backward_error,NumStability.Source.Higham.Chapter09.DoolittleClosure,false,true,body,true,false,false,false,direct adjacent edge; chain start-to-later node is transitive when step > 1,current_graph/metrics/direct_project_dependencies.csv.gz,NumStability.higham9_3_rectRoundedLoop_square_to_LUBackwardError_source -> NumStability.higham9_3_rectRoundedLoop_source_backward_error
C06,4,NumStability.higham9_3_rectRoundedLoop_source_backward_error,NumStability.Source.Higham.Chapter09.DoolittleClosure,NumStability.higham9_2_rectRoundedLoopSourceCertificate,NumStability.Source.Higham.Chapter09.DoolittleClosure,false,true,body,true,false,false,false,direct adjacent edge; chain start-to-later node is transitive when step > 1,current_graph/metrics/direct_project_dependencies.csv.gz,NumStability.higham9_3_rectRoundedLoop_source_backward_error -> NumStability.higham9_2_rectRoundedLoopSourceCertificate
C06,5,NumStability.higham9_2_rectRoundedLoopSourceCertificate,NumStability.Source.Higham.Chapter09.DoolittleClosure,NumStability.higham9_2_rectFlDoolittleLEntry_source_residual_abs_le,NumStability.Source.Higham.Chapter09.DoolittleClosure,false,true,body,true,false,false,false,direct adjacent edge; chain start-to-later node is transitive when step > 1,current_graph/metrics/direct_project_dependencies.csv.gz,NumStability.higham9_2_rectRoundedLoopSourceCertificate -> NumStability.higham9_2_rectFlDoolittleLEntry_source_residual_abs_le
C06,6,NumStability.higham9_2_rectFlDoolittleLEntry_source_residual_abs_le,NumStability.Source.Higham.Chapter09.DoolittleClosure,NumStability.higham9_2_flMulSubFold_div_source_residual_abs_le,NumStability.Source.Higham.Chapter09.DoolittleClosure,false,true,body,true,false,false,false,direct adjacent edge; chain start-to-later node is transitive when step > 1,current_graph/metrics/direct_project_dependencies.csv.gz,NumStability.higham9_2_rectFlDoolittleLEntry_source_residual_abs_le -> NumStability.higham9_2_flMulSubFold_div_source_residual_abs_le
C06,7,NumStability.higham9_2_flMulSubFold_div_source_residual_abs_le,NumStability.Source.Higham.Chapter09.DoolittleClosure,NumStability.gamma_mul,NumStability.Analysis.Rounding,false,true,body,false,true,true,false,direct adjacent edge; chain start-to-later node is transitive when step > 1,current_graph/metrics/direct_project_dependencies.csv.gz,NumStability.higham9_2_flMulSubFold_div_source_residual_abs_le -> NumStability.gamma_mul
C07,1,NumStability.Ch22B.ch22b_horner_derivative_error_via_higham5_7,NumStability.Source.Higham.Chapter22.Section03.RealRefinement,NumStability.fl_hornerDerivativeDesc_snd_forward_error_bound_coupled,NumStability.Algorithms.PolynomialEvaluation.DerivativeEvaluation.ErrorBounds,false,true,body,false,true,true,false,direct adjacent edge; chain start-to-later node is transitive when step > 1,current_graph/metrics/direct_project_dependencies.csv.gz,NumStability.Ch22B.ch22b_horner_derivative_error_via_higham5_7 -> NumStability.fl_hornerDerivativeDesc_snd_forward_error_bound_coupled
C07,2,NumStability.fl_hornerDerivativeDesc_snd_forward_error_bound_coupled,NumStability.Algorithms.PolynomialEvaluation.DerivativeEvaluation.ErrorBounds,NumStability.gamma_nonneg,NumStability.Analysis.Rounding,false,true,body,false,true,true,false,direct adjacent edge; chain start-to-later node is transitive when step > 1,current_graph/metrics/direct_project_dependencies.csv.gz,NumStability.fl_hornerDerivativeDesc_snd_forward_error_bound_coupled -> NumStability.gamma_nonneg
C08,1,NumStability.cholesky_solve_spd_backward_stable,NumStability.Algorithms.LinearSystems.Cholesky.Solve.Basic,NumStability.cholesky_solve_backward_error,NumStability.Algorithms.LinearSystems.Cholesky.Solve.Basic,false,true,body,true,false,false,false,direct adjacent edge; chain start-to-later node is transitive when step > 1,current_graph/metrics/direct_project_dependencies.csv.gz,NumStability.cholesky_solve_spd_backward_stable -> NumStability.cholesky_solve_backward_error
C08,2,NumStability.cholesky_solve_backward_error,NumStability.Algorithms.LinearSystems.Cholesky.Solve.Basic,NumStability.cholesky_solve_backward_error_expanded,NumStability.Algorithms.LinearSystems.Cholesky.Solve.Basic,false,true,body,true,false,false,false,direct adjacent edge; chain start-to-later node is transitive when step > 1,current_graph/metrics/direct_project_dependencies.csv.gz,NumStability.cholesky_solve_backward_error -> NumStability.cholesky_solve_backward_error_expanded
C08,3,NumStability.cholesky_solve_backward_error_expanded,NumStability.Algorithms.LinearSystems.Cholesky.Solve.Basic,NumStability.backSub_backward_error,NumStability.Algorithms.LinearSystems.Triangular.BackSubstitution,false,true,body,false,false,true,false,direct adjacent edge; chain start-to-later node is transitive when step > 1,current_graph/metrics/direct_project_dependencies.csv.gz,NumStability.cholesky_solve_backward_error_expanded -> NumStability.backSub_backward_error
C08,4,NumStability.backSub_backward_error,NumStability.Algorithms.LinearSystems.Triangular.BackSubstitution,NumStability.backSub_row_tight,NumStability.Algorithms.LinearSystems.Triangular.BackSubstitution,false,true,body,true,false,false,false,direct adjacent edge; chain start-to-later node is transitive when step > 1,current_graph/metrics/direct_project_dependencies.csv.gz,NumStability.backSub_backward_error -> NumStability.backSub_row_tight
C08,5,NumStability.backSub_row_tight,NumStability.Algorithms.LinearSystems.Triangular.BackSubstitution,NumStability.gamma_mul,NumStability.Analysis.Rounding,false,true,body,false,true,true,false,direct adjacent edge; chain start-to-later node is transitive when step > 1,current_graph/metrics/direct_project_dependencies.csv.gz,NumStability.backSub_row_tight -> NumStability.gamma_mul
C09,1,NumStability.RectLSNormalEquations.isLeastSquaresMinimizer,NumStability.Algorithms.LinearSystems.LeastSquares.NormalEquations,NumStability.RectLSNormalEquations.residual_orthogonal,NumStability.Algorithms.LinearSystems.LeastSquares.NormalEquations,false,true,body,true,false,false,false,direct adjacent edge; chain start-to-later node is transitive when step > 1,current_graph/metrics/direct_project_dependencies.csv.gz,NumStability.RectLSNormalEquations.isLeastSquaresMinimizer -> NumStability.RectLSNormalEquations.residual_orthogonal
C09,2,NumStability.RectLSNormalEquations.residual_orthogonal,NumStability.Algorithms.LinearSystems.LeastSquares.NormalEquations,NumStability.RectLSNormalEquations.iff_residual_orthogonal,NumStability.Algorithms.LinearSystems.LeastSquares.NormalEquations,false,true,body,true,false,false,false,direct adjacent edge; chain start-to-later node is transitive when step > 1,current_graph/metrics/direct_project_dependencies.csv.gz,NumStability.RectLSNormalEquations.residual_orthogonal -> NumStability.RectLSNormalEquations.iff_residual_orthogonal
C10,1,NumStability.condOneNumber_ge_scaled_estimator,NumStability.Analysis.ConditionEstimatorLowerBound,NumStability.lapackNormEstimator_lower_bound,NumStability.Algorithms.CondEstimation,false,true,body,false,true,true,false,direct adjacent edge; chain start-to-later node is transitive when step > 1,current_graph/metrics/direct_project_dependencies.csv.gz,NumStability.condOneNumber_ge_scaled_estimator -> NumStability.lapackNormEstimator_lower_bound
C11,1,NumStability.complexMatrixLpNorm_upper_bound_by_columnMax_lpNorm,NumStability.Analysis.MatrixNorms.Lp,NumStability.complexVecOneNorm_le_card_rpow_mul_complexVecLpNorm,NumStability.Analysis.VectorNorms.Basic,false,true,body,false,false,false,false,direct adjacent edge; chain start-to-later node is transitive when step > 1,current_graph/metrics/direct_project_dependencies.csv.gz,NumStability.complexMatrixLpNorm_upper_bound_by_columnMax_lpNorm -> NumStability.complexVecOneNorm_le_card_rpow_mul_complexVecLpNorm
C11,2,NumStability.complexVecOneNorm_le_card_rpow_mul_complexVecLpNorm,NumStability.Analysis.VectorNorms.Basic,NumStability.complexVecLpNorm,NumStability.Analysis.VectorNorms.Basic,true,true,both,true,false,false,false,direct adjacent edge; chain start-to-later node is transitive when step > 1,current_graph/metrics/direct_project_dependencies.csv.gz,NumStability.complexVecOneNorm_le_card_rpow_mul_complexVecLpNorm -> NumStability.complexVecLpNorm
C12,1,NumStability.higham24_theorem24_3_literal_forward_error_multiple_kappa_u,NumStability.Source.Higham.Chapter24.CirculantForwardError,NumStability.higham24_theorem24_3_literal_quadraticRemainder,NumStability.Source.Higham.Chapter24.StructuredMixedStability,false,true,body,false,false,true,false,direct adjacent edge; chain start-to-later node is transitive when step > 1,current_graph/metrics/direct_project_dependencies.csv.gz,NumStability.higham24_theorem24_3_literal_forward_error_multiple_kappa_u -> NumStability.higham24_theorem24_3_literal_quadraticRemainder
C12,2,NumStability.higham24_theorem24_3_literal_quadraticRemainder,NumStability.Source.Higham.Chapter24.StructuredMixedStability,NumStability.higham24_theorem24_3_literal_firstOrder,NumStability.Source.Higham.Chapter24.StructuredMixedStability,false,true,body,true,false,false,false,direct adjacent edge; chain start-to-later node is transitive when step > 1,current_graph/metrics/direct_project_dependencies.csv.gz,NumStability.higham24_theorem24_3_literal_quadraticRemainder -> NumStability.higham24_theorem24_3_literal_firstOrder
C12,3,NumStability.higham24_theorem24_3_literal_firstOrder,NumStability.Source.Higham.Chapter24.StructuredMixedStability,NumStability.higham24_theorem24_3_literal_exactRadii,NumStability.Source.Higham.Chapter24.StructuredMixedStability,false,true,body,true,false,false,false,direct adjacent edge; chain start-to-later node is transitive when step > 1,current_graph/metrics/direct_project_dependencies.csv.gz,NumStability.higham24_theorem24_3_literal_firstOrder -> NumStability.higham24_theorem24_3_literal_exactRadii
C12,4,NumStability.higham24_theorem24_3_literal_exactRadii,NumStability.Source.Higham.Chapter24.StructuredMixedStability,NumStability.higham24_literalGeneratorPerturbation_norm_le,NumStability.Source.Higham.Chapter24.StructuredMixedStability,false,true,body,true,false,false,false,direct adjacent edge; chain start-to-later node is transitive when step > 1,current_graph/metrics/direct_project_dependencies.csv.gz,NumStability.higham24_theorem24_3_literal_exactRadii -> NumStability.higham24_literalGeneratorPerturbation_norm_le
C12,5,NumStability.higham24_literalGeneratorPerturbation_norm_le,NumStability.Source.Higham.Chapter24.StructuredMixedStability,NumStability.higham24_literalScalingInverse_norm_le,NumStability.Source.Higham.Chapter24.StructuredMixedStability,false,true,body,true,false,false,false,direct adjacent edge; chain start-to-later node is transitive when step > 1,current_graph/metrics/direct_project_dependencies.csv.gz,NumStability.higham24_literalGeneratorPerturbation_norm_le -> NumStability.higham24_literalScalingInverse_norm_le
C12,6,NumStability.higham24_literalScalingInverse_norm_le,NumStability.Source.Higham.Chapter24.StructuredMixedStability,NumStability.higham24_diagonalSolveRelativeError_spec,NumStability.Source.Higham.Chapter24.RoundedDiagonalSolve,false,true,body,false,false,false,false,direct adjacent edge; chain start-to-later node is transitive when step > 1,current_graph/metrics/direct_project_dependencies.csv.gz,NumStability.higham24_literalScalingInverse_norm_le -> NumStability.higham24_diagonalSolveRelativeError_spec
C12,7,NumStability.higham24_diagonalSolveRelativeError_spec,NumStability.Source.Higham.Chapter24.RoundedDiagonalSolve,NumStability.fl_complexDiv_rel_error_model,NumStability.Analysis.ComplexArithmetic,false,true,body,false,true,true,false,direct adjacent edge; chain start-to-later node is transitive when step > 1,current_graph/metrics/direct_project_dependencies.csv.gz,NumStability.higham24_diagonalSolveRelativeError_spec -> NumStability.fl_complexDiv_rel_error_model
C12,8,NumStability.fl_complexDiv_rel_error_model,NumStability.Analysis.ComplexArithmetic,NumStability.fl_complexDiv_error_bound,NumStability.Analysis.ComplexArithmetic,false,true,body,true,false,false,false,direct adjacent edge; chain start-to-later node is transitive when step > 1,current_graph/metrics/direct_project_dependencies.csv.gz,NumStability.fl_complexDiv_rel_error_model -> NumStability.fl_complexDiv_error_bound
C12,9,NumStability.fl_complexDiv_error_bound,NumStability.Analysis.ComplexArithmetic,NumStability.fl_complexDiv_normSq_error_le,NumStability.Analysis.ComplexArithmetic,false,true,body,true,false,false,false,direct adjacent edge; chain start-to-later node is transitive when step > 1,current_graph/metrics/direct_project_dependencies.csv.gz,NumStability.fl_complexDiv_error_bound -> NumStability.fl_complexDiv_normSq_error_le
C12,10,NumStability.fl_complexDiv_normSq_error_le,NumStability.Analysis.ComplexArithmetic,NumStability.fl_complexDiv_im_exact_error_le_gamma4,NumStability.Analysis.ComplexArithmetic,false,true,body,true,false,false,false,direct adjacent edge; chain start-to-later node is transitive when step > 1,current_graph/metrics/direct_project_dependencies.csv.gz,NumStability.fl_complexDiv_normSq_error_le -> NumStability.fl_complexDiv_im_exact_error_le_gamma4
C12,11,NumStability.fl_complexDiv_im_exact_error_le_gamma4,NumStability.Analysis.ComplexArithmetic,NumStability.fl_complexDiv_im_error_le_gamma4,NumStability.Analysis.ComplexArithmetic,false,true,body,true,false,false,false,direct adjacent edge; chain start-to-later node is transitive when step > 1,current_graph/metrics/direct_project_dependencies.csv.gz,NumStability.fl_complexDiv_im_exact_error_le_gamma4 -> NumStability.fl_complexDiv_im_error_le_gamma4
C12,12,NumStability.fl_complexDiv_im_error_le_gamma4,NumStability.Analysis.ComplexArithmetic,NumStability.fl_complexDivDen_error_le_gamma2,NumStability.Analysis.ComplexArithmetic,false,true,body,true,false,false,false,direct adjacent edge; chain start-to-later node is transitive when step > 1,current_graph/metrics/direct_project_dependencies.csv.gz,NumStability.fl_complexDiv_im_error_le_gamma4 -> NumStability.fl_complexDivDen_error_le_gamma2
C12,13,NumStability.fl_complexDivDen_error_le_gamma2,NumStability.Analysis.ComplexArithmetic,NumStability.fl_mul_add_error_le_gamma2,NumStability.Analysis.ComplexArithmetic,false,true,body,true,false,false,false,direct adjacent edge; chain start-to-later node is transitive when step > 1,current_graph/metrics/direct_project_dependencies.csv.gz,NumStability.fl_complexDivDen_error_le_gamma2 -> NumStability.fl_mul_add_error_le_gamma2
C12,14,NumStability.fl_mul_add_error_le_gamma2,NumStability.Analysis.ComplexArithmetic,NumStability.FPModel.model_add,NumStability.FloatingPoint.Model,false,true,body,false,true,true,false,direct adjacent edge; chain start-to-later node is transitive when step > 1,current_graph/metrics/direct_project_dependencies.csv.gz,NumStability.fl_mul_add_error_le_gamma2 -> NumStability.FPModel.model_add
